occupation,occupation_aliases
technical director,director of technical arts|technical supervisor|head of technical|technical and operations director|technical manager|head of technical department
metal drawing machine operator,wire drawer|forming machine operative|draw machine operator|metal drawing machine technician|draw machine operative|metal drawing machine operative|wiredrawing setter|wiredrawing machine tender|draw machine technician|wirer drawer machine operator|forming machine technician
precision device inspector,precision device quality control supervisor|precision device quality assurance supervisor|precision instrument quality control inspector|precision instrument inspector|precision instrument supervisor|precision device qc inspector|inspector of precision devices|inspector of precision instruments|precision device quality control inspector|precision instrument qc inspector
air traffic safety technician,air traffic safety electronics hardware specialist|air traffic safety electronics technician|air traffic safety electronics engineer|air traffic safety electronics software specialist|air traffic safety hardware specialist|air traffic safety software specialist|air traffic safety engineer
hospitality revenue manager,yield manager|hospitality yields manager|hospitality revenues manager|revenue manager
medical laboratory assistant,biomedical laboratory research assistant|clinical research assistant|assistant clinical researcher|assistant in medical laboratory|medical lab assistant|medical laboratory research assistant|biomedical laboratory assistant|assistant in biomedical laboratory
asphalt laboratory technician,"bitumen technician|asphalt production technical supervisor|aggregates and bitumen laboratory technician|technical supervisor, asphalt production|road surface laboratory technician|road surface technician|aggregates and asphalt laboratory technician|site technician, asphalt|site technician|bitumen production technician|asphalt technician|asphalt production technician|materials technician"
primary school teaching assistant,primary school ta|primary school assistant|primary school paraprofessional|elementary school teaching assistant|primary school teaching aide|primary school instructional assistant|primary education teaching assistant|teaching assistant in primary schools
physiotherapist,respiratory therapist|masseuse|rehabilitation therapist|occupational therapist|osteopath|physiotherapist manager|neurological physiotherapist|respiratory physiotherapist|chiropractor|physical therapist|occupational physiotherapist|eurythmy therapist|neuromuscular physiotherapist|health and well-being therapist|chiropractic therapist|cardiovascular physiotherapist|neuromusculoskeletal physiotherapist|remedial physiotherapist|neurodevelopmental physiotherapist|health promotion worker|sports physiotherapist|manipulative physiotherapist|hydrotherapist|bobath physiotherapist|business physiotherapist
performing arts theatre instructor,professor of theatre|acting school teacher|theatre instructor in performing arts school|acting school instructor|instructor in performing arts|conservatory theatre instructor|performing arts theater instructor|theatre instructor|conservatory theatre lecturer
hydrogenation machine operator,hydrogenation process operator|hydrogenation machine operative|hydrogenation operator|hydrogenator
pasta operator,pasta manufacturer|dry pasta production operator|pasta maker|pasta production operator|pasta products operator
tobacco shop manager,tobacco store manager|cigar store manager|cigarette shop manager|cigar shop manager|tobacconists shop manager|purveyor of tobacco and tobacco products|tobacconist store manager|cigar and cigarette shop manager|cigarette store manager|smokers products shop manager|tobacconist shop manager|pipe smokers shop manager|tobacconists store manager|cigar and cigarette store manager
"rental service representative in other machinery, equipment and tangible goods","rental sales desk supervisor in other machinery, equipment and tangible goods|rental sales desk clerk in other machinery, equipment and tangible goods|rental specialist in other machinery, equipment and tangible goods|rental sales assistant in other machinery, equipment and tangible goods|rental service worker in other machinery, equipment and tangible goods|rental sales manager in other machinery, equipment and tangible goods|rental service desk clerk in other machinery, equipment and tangible goods|rental service assistant in other machinery, equipment and tangible goods|rental sales desk agent in other machinery, equipment and tangible goods|rental service desk supervisor in other machinery, equipment and tangible goods|rental sales supervisor in other machinery, equipment and tangible goods|rental sales worker in other machinery, equipment and tangible goods|rental service team leader in other machinery, equipment and tangible goods|rental service desk agent in other machinery, equipment and tangible goods|rental service supervisor in other machinery, equipment and tangible goods|rental service manager in other machinery, equipment and tangible goods|rental sales team leader in other machinery, equipment and tangible goods|rental advisor in other machinery, equipment and tangible goods"
mine surveyor,mine planning surveyor|mine plan maker|planner of mining operations|mining surveyor|mine surveyors|mine operations surveyor|mine records keeper
food safety specialist,trainee food safety specialist|food quality controller|food production quality controller|assistant food safety specialist|food compliance manager (food safety)|food safety advisor|food scientist|haccp compliance manager|technical manager for food safety|food hygiene specialist|food safety monitor|senior food safety specialist|food safety consultant|food safety controller|food safety technician
land-based machinery technician,land-based machinery technicians|landbased machinery technician|land-based machinery mechanic
bus driver,private coach driver|bus operator|public bus operator|coach driver|bus driving operator|driver of bus|passenger driver|private bus operator|public bus driver|touristic bus driver|transit bus driver|schoolbus driver|public service vehicle operator|international bus driver|intercity bus driver
import export manager in meat and meat products,customs compliance manager in meat and meat products|assistant import export manager in meat and meat products|international trade compliance manager in meat and meat products|international trade manager in meat and meat products|senior import manager in meat and meat products|trainee import export manager in meat and meat products|senior import export manager in meat and meat products|graduate export manager in meat and meat products|trainee import manager in meat and meat products|graduate import manager in meat and meat products|trainee export manager in meat and meat products|senior export manager in meat and meat products|graduate import export manager in meat and meat products|assistant import manager in meat and meat products|assistant export manager in meat and meat products
housing policy officer,policy officer|housing policy analyst|affordable housing policy officer|housing policy development officer|senior housing policy officer|housing policy advisor|planning and housing|housing policy researcher|housing policy and strategy officer
head chef,chef de cuisine|industrial head chef|sous chef|kitchen manager|patron cuisinier|executive chef|master chef|master kitchen manager|managing partner head chef|head of kitchen|master chef
nonwoven filament machine operator,non woven filament machine operator|non woven yarn worker|non-woven yarn worker|nonwoven filament machinist|non-woven filament machine operator|nonwoven yarn worker
head of higher education institutions,rector for higher education institutions|university chancellor|rector of higher education
insulation supervisor,solid wall insulation installation supervisor|insulation installers supervisor|supervisor of installation of insulating materials|cavity wall insulation installation supervisor|loft insulation installation supervisor|supervisor of installation of insulation|supervisor of insulation materials installation
dismantling engineer,dismantling planner|disassembly planner|dismantling manager
insurance claims handler,claims adjuster|travelling insurance assessor|claims examiner|insurance claims analyst|civil damages inspector|claims inspector|insurance claims inspector|claims representative|insurance claims assessor|claims consultant|claims analyst|claims service supervisor|casualty insurance adjuster|claims handler|property and casualty insurance claims examiner|insurance claims consultant|claims processor|contract claims examiner|insurance claims processor|insurance claims examiner|insurance claims officer
clothing development manager,clothing product manager|clothes product developer|apparel product developer|clothing manager|sample room manager
medical writer,healthcare writer|medical information analyst|medical editor|regulatory medical writer|medical publications associate|medical technical writer|research medical writer
nitroglycerin separator operator,nitroglycerin separator operative|nitroglycerin- separator operative|nitro-separator operator|chemical equipment operative|nitroglycerin separator worker|nitroglycerin-separator tender|nitroglycerin-separator operator|nitroglycerin separator tender|nitroglycerin gravity separator|gravity separator operator|chemical equipment operator|nitro-separator operative|nitroglycerin-separator worker|chemical equipment worker
biomedical engineer,biomedical technology engineering specialist|biomedical technology engineering consultant|bme consultant|bme specialist|bme expert|biomedical technology engineering adviser|biomedical technology engineer|bme adviser|bio-medical engineer|biomedical engineering specialist|biomedical engineering consultant|biomedical engineering expert|biomedical engineering adviser|biomedical technology engineering expert
legal guardian,conservator|department of work and pensions appointee|court-appointed guardian|foster parent|intervenor|legal parent|welfare guardian|youth legal guardian|financial guardian
weaver,weaving machinist|weaving machine operator|needle loom operator|textile weaver|fabric weaver|weaving foreman|weaving forewoman|needle loom weaver|weaving inspector|cloth weaver|manufacturing weaver|loom operator
tile fitter,tiler|marble setter|floor tiler|tilefitter|surface tiler|tilesetter|mosaic tiler|tile installer|wall tiler|tiling worker
shoe and leather accessories shop manager,shoe store manager|cobblers shop manager|footwear store manager|shop manager (footwear and leather goods retail store)|leather accessories shop manager|shoe shop manager|cobblers store manager|leather accessories store manager|shoe and leather accessories store manager
tour operator manager,tour operators manager|package tour operators manager|package tour operator manager|package tour services manager|package tour manager
bee breeder,bees rearer|bee rearer|bee specialist|beekeeper|bees breeder
legal administrative assistant,legal secretary|certified legal assistant|collection legal assistant|certified legal secretary specialist|litigation legal assistant|paralegal assistant|legal administrative secretary|litigation secretary|legal executive secretary|certified legal secretary
petroleum pump system operator,petroleum refinery pump operator
protective clothing apparel manufacturer,manufacturer of protective equipment|protective gear manufacturer|manufacturer of protective clothing|protective clothes manufacturer|manufacturer of safety clothing
coating machine operator,coating machine operative|spraying machine operator|coating and embossing operator|coater|coater associate|painting machine operator|coater adjuster|coating and baking operator|coater technician|coating and embossing unit operator|coating machine technician|coater operator
aquaculture hatchery manager,aquaculture hatchery supervisor|manager of aquaculture hatchery|fish farm hatchery supervisor
gear machinist,mechanical gear machinist|gear change machinist|electrical gearing machinist|mechatronic gearing machinist|precision gearing machinist|precision gear machinist|mechanical gearing machinist|mechatronic gear machinist|auto change machinist|automotive gearing machinist|auto machinist|electrical gear machinist|automotive gear machinist
rooms division manager,head receptionist|rooms and reservations manager|front office manager|rooms manager|reception manager|director of rooms|front desk manager|reservations manager
ceramic painter,ceramic designer and painter|ceramics painter|ceramic painter and decorator|ceramic designer & painter|ceramic artist|decorator of ceramics|ceramic painter & decorator|painter of ceramic articles|ceramic decorator
telecommunications engineer,radio engineer|transmission engineer|broadcast engineer|communications designer|telecoms engineer|information systems engineer|telecom engineer|telecommunications technologist|communications engineer|telecommunications designer|telecommunications engineers
adult literacy teacher,teacher of adult literacy and numeracy|adult literacy lecturer|skills for life teacher|adult literacy and numeracy instructor|adult literacy instructor|teacher of adult literacy|instructor in adult literacy and numeracy|literacy tutor
footwear quality manager,footwear quality coordinator|footwear quality control manager|footwear quality executive|footwear quality assurance manager
sprinkler fitter,fire safety system fitter|fire protection system fitter|sprinkler technician|sprinkler installer|irrigation technician|fire sprinkler fitter|fire protection system installer|sprinkler system fitter|fire safety system installer
electronic and telecommunications equipment and parts distribution manager,graduate electronic and telecommunications equipment and parts distribution manager|trainee electronic and telecommunications equipment and parts distribution manager|senior electronic and telecommunications equipment and parts distribution manager|electronic and telecommunications equipment and parts distribution planner|assistant electronic and telecommunications equipment and parts distribution manager|electronic and telecommunications equipment and parts logistics manager|electronic and telecommunications equipment and parts supply chain planner|electronic and telecommunications equipment and parts logistics planner|electronic and telecommunications equipment and parts supply chain manager
special educational needs teacher secondary school,secondary school special education teacher|special educational needs teacher in high school|high school special educational needs teacher|secondary school sen teacher|high school special education teacher|high school special needs teacher|secondary school special educational needs teacher|special educational needs teacher high school|teacher in special educational needs in secondary schools|high school sen teacher
performance production manager,theatre production manager|film production manager|theater production manager|live event production manager
metal production manager,development engineer|facility manager|operations manager|plant manager|site manager|metal planning engineer|metal engineer|metal development engineers|metal development experts|metal development managers
aircraft engine assembler,civilian aircraft engine builder|aeroplane engine builder|jet aircraft engine assembler|civilian aircraft engine assembler|helicopter engine assembler|military aircraft engine builder|plane engine assembler|piston aircraft engine assembler|rotary aircraft engine builder|airplane engine assembler|jet aircraft engine builder|rotary aircraft engine assembler|plane engine builder|military aircraft engine assembler|helicopter engine builder|light aircraft engine builder|piston aircraft engine builder|airplane engine builder|aeroplane engine assembler|light aircraft engine assembler
quarry engineer,quarry manager|mine planning engineer|drilling and blasting engineer|mine engineer|drilling & blasting engineer|drilling and blasting supervisor|mining engineer|explosives engineer|drill & blast engineer|drill and blast engineer
audiology equipment shop manager,audiology centre manager|hearing aid shop manager|retail audiologist|audiology shop manager|audiology equipment retail manager|hearing help shop manager|audiology sales manager|audiology retail service manager
hardware and paint specialised seller,home decorating specialised seller|home decorating salesperson|hardware and paint do it yourself salesperson|hardware and paint specialized seller|paint and accessories specialised seller|hardware salesperson|hardware and paint diy salesperson|glass and mirror salesperson|hardware and paint do it yourself specialised seller|glass and mirror specialised seller|hardware specialised seller|paint and accessories salesperson|hardware and paint diy specialised seller
primary school teacher,teacher in a primary school|primary school music teacher|teacher in primary education|primary education teacher|primary education professional|music teacher primary school|elementary school teacher|educator in primary education|primary school educator|educator in primary school
tram driver,light rail vehicle driver|metro train driver|driver of trams|driver of light rail trains|light rail train driver
container equipment assembly supervisor,container equipment manufacturing assembler supervisor|container equipment assembly line senior operative|container equipment assembly line machine supervisor|container equipment machine assembler supervisor|container equipment bench precision supervisor|container equipment supervisor worker|container equipment machine assembly supervisor|container equipment assembly line senior operator|container equipment sub assembler supervisor|container equipment production line supervisor|container equipment mechanical assembler supervisor|container equipment electronic supervisor|container equipment final supervisor|container equipment assembly line supervisor
warehouse operators for clothing,clothing warehouse operators|clothing warehouse operatives|clothing warehouse workers|warehouse person for clothing|clothing warehouse representatives|fashion warehouse operative
administrative assistant,executive administrative assistant|general office clerk|administrative office worker|office clerk|clerical assistant|office administrator|communications assistant|administrative office assistant
coffee grinder,grinding machine attendant|grinder operator
medical administrative assistant,medical receptionist|healthcare assistant|medical assistant|personal assistant|administrative assistant in medical institution|medical institution personal assistant|medical institution administrative assistant|medical pa|health services administrative assistant|healthcare secretary|pa|secretary in medical institution
ict security administrator,ciso|it security administrator|information security administrator|ict security administrators|network security administrator|system security administrator
bricklaying supervisor,bricklaying foreman|bricklayer supervisor|bricklayer foreman|brick laying supervisor|brickwork foreman|foreman bricklayer|brickwork supervisor|brickmason supervisor|bricksetter supervisor
medical physics expert,mpe|medical radiation physics expert|patients radiation protection optimisation expert|dosimetry expert|medical radiation physics specialist|medical physics specialist
slate mixer,slate mixing machine operative|slate granule mixer operator|slate granule mixer tender|slate mixing machine tender|granule mixer|slate product production operative|slate-mixer setter|slate granule mixer worker|slate granule mixer setter|slate mixing machine worker|slate granule mixer operative|slate mixing machine operator|slate product production worker|slate-mixer worker|slate-mixer tender|slate product production operator|slate-mixer operator|slate granule mixer|slate-mixer operative|slate mixing machine setter
marine engineering technician,marine vessel engineering technician|boat engineering technician|submarine engineering technologist|marine engineering technologist|vessel technologist|submarine engineering technician|marine technologist|submarine technologist|vessel engineering technician|pleasure craft engineering technician|ship engineering technician|yacht engineering technician|cargo vessel engineering technician|vessel engineering technologist
auction house manager,auctioneer|auction house director|valuer|auction house administrator
software analyst,software requirement analyst|programming analyst|software analysts|programmer analyst|application analyst|software requirements analyst|analyst of software
accounting manager,financial director|head of accounts|accounts payable manager|financial accounts supervisor|accounting office manager|accounting department manager|accounting director|group accounting manager|financial accounting manager|cost accounting manager
foundry manager,production controller|engineering manager|foundry plant manager|foundry operations manager|foundry production manager|process manager
procurement category specialist,procurement associate category specialist|market specialist|supply specialist|associate category specialist|category specialist
telecommunications technician,telecoms systems technician|communication technician|telecommunications installer|technician in telecommunications|telecommunications service technician|technician in satellite telecommunications|communication line technician|telecommunications technicians|communication line technicians|telecommunications equipment technician|technician in telecommunication systems|telecommunications equipment installer|cable and fibre network technician|phone systems technician|field-based telecommunications technician|telecom technician|telecommunications line maintainer|telecommunications systems installer|telecommunications installation technician|telecommunications installer and repairer|telecommunications systems technician|telecoms technician|satellite dish installer|telecommunications hardware professional
promotions demonstrator,trainee sales demonstrator|supermarket promotions demonstrator|outlet centre promotions demonstrator|trainee promotions demonstrator|department store promotions demonstrator|filling station promotions demonstrator|senior promotions demonstrator|hypermarket sales demonstrator|hypermarket promotions demonstrator|department store sales demonstrator|garden centre sales demonstrator|filling station sales demonstrator|outlet centre sales demonstrator|supermarket sales demonstrator|senior sales demonstrator|garden centre promotions demonstrator
maritime instructor,ship pilot trainer|specialist maritime training instructor|instructor in maritime training|maritime trainer|occupational boating instructor|ship pilot instructor|boating instructor|maritime training instructor
foreign exchange trader,forex dealer|foreign exchange handler|forex handler|foreign exchange dealer
aerospace engineering technician,aeroplane technologist|aeronautical technologist|aircraft engineering technician|aero spatial technologist|spacecraft engineering technician|spaceship technologist|aircraft technologist|spaceship engineering technician|spacecraft technologist|aeroplane engineering technician|aeronautics engineering technician
table saw operator,table saw tender|table saw operative|table saw specialist|cut-off saw specialist|panel saw specialist|circle saw operator|timber machine operator|cut-off saw operator|panel saw operator|table saw machine operator|beam saw operator|circle saw technician|cut-off saw technician|table saw worker|table saw setter|mitre saw specialist|sawyer|table saw machine operative|beam saw specialist|circular saw operator|table sawyer|mitre saw operator|board saw specialist|table saw technician|sawbench operator|circle saw specialist|circular saw technician|board saw technician|mitre saw technician|board saw operator|panel saw technician|beam saw technician|circular saw specialist
bridge construction supervisor,bridge construction project supervisor|bridge building supervisor|bridge construction site supervisor|bridgebuilding supervisor
bricklayer,specialist brick layer|industrial oven brickmason|brick laying worker|brick layer|trowel occupation worker|brick laying labourer
meat cutter,trimmer|deboner|meatcutter|meat boner
criminologist,criminology scientist|criminology research scientist|criminology studies scientist|criminology studies research scientist|criminology researcher|criminology studies researcher|criminologists|criminology studies scholar|criminology science researcher|criminology scholar
performance video operator,live video operator|projection operator|video and graphics operator|video projection operator|visuals operator|video projection technician|visual and graphic operator|visual projection operator|video and graphics technician|video operator
fish and seafood specialised seller,fish stall specialised seller|fish stall salesperson|fresh seafood salesperson|fishmongers shop specialised seller|fisheries shop salesperson|seafood specialised seller|fresh fish shop salesperson|fish market salesperson|fresh fish specialised seller|fisheries specialised seller|fish specialised seller|fish market specialised seller|fresh fish salesperson|fish and seafood specialized seller|fisheries salesperson|fisheries shop specialised seller|seafood salesperson|fresh fish counter specialised seller|fish salesperson|fresh seafood specialised seller
oil and gas production manager,oil production project manager|gas production scheduler|gas operations manager|gas field production manager|gas production manager|oil and gas operations manager|oil and gas production project manager|oil and gas production scheduler|oilfield production manager|oil production manager|oil production scheduler|oil field production manager|gas production project manager|oil operations manager|gasfield production manager
metallurgical technician,metallurgist|mining technician|minerals technician|metallurgy test technician|metallurgical research technician|metallurgical quality technician|metallurgical test technician|metallurgy research technician|metallurgy technician|extraction technician|development metallurgist|metallurgy quality technician|laboratory metallurgist
spinning textile operator,spinning process operator|textile spinner|spinning and winding supervisor|spinning textile technician|textile technician for spinning|spinning supervisor|spinning mill manager|spinner technician|textile spinning technician
resilient floor layer,laminate floor installer|resilient flooring installer|linoleum installer|resilient floor installer|floor layer (resilient)|linoleum layer|vinyl floor installer|layer of resilient floor|vinyl tile installer
textile quality technician,textile testing technician|textile quality laboratory analyst|physical testing laboratory technician|textile laboratory technician
curing room worker,tobacco curer|tobacco curing room worker|tobacco dryer|tobacco drier|tobacco roaster|tobacco drying machine operator|tobacco drying worker|curing room attendant|tobacco drier operator|curing room assistant|tobacco drying machine tender|curing room operative
enameller,jewelery artist|enamel machine apprentice|coating and dipping operator|silver enameller|engineering dipper|coating and enamelling operator|enamel dipping machine operator|platinum enameller|enameler|enamel dipper|dipping machine technician|dipping machine apprentice|enamel machine operator|cast metal enameller|metal enameller|enamel machine technician|enamel dipper operator|copper enameller|gold enameller|dipper
recruitment consultant,job placement officer|temporary labour officer|employment agent|employee recruiter|job placement consultant|temporary labour agent|recruiting process consultant|head hunter|recruitment officer
actuarial consultant,insurance actuaries|health actuaries|actuarial mathematician|actuarial adviser|actuarial clerks|actuarial analyst|actuarial clerk|insurance actuary|actuaries|actuarial mathematicians|actuarial advisor|consulting actuaries|actuarial analysts|actuarial advisors|consulting actuary|health actuary|actuary
performance lighting designer,lighting designer and technician|lighting technician and designer|theatre lighting designer|lighting designer & technician|lighting technician & designer|lighting designer|performance lighting creator
dance répétiteur,dance rehearsal director|assistant choreographer and repetiteur|assistant choreographer and répétiteur|assistant choreographer|dance tutor
automotive battery technician,dry cell tester|installer of automotive batteries|bus battery technician|battery installer|automobile battery technician|technician of automotive batteries|automotive battery assembler|motor vehicle battery technician|automobile battery installer|car battery installer|automotive battery repairer|vehicle battery technician|dry cell battery technician|truck battery technician|automotive battery tester|dry cell repairer|automotive repair technician|dry cell installer|motor vehicle battery installer|lorry battery technician|coach battery technician|car battery technician|automotive battery installer
footwear designer,footwear technologist|footwear designer and developer|shoe stylist|men's footwear designer|women's footwear designer|footwear designer & developer|footwear fashion designer|footwear cad designer|children's footwear designer|footwear cad technical designer|footwear stylist|fashion footwear designer|shoe designer|sports footwear designer
public employment service manager,careers advice manager|dwp manager|jobcentre manager|job centre manager|national careers service manager|jobcentre plus manager|employment service manager|department of work and pensions manager
clothing product grader,pattern developer/grader|apparel grader|fabric pattern grader|clothing patternmaker|clothing product tester
public administration manager,chief of staff|government department manager|public institution director|public service administrator|public administration director|city administrator|public administrator|public body administrator|local authority officer|district council manager|public body manager|public service director|civil service administrator|county council manager
credit analyst,credit clerk|analyst of credits
plumbing supervisor,foreman plumber|supervisor of plumbing|supervising plumber|commercial plumbing supervisor|pipework supervisor|plumbing foreman|domestic plumbing supervisor
securities analyst,securities research analyst|corporate securities research analyst|bonds analyst|stock analyst|securities research director|rating analyst|shares analyst
dancer,dance performer|commercial dancer|belly dancer|modern & ballet dancer|dancer and singer|contemporary dancer|soloist dancer|group dancer|ballet dancer|dancer & singer|modern dancer|solo dancer|modern & ballet dance performer|modern and ballet dancer|stage dancer|ballet & modern dance performer|modern and ballet dance performer|ballet and modern dancer|ballet & modern dancer|singer-dancer|singer and dancer|dance artist|ballet and modern dance perfomer|show dancer|jazz dancer|singer & dancer
bespoke footwear technician,custom shoemaker|customized shoe maker|customised shoe maker|customized footwear technician|custom made footwear technician
judge,adjudicator|recorder|investigating magistrate|inquisitorial magistrate|appeal court judge|high court judge|district judge|examining magistrate|circuit judge|youth court judge|family court judge|deputy circuit judge
puppet designer,puppet maker|puppet designer & maker|puppet builder|puppet designer and maker|puppet designer & builder|puppet designer/maker|puppet designer and builder|puppet creator
flexographic press operator,flexographic print technician|flexographic printing inspection specialist|flexographic pressman|wide-format printer on flexographic presses|flexographic printing plate mounter|flexographic printing inspection technician|flexographic print operator|flexographic label printer|flexographic label press operator|flexographic print maker|flexographic operator|flexographic label press technician|flexographic printing press operator|flexographic printing inspection operator|flexographic press specialist|flexographic printer|flexographic label press specialist|flexographic printing plate maker|narrow-format printer on flexographic presses|flexographic presswoman
dependability engineer,reliability engineer|ram engineer|maintenance and reliability engineer|dependability and security engineer|rams engineer
integration engineer,it integration engineer|ict integration engineers|system integration engineer|software integration engineer
weather forecaster,meteorology scientist|meteorology researcher|meteorology analyst|meteorology research analyst|meteorology science researcher|operational weather forecaster|weather anchor|senior weather forecaster|numerical weather forecaster|on-line weather forecaster|media weather forecaster|weather presenter|weather forecasters|weather forecast anchor|weather forecast presenter
street artist,urban artist|graffiti artist|street visual artist|muralist|street caricaturist|stencil artist|paste-up street artist|pictorial muralist|light street artist
spa manager,manager of spa|spa director|wellness manager|spa managers|spa and wellness manager
professional athlete,cyclist|handball player|skater|race car driver|discus athlete|middle distance athlete|track and field athlete|sports player|long distance athlete|high jump athlete|basketball player|rugby player|sportswoman|hockey player|professional rugby player|professional surfer athlete|wrestler|aviation sport athlete|professional volleyball player|professional baseball player|professional sports player|roller skater|olympic athlete|golf player|horse rider|snowboarder|sportsman|motorcycle driver|professional basketball player|pole vault athlete|long distance runner|tennis player|javelin athlete|snow sports athlete|volleyball player|athlete|professional hockey player|bull fighter|long jump athlete|middle distance runner|skier|professional soccer player|professional football player|professional handball player|boxer|football player
specialised veterinarian,zoological medicine veterinarian|emergency medicine veterinarian|poultry veterinary scientist|sports medicine and rehabilitation veterinarian|diagnostic imaging veterinarian|wildlife health management veterinarian|veterinary comparative nutritionist|veterinary dentist|herpetological medicine veterinarian|veterinary parasitologist|specialized vet|equine internal medicine veterinarian|veterinary pharmacologist and toxicologist|small ruminant health management veterinarian|specialized vets|veterinary pathologist|veterinary dermatologist|small mammal medicine veterinarian|veterinary neurologist|companion animal internal medicine veterinarian|veterinary oncologist|veterinary microbiologist|veterinary anaesthetist|specialized veterinarian|aquatic animal health veterinarian|animal behavioural medicine veterinarian|veterinary cardiologist|bovine health management veterinarian|veterinary ophthalmologist|veterinary clinical pathologist|laboratory animal veterinarian|veterinary theriogenologist|porcine health management veterinarian
automated fly bar operator,theatre automated rigging operator|lead automation operator|automation programmer and operator|automation operator and programmer|automated fly bar technician|stage automation operator|automation programmer & operator|automation operator & programmer
commissioning technician,senior commissioning technician
branch manager,regional director|regional manager|international business manager|branch office administrator|subsidiary manager|branch chief|branch supervisor|recruitment agency manager|area office manager|regional administrative manager
search engine optimisation expert,search engine optimisation experts|search engine optimization expert|search engine optimisation specialist|search engine optimiser|seo expert|seo specialist|inbound marketer|growth hacker|search engine marketing specialist|search engine optimisation consultant|seo experts
water network operative,water and sewerage operative|water supply network worker|water network worker|water network maintenance technician|water supply network operator|water network technician|water network operator|water leakage technician|water supply network operative|water network repair technician|leakage operative|pumping station operative|pumping station worker|pumping station operator
youth information worker,youth counsellor|youth mentor|youth advisor|youth information consultant|youth information provider|youth consultant|extracurricular manager|youth information expert|field information worker|youth agent|school youth worker|youth moderator|youth informant|information and youth advice technician|youth project consultant|information mission leader|youth facilitator|youth career consultant|youth centre director|youth information animator
green coffee buyer,coffee buyer|green coffee procurement specialist|green coffee acquisition specialist|green coffee purchaser
economics lecturer,economics professor|university lecturer in economics|lecturer in economics|senior lecturer in economics|lecturer of economics|university economics lecturer|economics lector|economics teacher|economics instructor|university economics teacher|higher education economics teacher|professor of economics|economics docent
motor vehicles parts advisor,bus parts advisor|bus and coach service operative|fleet parts operative|light vehicle service operative|pcv parts advisor|heavy vehicle parts operative|bus and coach parts operative|coach parts operative|lgv parts advisor|light vehicle parts operative|heavy vehicle parts advisor|coach parts advisor|fleet parts advisor|bus and coach parts advisor|lgv parts operative|light vehicle parts advisor|bus parts operative|pcv parts operative|bus service operative|fleet service operative|coach service operative|pcv service operative|heavy vehicle service operative|lgv service operative
hairdresser,hair colour specialist|wig stylist|hair cutter|hair-care specialist|scalp treatment specialist|hairstyling specialist|cosmetologist|hair colourist
art restorer,restoration technician|art objects repairer|restorers|restorer|artifact conservator|restoration artist|preserver
presenter,broadcast journalist|master of ceremonies|finance broadcast journalist|hostess|announcer|tv presenter|host|sport announcer|moderator|dj radio presenter|radio presenter|video jockey presenter|freelance broadcast presenter|sports presenter|broadcast presenter|program host|broadcaster|vj radio presenter|senior broadcast journalist|broadcasting presenter|television presenter
golf instructor,junior golf instructor|senior golf instructor|golf coach|golf teacher
domestic energy assessor,residential energy seller|residential energy sales promoter|residential energy salesman|domestic energy sales promoter|residential energy sales representative|domestic energy seller|domestic energy sales negotiator|residential energy sales negotiator|residential energy saleswoman|residential energy sales rep|residential energy salesperson
membership administrator,membership and subscription administrator|membership sales administrator|administrative support officer|account administrator|regional membership administrator|membership officer
hand lasting operator,hand laster|hand lasting craftsman|manual lasting operator|hand lasting technician
nanny,au pair|dry nurse|live-in baby sitter|nursemaid|duenna|mother's helper|private child care provider|live-in caregiver|governess
wholesale merchant in perfume and cosmetics,business to business seller in perfume and cosmetics|b2b sales consultant in perfume and cosmetics|wholesale trader in perfume and cosmetics|business to business sales consultant in perfume and cosmetics|trainee wholesale merchant in perfume and cosmetics|graduate wholesale merchant in perfume and cosmetics|assistant wholesale merchant in perfume and cosmetics|wholesale merchandiser in perfume and cosmetics|wholesale buyer in perfume and cosmetics|wholesaler in perfume and cosmetics|senior wholesale merchant in perfume and cosmetics
riveter,rivetting apprentice|rivet thrower|rivet machine operator|rivet sticker|rivet driver|rivet bucker|rivet catcher|rivet tosser|bull riveter|metal riveter|rivet tapper|rivetter|rivet passer|rivet machine operative
stringed musical instrument maker,viola maker|viola builder|double bass builder|cello builder|lute builder|double bass maker|cello maker|stringed instrument maker|stringed musical instrument builder|luthier|lute maker
textile pattern making machine operator,textile pattern making machine setter|textile pattern making machinist|textile pattern making machine tender|textile pattern machine operator|textile pattern making operator
ict test analyst,it test analyst|test designer
hydraulic forging press worker,hydraulic foundry patternmaker technician|hydraulic foundry patternmaker|hydraulic sheet metal worker|hydraulic patternmaking operator|hydraulic foundry moulder|hydraulic sheet metal operative|hydraulic sheet metal apprentice|hydraulic foundry moulding operator|hydraulic sheet metal technical|hydraulic patternmaking technician
tissue paper perforating and rewinding operator,tissue paper perforating and rewinding operative|tissue paper perforating and rewinding technician|toilet paper machine technician|tissue paper perforating and rewinding machine operator|tissue paper perforating and rewinding machine technician|tissue paper perforating and rewinding specialist|tissue paper perforating and rewinding worker|tissue paper perforating and rewinding machine specialist|toilet paper machine specialist|toilet paper machine operator
animal massage therapist,animal massage therapists|veterinary massage therapist|veterinary masseur|animal masseur
aircraft engine specialist,civilian aircraft engine specialist|rotary maintenance specialist|helicopter mechanic|military aircraft engine specialist|light aircraft engine specialist|aircraft engine technician|aeroplane engine technician|helicopter maintenance specialist|airplane engine specialist|aeroplane engine inspection engineer|engine inspection specialist|aeroplane engine inspection specialist|specialist in aircraft engines|aircraft engine mechanic|helicopter engine specialist|rotary aircraft engine specialist|piston aircraft engine specialist|aeroplane engine specialist|engine test specialist|jet aircraft engine specialist|areoplane engine mechanic|plane engine specialist
boxing instructor,muay thai boxing instructor|boxing trainer|thai-boxing instructor|boxing coach|thai boxing instructor|kick boxing instructor|boxing teacher|kickboxing instructor|kick-boxing instructor
animal care attendant,animal retail caretaker|animal rescue officer|animal keeping specialist|animal retail carer|animal care provider|laboratory animal care worker|animal care worker|equine groom|wildlife rehabilitator|animal rescue carer|animal cleaner|animal care specialist|animal keeper|animal rescue caretaker|animal care attendants
shop assistant,garden centre shop assistant|filling station shop assistant|senior shop assistant|hypermarket shop assistant|outlet centre shop assistant|museum shop assistant|outlet centre shop worker|trainee shop worker|department store shop assistant|hypermarket shop worker|trainee shop assistant|department store shop worker|supermarket shop worker|filling station shop worker|garden centre shop worker|supermarket shop assistant|senior shop worker
fleet commander,naval commander|commander of fleet|navy commander|royal navy commander|deputy chief of naval staff
animal therapist,animal rehabilitation therapist|animal rehab therapist|animal therapists|animal convalescence therapist
paramedic in emergency responses,emergency medical technician|paramedic practitioner|ambulance paramedic|expert paramedic|emergency response paramedic|paramedic|emt|specialist paramedic
door installer,door fitter|door joiner and fitter|door installation specialist|door installation worker|door furniture fitter|door fitting specialist|door refurbishment team member|replacement door installer|door refurbishment team worker|door carpenter and joiner|door hanger
fluid power technician,hydraulic liquid mechanic|fluid power supervisor|hydraulic power technical operative|hydraulic power machinist|fluid power technical operator|fluid power operator|fluid power brake operator|hydraulic inspector|hydraulic brake inspector|fluid power brake inspector|fluid power technical operative|hydraulic liquid inspector|hydraulic brake operator
corporate trainer,corporate education professional|professional development coach|trainer of corporate employees|corporate professional trainer|workplace training specialist|skills development coach|in-company trainer|skill development trainer|educational planner|trainer in corporate sector|skill development coach|corporate training specialist
steam engineer,steam engineering expert|steam technology engineering specialist|steam technology engineering adviser|steam technology engineering expert|steam engineering adviser|steam engineering consultant|steam engineering specialist|steam technology engineer|steam technology engineering consultant|steam power engineer|power steam engineer
art administrator,public arts manager|art studio manager|museum engagement coordinator|art coordinator|exhibitions coordinator|curatorial coordinator|fine arts coordinator|art studio coordinator|gallery project coordinator|performing arts administrator|art-outsourcing coordinator|art centre manager
medicine lecturer,medicine docent|medicine instructor|lecturer of medicine|medicine professor|university medicine lecturer|lecturer in medicine|clinical lecturer|university lecturer in medicine|clinical lecturer in medicine|instructor of medicine|professor of medicine|medicine teacher|medicine lector|lecturer in medical education|university teacher of medicine|higher education teacher of medicine
telephone switchboard operator,receptionist|telephone operator|switchboard operator|telephone answering service operator|switchboard receptionist|alarm centre dispatcher|communication centre operator|receptionist telephone operator
doctors' surgery assistant,healthcare assistant|medical assistant|surgery assistant|physician's assistant|cast assistant|physician assistant|ophthalmic assistant|clinical assistant|radiology assistant|orthopedic assistant|surgical assistant|autopsy assistant|doctor's assistant
cable jointer,cable installation electrician|electricity cable jointer|electrical cable maintenance worker|cable maintenance electrician|low voltage electricity cable jointer|lv cable jointer|hv cable jointer|low voltage cable jointer|cable installer|electric powerline cabler|control cable jointer|network cable jointer|high voltage electricity cable jointer|cabler|electrical cable installer|power cable jointer|jointer|distribution cable jointer|high voltage cable jointer
horse riding instructor,horseback riding instructor|riding teacher|riding instructor|riding coach|therapeutic riding instructor|horse riding teacher|horse riding coach
car and van delivery driver,fast food delivery driver|delivery car driver|dry cleaning driver|telephone directory delivery driver|pizza delivery person|chinese food delivery person|mediterranean food delivery person|deliverywoman|deliveryman|delivery van driver|groceries delivery person|delivery person|food delivery person
digital forensics expert,computer forensics consultant|computer forensics investigator|computer forensics expert|digital forensics analyst|digital forensics specialist|digital forensics experts|ict forensics expert|digital forensic expert|cyber forensics expert|cybersecurity analyst|information forensics expert|cybersecurity and forensic specialist
medical device engineer,medical-technical device engineer|medical device developer|medical technology engineer|orthopaedic engineer|engineer of medical instruments|medical-technical equipment engineer|engineer of medical devices|medical-technical test engineer|biomedical engineer|clinical engineer|audiology engineer|engineer of medical technology|biomedical systems engineer|biomedical systems developer|engineer in biomedical systems|medical instrument engineer
telecommunication equipment shop manager,mobile phone and accessories shop manager|mobile devices and accessories shop manager|mobile phone shop manager|mobile phone store manager|mobile phone and devices shop manager|mobile phone and accessories store manager|phone shop manager|phone store manager|mobile devices and accessories store manager|mobile phone and devices store manager
import export manager in agricultural machinery and equipment,assistant export manager in agricultural machinery and equipment|graduate import manager in agricultural machinery and equipment|senior import manager in agricultural machinery and equipment|senior import export manager in agricultural machinery and equipment|graduate export manager in agricultural machinery and equipment|trainee export manager in agricultural machinery and equipment|customs compliance manager in agricultural machinery and equipment|trainee import export manager in agricultural machinery and equipment|international trade compliance manager in agricultural machinery and equipment|international trade manager in agricultural machinery and equipment|graduate import export manager in agricultural machinery and equipment|senior export manager in agricultural machinery and equipment|assistant import export manager in agricultural machinery and equipment|assistant import manager in agricultural machinery and equipment|trainee import manager in agricultural machinery and equipment
quantity surveyor,development project cost manager|construction project manager|development project cost consultant|construction project cost consultant|construction cost consultant|quantity survey consultant|assistant quantity surveyor|qs|quantity survey expert|graduate quantity surveyor|quantity surveying consultant|building estimator|quantities surveyor|quantity survey professional|chartered quantity surveyor|quantity survey specialist
vessel operations coordinator,coordinator of vessel operations|vessel operations manager|shipping traffic coordinator|traffic coordinator|voc|vessel operations coordinator (voc)|vessel operations supervisor|shipping operations manager
historian,diplomatic historian|economic historian|historians|political historian|military historian|egyptologist|art historian
cyber incident responder,ict security consultant|cyber crisis expert|information technology security consultant|security operations center analyst|cyber incident handler|information communications technology security consultant|cyber fighter|it security expert|incident response engineer|ict security engineer|cybersecurity siem manager|ict security advisor|it security advisor|security architect|security operation analyst|soc analyst|consultant in ict security activities|cyber defender|it security consultant|ict security architect
chemical production manager,chemical manufacturing manager|operations manager chemical production|production manager of chemicals|chemical process engineer|chemical production quality supervisor|chemical production coordinator|chemical manufacturing director|chemical production planner|chemical operations manager|chemical process manager|chemical production director|chemical production engineer
child care social worker,social worker (children and families)|childcare social worker|social worker family safeguarding team|children's social worker|child protection social worker|social worker (looked after children)|social worker (child protection)|social worker (child care)|children's services practitioner
air traffic manager,air traffic senior manager|centre director for air traffic systems and operations|air traffic operations manager|air traffic supervisor|flight navigation manager|air traffic operations supervisor|flight control manager|air navigation manager|air traffic control manager
ict teacher secondary school,secondary school computing teacher|high school ict and computing teacher|teacher of ict in secondary schools|secondary school ict tutor|computing teacher|high school computing teacher|high school information and communication technology teacher|teacher of ict in high school|high school ict teacher|ict teacher high school|ict teacher
lime kiln operator,lime kiln operative|regenerative kiln operator|lime kiln worker|flare kiln operator|draw kiln operator|shaft kiln operator|running kiln operator|rotary kiln operator|calcinator operator|vertical kiln operator
water-based aquaculture technician,water-based fisheries technician|technician in water-based aquaculture|water-based fish farm technician
meteorology technician,atmospheric scientist|weather forecaster|weather service specialist|meteorological instrumentation technician|meteorologist|climatological technician|met tower installation technician|metrologist assistant|weather station operator|meteorological researcher|met services technician|meteorological technician|wind technician|aviation meteorology technician|electronics technician|atmospheric scientist technician
chemist,chemistry technician|pharmacologist|chemical engineer|toxicologist|environmental chemist|inorganic chemist|forensic chemist|chemical analyst|biochemist|production chemist|industrial chemist|research chemist|quality control chemist|chemical researcher|manufacturing chemist|quality assurance chemist|organic chemist|nuclear chemist
ammunition specialised seller,hunting equipment salesperson|weapon specialised seller|ammunition salesperson|firearms specialised seller|weapon salesperson|ammunition shop salesperson|firearms salesperson|hunting equipment specialised seller|ammunition shop specialised seller
sound operator,sound board operator|sound mixer|audio board operator|sound board technician|audio operator|sound audio technician
laundry worker,laundry and dry cleaning operator|laundry and dry cleaning assistant|laundry and dry cleaning manager|dry cleaning worker|clothes washer|dry cleaner|laundry and dry cleaning worke|laundry and dry cleaning supervisor
biotechnical technician,biotechnical laboratory specialist|biotechnical laboratory worker|biotechnical laboratory employee|biotechnological technician|biotechnical laboratory technician|biotechnological laboratory technician
granulator machine operator,granulator|pharmaceutical granulating machine operative|pharmaceutical granulation operative|granulation operator|granulating machine operative|granulating machine operator|granulation machine operative|pharmaceutical granulator|granulation operative|pharmaceutical granulating machine operator|wet-mix operator|pharmaceutical granulation machine operative|pharmaceutical granulation operator
audio describer,visual describer|video describer|audio describers|audio description expert|dubber|audio description professional
construction general supervisor,construction programme manager|construction foreman|building programme manager|construction project supervisor|building programme supervisor|construction programme supervisor|construction forewoman|construction supervisor
chief marketing officer,chief commercial officer|director of marketing|head of marketing|chief commercial strategy officer|senior marketing officer|chief commercial strategist
field survey manager,field survey supervisor|manager of field survey|survey field manager|field survey operational manager|field survey coodinator|field survey project manager|field survey team leader
boring machine operator,boring machine setter|multiple-spindle vertical boring mill set-up operator|automatic boring technician|automatic boring machine operator|vertical boring machine operative|horizontal boring machine operative|boring machine operative|borer operator|vertical boring machine setter|horizontal boring machine setter|boring mill operator|boring mill set-up tender|borer operating technician|horizontal boring machine tender|horizontal boring and milling machine set-up tender|boring mill tender|automatic boring machine operative|drilling and boring machine operator|bore mill tender|bore press operator for metal|boring mill set-up operator|multiple-spindle vertical boring mill set-up tender|vertical boring mill tender|boring operative|production boring machine operator|vertical boring mill operator|vertical boring machine tender|bore mill operator|automatic borer machine operator|horizontal boring machine operator|boring machine tender|vertical boring machine operator
musical conductor,musical director|concert master|orchestra conductor|music conductor|choir conductor|choir leader|choral conductor|band master|choir director|band leader|principal conductor|orchestra music director
leather goods production supervisor,leather goods cutting room supervisor|leather goods finishing room supervisor|leather goods production foreman|leather product manufacturing foreman|leather product manufacturing forewoman|leather products supervisor|leather goods closing room supervisor|leather goods production forewoman|leather tannery supervisor|leather goods production inspector
renewable energy engineer,renewable energy technology engineering specialist|renewable energy technology engineering consultant|renewable energy engineering specialist|renewable energy engineering consultant|turbine engineer|renewable energies engineer|renewable power engineer|wind turbine project engineer|renewable energy technology engineer|renewable energy engineering adviser|renewable energy technology engineering expert|renewable energy technology engineering adviser|renewable energy engineering expert|renewables engineer|industrial energy engineer|renewable energy systems engineer
microelectronics engineering technician,micro-electronics engineering technician|microelectronics technologist|microelectronic equipment technologist|technician in microelectronic engineering|technologist in microelectronics|microelectronic systems technologist|technologist in microelectronic systems|microelectronics process engineering technician|microelectronics technician
tower crane operator,tower crane operative|tower-crane operator|tower crane driver
refurbishing technician,gas engine refurbishing technician|diesel engine refurbishing technician|car engine refurbishing technician|petrol engine technician|mechanical refurbishing inspector|hybrid engine technician|car body repair technician|automotive refurbishing inspector|motor vehicle body repairer|vehicle engine technician|diesel engine technician|engine refurbishing technician|car engine technician|car refurbishing technician|truck engine refurbishing technician|vehicle refurbishing inspector|general refurbishing inspector|truck refurbishing technician|lgv body repair technician|bus engine technician|bus and coach body repair technician|machine refurbishing inspector|truck body repairer|car body repairer|car refurbishing inspector|truck engine technician|petrol engine refurbishing technician|bus and coach refurbishing technician|motor vehicle refurbishing technician|coach engine refurbishing technician|hybrid engine refurbishing technician|heavy engine refurbishing inspector|electric engine refurbishing technician|powertrain refurbishing technician|automobile refurbishing inspector|powertrain technician|engine refurbishing inspector|bus engine refurbishing technician|motor refurbishing inspector|electric engine technician|lorry engine refurbishing technician|body repair technician|light engine refurbishing inspector|engine technician|van refurbishing technician|gas engine technician
investment manager,investments manager|investment executive|investment consultant|portfolio analyst|investments portfolio manager|global investment manager|investment portfolio manager
call centre agent,call center agent|outbound sales agent|telephone sales agent|telephone operator|outbound call centre agent|call centre operator|telemarketing agent|inbound call center agent|telephone sales generator|call centre service agent|telemarketing operator|telephone solicitor|inbound call centre agent|call centre taker|call centre operative|outbound call center agent|call centre rep|inbound telemarketer|telephone service attendant|inbound sales agent|telemarketer|outbound telemarketer|call centre representative|call center representative|telephone sales representative
fur animals breeder,fur animal rearer|fur animals specialist|fur animal breeder
secretary of state,minister of state|undersecretary of state|state secretary|senior minister|under secretary of state
intelligent lighting engineer,automated light engineer|automated lighting engineer|automated light technician|intelligent light technician|intelligent light engineer|automated lighting technician|intelligent lighting technician
missionary,city missionary|missionary preacher|christian social worker|missions pastor|intercessory missionary|humanitarian aid worker|catholic humanitarian worker
rolling stock engineering technician,railway engineering apprentice|rolling stock electronic equipment installer|rail rolling stock assembly operator|railway stock engineer|rolling stock equipment assembler|rolling stock engineering apprentice|railway stock equipment assembler|rolling stock assembly operator|railway stock electronic equipment installer
real estate manager,estate administrator|regional real estate manager|property rental coordinator|retail real estate manager|estate manager|building rental manager|property administrator|property management officer|property rental manager|estate coordinator|real estate officer|property management agent|co-ownership property manager
civil engineering technician,civil engineering design technician|civils technician|hydraulic engineering superintendent|civil engineering technical officer|civil engineering services technician|civil engineering superintendent|road engineering superintendent|earthworks civil engineering superintendent|civil engineering technical assistant
court clerk,court usher|bailiff|judicial assistant|judicial clerk|senior court clerk|judicial law clerk|judiciary court clerk|court administation officer|crown court clerk
textile designer,textile artist|print designer|textiles designer|fabric designer|design technology technician|pattern design|textile cad designer|design and technology technician|textile design expert|canvas pattern designer|textile design specialist|textile and graphic artist|knits designer
pharmaceutical quality specialist,specialist of pharmaceutical quality|pharmaceutical quality compliance specialist|pharmaceutical quality control technician|pharmaceutical quality verifier|pharmaceutical quality technician|pharmaceutical quality control specialist|specialist of pharmaceutical quality compliance|pharmaceutical quality manager|pharmaceutical quality inspector|specialist of pharmaceutical quality control|pharmaceutical product quality manager
water conservation technician,water conservation officer|environmental systems technician|water conservation specialist|water recycling specialist
briquetting machine operator,briquette machine operator|briquetting machines operator|briquet machine operator|briquetter operator|briquetting machine operators|briquette maker
sectional belt mould assembler,v-belt moulder|v-belt mould assembler|v-belt mold assembler
candy machine operator,candy production worker|candy machine operative|candy production operative|sweets machine operator
chef,banqueting chef|chef de partie|chef de cuisine|commis chef|sous-chef|industrial chef|managing partner chef
pharmacologist,pharmacology researcher|pharmacology science researcher|pharmacology research analyst|pharmacology research scientist|pharmacology studies researcher|pharmacology studies scholar|pharmacology scholar|pharmacology scientist|pharmacology studies research analyst|pharmacology studies scientist|pharmacology studies research scientist|pharmacology studies analyst|pharmacologists|pharmacology analyst
ict disaster recovery analyst,business continuity analyst|ict resilience analysts|it resilience analyst|it disaster recovery analyst|business continuity strategist|disaster recovery officer
filigree maker,filigree artist|jewelery metalworker|filagree maker|filigree jewelry worker|filigree craftsman|filigree jewellery worker|filigree metalworker|filigree worker|fiigree designer
teacher of talented and gifted students,teacher for talented pupils|teacher for students with high learning potential|talented and gifted pupils co-ordinator|teacher for gifted students|teacher for pupils with high learning potential|teacher for gifted pupils|teacher for talented students|talented and gifted pupils lead teacher|gifted pupils teacher|talented and gifted students lead teacher
embedded system designer,embedded system programmer|embedded systems designers|embedded software developer|embedded system developer|embedded systems programmer|battery controls engineer|embedded systems developer|embedded systems engineer
software tester,module tester|application tester|soft tester|application software tester|software testing specialist|unit tester|software testers|software application tester|tester
twisting machine operator,twisting operator|industrial twisting machine operator|twisting machine tender|twister operator|twister machine operator|twister tender
mine manager,mine supervisor|quarry manager|facility manager|mine engineer|mining engineer|operations manager|plant manager|mine design and site manager|mine operations manager|site manager|mining operations manager|resident manager
battery manufacturing technician,production technician|battery calibration technician|battery pack manufacturing technician|electronics production technician|electromechanical product development technician|battery production associate|automotive high voltage battery manufacturing technician|electronic component technician|battery module manufacturing technician|hv battery technician|battery module build technician
optical technician,optical instrument technician|artificial glass eye maker|technologist in ophthalmic laboratory|contact lens maker|optical technical|ophthalmic technologist|eyewear repairer|spectacle technician|ophthalmic laboratory technologist|lens mounter|technician in optical production|optometry technician|certified optical technician|artificial plastic eye maker|optical mechanic|optical drill operator|eyewear technician|optical element coater|optical laboratory production technician|technician in optical production laboratory|spectacle maker|ophthalmology technician|eyewear inspector|ophthalmic laboratory technician|eyewear assembler|lens maker|ophthalmic inspector|lens technician|optical worker|eyewear maker|eyewear designer|specialist optical production technician|technician in ophthalmic laboratory|optical lab mechanic|lens polisher|artificial eye maker|eyewear quality inspector|lens inspector|eye glass cutter|ophthalmic technician|optical lab inspector
university teaching assistant,higher education teaching assistant|teaching assistant|ta|teaching assistant in universities|teaching assistant in higher education|university teaching aide|graduate teaching assistant
quality services manager,quality assurance supervisor|quality control manager|quality assurance services manager|quality assurance coordinator|quality control services manager|quality service coordinator|quality service supervisor|quality control process auditor
sporting accessories specialised seller,sports salesperson|sporting accessories specialized seller|sports goods specialised seller|sporting equipment specialised seller|sporting articles salesperson|sports equipment specialised seller|sporting equipment salesperson|sports specialised seller|sports goods salesperson|sporting articles specialised seller|sports equipment salesperson
learning support teacher,developmental teacher|teacher in learning support|early intervention specialist|compensatory teacher|basic skills teacher|learning support educator|learning support practitioner|development support teacher|practitioner of learning support teaching
renewable energy consultant,sustainable energy market consultant|renewable energy survey consultant|renewable energy market consultant|sustainable energy consultant|sustainable energy technical consultant|renewable energy research consultant|sustainable energy survey consultant|renewable energy technical consultant|sustainable energy research consultant
sports instructor,wakeboard instructor|swimming instructor|gymnastics teacher|swimming teacher|water sports instructor|tennis teacher|ski teacher|kayake instructor|ski instructor|snowboard instructor|tennis instructor|swim instructor|water-ski instructor|gym instructor|hockey instructor|polo instructor|windsurf instructor|kite surf instructor|surf instructor
sociology lecturer,social science professor|sociology instructor|social science instructor|specialist lecturer in sociology|sociology docent|social science docent|university sociology lecturer|lecturer of sociology|social science lecturer|instructor in sociology|social science teacher|sociology lector|lecturer of social science|lecturer in social science|sociology teacher|social science lector|senior lecturer in sociology|higher education sociology teacher|social sciences lector|lecturer in sociology|professor of sociology|sociology professor
gambling games designer,games creator|lottery games creator|gambling game designer|games designer|lottery games designer|gambling games creator|betting games creator
production engineering technician,production engineering testing coordinator|production engineering inspection supervisor|production engineering inspection mechanic|production engineering co-ordinator|data collection technician|production engineering maintenance co-ordinator|production engineering inspection inspector|production engineering mechanic|production maintenance inspector|production engineering coordinator|production engineering instrument mechanic|production engineering supervisor|production engineering test inspector
environmental education officer,ecotourism guide|environmental educator|environmental trainer|environmental communications officer|environmental public relations specialist|environmental education trainer|environmental teacher|environment education teacher|environment education trainer|environmental education specialist|environmental education teacher|environment education officer|environment educator|enviromental promotions officer
kinesiologist,biomechanical kinesiologist|exercise researcher|kinesiology science researcher|exercise kinesiologist|kinesiology researcher|exercise research scientist|psychomotor kinesiologist|kinesiology research scientist|exercise scientist|kinesiologists|exercise science researcher|kinesiology scientist
cosmetic chemist,research chemist|cosmetics formulation chemist|cosmetics formulation development chemist|skin care formulation chemist|cosmetics formulator|cosmetics development chemist|formulation development chemist|cosmetics development formulator|cosmetics formulations chemist|cosmetics research chemist
environmental scientist,geologist|mineral technician|geological technician|soil scientist|land survey technician|mineral technologist|geological technologist|environmental engineer|regulatory compliance environmental professional|environmental scientist advisor|field scientist|environmental surveyor|environmental chemist|green infrastructure analyst|environmental impact expert|ecosystem restoration project manager|environmental researcher|environmental field scientist
sociologist,urban sociology science researcher|sociologists|rural sociology science researcher|urban sociology analyst|sociology science researcher|economic sociology research analyst|rural sociology research analyst|sociology research analyst|sociology analyst|urban sociology research scientist|economic sociology researcher|economic sociology analyst|sociology researcher|urban sociology research analyst|economic sociologist|urban sociology scholar|urban sociology scientist|sociology scientist|economic sociology science researcher|rural sociology analyst|intercultural communications adviser|rural sociology scientist|urban sociologist|rural sociologist|rural sociology scholar|economic sociology scholar|law sociologist|rural sociology research scientist|urban sociology researcher|economic sociology research scientist|family and consumer science researcher|sociology scholar|economic sociology scientist|rural sociology researcher|sociology research scientist|gerontologist
industrial cook,catering worker|institutional cook|catering cook|institutional food preparation worker
clock and watchmaker,mechanical clockmaker|watch maker|clockmaker|mechanical watchmaker|watchmaker|maker of watchers|maker of clocks|clock maker|electronic watchmaker|electronic clockmaker
footwear product developer,footwear product engineer|footwear product designer & developer|footwear product development engineer|footwear technologist|footwear product technologist|footwear product designer and developer|senior product developer footwear
"import export manager in machinery, industrial equipment, ships and aircraft","trainee import export manager in machinery, industrial equipment, ships and aircraft|international trade compliance manager in machinery, industrial equipment, ships and aircraft|assistant export manager in machinery, industrial equipment, ships and aircraft|graduate export manager in machinery, industrial equipment, ships and aircraft|senior import manager in machinery, industrial equipment, ships and aircraft|customs compliance manager in machinery, industrial equipment, ships and aircraft|graduate import manager in machinery, industrial equipment, ships and aircraft|senior export manager in machinery, industrial equipment, ships and aircraft|trainee export manager in machinery, industrial equipment, ships and aircraft|international trade manager in machinery, industrial equipment, ships and aircraft|assistant import manager in machinery, industrial equipment, ships and aircraft|graduate import export manager in machinery, industrial equipment, ships and aircraft|assistant import export manager in machinery, industrial equipment, ships and aircraft|trainee import manager in machinery, industrial equipment, ships and aircraft|senior import export manager in machinery, industrial equipment, ships and aircraft"
blending plant operator,blending operator|blending plant worker
tyre vulcaniser,tyre mender|tyre vulcanizer|tyre technician|tire repairer|tire mender|tyre repairer
coquille casting worker,caster|coquille caster|coquille casting workers|foundry sand moulders|foundry coremakers|foundry caster|foundry process operators|foundry casters
ict help desk manager,software support manager|ict helpdesk managers|it helpdesk manager|ict service desk manager|ict help desk managers|it help desk manager|technical support manager|ict helpdesk manager
bookshop specialised seller,stationery specialised seller|stationery salesperson|magazine and bookshop specialised seller|antique book specialised seller|magazine and book salesperson|bookstore salesperson|magazine salesperson|book superstore salesperson|books and stationery specialised seller|comic book salesperson|comic book shop salesperson|antique book salesperson|book superstore specialised seller|antiquarian book specialised seller|cookery book shop salesperson|magazines and books specialised seller|antiquarian book salesperson|newspaper specialised seller|cookery book salesperson|antique book shop specialised seller|comic book specialised seller|antiquarian book shop specialised seller|books specialised seller|antique book shop salesperson|newspaper salesperson|bookshop specialized seller|antiquarian book shop salesperson|cookery book shop specialised seller|cookery book specialised seller|comic book shop specialised seller|bookshop salesperson|bookstore specialised seller|book and stationery salesperson
hydroelectric plant operator,hydropower plant technician|hydro-power plant operator|hydropower plant operative|hydro-power plant technician|hydroelectric power plant technician|hydropower plant operator|hydroelectric plant operative|hydro-power plant worker|hydro plant worker|hydro-power plant operative|hydropower plant worker|hydroelectric plant worker|hydro plant operative
crossing guard,school crossing patrol officer|school crossing guard
gunsmith,custom rifle designer|metal worker|custom gun designer|pistol smith|pistol-smith|custom gun builder|gun maker|rifle engraver|firearm constructor|gun-smith|firearm builder|gun engraver|shotgun builder
rail switchperson,railway pointsman|railway pointswoman|rail pointsman|rail switchwomen|railway switchwoman|railway switchman|rail switchmen|rail switchwoman|rail pointswoman
business economics researcher,fiscal economics strategist|economic analyst|fiscal economics analyst|business advisor|financial market advisor|business research scientist|business researcher|financial market economist|fiscal economics researcher|business analyst|business economy researcher|economic advisor|business economist|fiscal economics advisor|financial market researcher
corporate social responsibility manager,sustainability project manager|corporate sustainability reporting manager|sustainable services manager|chief sustainability officer|corporate responsibility director|sustainability reporting manager|corporate sustainability director|corporate responsibility manager
water systems engineering technician,water pumping systems engineering technician|water treatment systems engineering technician|flood defence engineering technician|water resource engineering technician|flood prevention engineering technician|water supply systems engineering technician|clean water systems engineering technician|drinking water systems engineering technician|water pipeline systems engineering technician|water treatment engineering technician|water systems installation engineering technician|water supply engineering technician|water pipelines engineering technician
employer branding manager,branding manager|corporate communications manager
campaign canvasser,campaign worker|political party activist|canvasser|political campaign canvasser|party activist|political party volunteer|campaign canvass worker|party campaigner|political canvasser
online community manager,online reachout manager|digital community manager|online community specialist|interactive media specialist|online content and community manager|online community managers|social media strategist|social media specialist|social media manager|social media reachout manager
home care aide,elderly people assistant|personal care provider|personal care attendant|live in caretaker|personal care worker|live in caregiver
waste management supervisor,waste coordinator|waste and recycling supervisor
textile industry machinery distribution manager,graduate textile industry machinery distribution manager|textile industry machinery supply chain manager|textile industry machinery logistics planner|textile industry machinery distribution planner|textile industry machinery supply chain planner|trainee textile industry machinery distribution manager|senior textile industry machinery distribution manager|textile industry machinery logistics manager|assistant textile industry machinery distribution manager
customer service representative,customer experience manager|customer relations officer|information office worker|customer service officer|customer service person|customer feedback representative|customer complaints handler|senior customer service representative|information clerk|trainee customer service representative|graduate customer service representative|information agent|complaint representative|service desk operator|customer relationship officer|assistant customer service representative
music director,musical director|orchestra conductor|music conductor|band master|orchestra director|band director|conductor|music leader
clothing specialised seller,professional wear salesperson|professional wear specialised seller|women's fashion specialised seller|clothing salesperson|clothes salesperson|bridal wear salesperson|fashion salesperson|kids fashion salesperson|men's fashion salesperson|athletic fashion specialised seller|plus size fashion specialised seller|kids fashion specialised seller|athletic fashion salesperson|children's fashion salesperson|children's fashion specialised seller|plus size fashion salesperson|maternity fashion salesperson|women's fashion salesperson|baby fashion specialised seller|fashion specialised seller|men's fashion specialised seller|bridal wear specialised seller|clothes specialised seller|baby fashion salesperson|maternity fashion specialised seller
special educational needs head teacher,head teacher of special educational needs school|director of special educational needs school|special educational needs school director|inclusive education principal|special educational needs headteacher|headteacher of special educational needs school|special educational needs headmaster|sen head teacher|head teacher in special educational needs
commercial sales representative,sales executive|sales and marketing consultant|field sales executive|sales and marketing executive|sales consultant|commercial salesman|business development representative|field sales representative|commercial sales consultant|commercial salesperson|sales representative|territory manager|technical and commercial sales executive|technical and commercial sales representative|commercial sales executive|commercial saleswoman|technical and commercial sales consultant|field sales consultant
semiconductor processor,micro chip assembler|microchip fabricator|semiconductor assembler|semiconductor manufacturing technician|semi conductor manufacturing inspector|microchip manufacturing technician|semiconductor manufacturing inspector|semi conductor processor|processors of semiconductors|semiconductor packages sealer|integrated circuit operator|microchip assembler|assembler of semiconductors|integrated circuit inspector|semiconductor processing practitioner|integrated circuit technician|processor of semiconductors
footwear factory warehouse operator,footwear warehouse operator|footwear factory warehouse worker
gambling manager,general manager|gambling chief executive officer|gambling managing director|gambling facility managing director|gambling general manager|gambling facility general manager|gambling facility manager|gambling facility chief executive officer
product development manager,research and development manager|product designer|product development specialist|innovation department manager|product development executive
hand brick moulder,handmade-brick moulder|heat resistant product molder|molder of handmade bricks|brick mould maker|hand pipe molder|handmade-brick molder|tile mould maker|tile molder|tile moulder|brick mold maker|brick molder|brick maker|heat resistant product moulder|tile mold maker|brick moulder|hand pipe moulder
medical records clerk,clerical officer|clinical records administrator|patients records assistant|health records staff member|medical records filing clerk|medical note summariser|medical records staff member|health records clerk|medical records assistant|health records assistant|medical records officer
horse breeder,horse rearer|stud specialist|racehorse breeder
orthopaedic footwear technician,orthotic technician|orthopaedic shoe technician|orthopaedic bootmaker|orthopedic footwear technician|bespoke orthopaedic footwear technician|orthopaedic insole technician|insole technician|orthopaedic shoemaker
braiding machine operator,textile braiding foreperson|textile braider|textile braiding forewoman|textile braiding supervisor|textile braiders|textile braiding foreman
construction painter,commercial decorator|commercial painter and decorator|painter and decorator|industrial painter|construction decorator|painter (construction)|specialist painter|construction painter and decorator|decorator
data warehouse designer,data warehouse architect|data warehouse developer
vehicle restoration technician,car restoration technician|restoration technician|old vehicle restorer|car interior restorer|old car restorer|classic car restoration technician|classic vehicle restorer|old car restoration technician|vintage car restorer|car restorer|classic car restorer|vehicle restorer|vehicle interior restorer|vintage vehicle restorer|automotive restoration technician|car interior restoration technician|can interior specialist
smart home installer,home automation installer|connected devices installer|domotics installer|home automation technician|domotics technician|smart home technician
linen room attendant,linen and uniform attendant|linen supervisor|linen and uniforms attendant|linen manager
animal artificial insemination technician,ai technician|ai engineer|ai specialist|artificial insemination engineer|artificial insemination specialist|animal ai technician|artificial inseminator|animal artificial insemination technicians
optical instrument assembler,optical equipment fabricator|optical instrument assembly practitioner|assembler of optical instruments|fabricator of optical instruments|fabricator of optical equipment|optical assembly technician|optical equipment technician|practitioner of optical instrument assembly|optical equipment assembler
kennel worker,pet caretaker|kennel attendant|kennel keeper|pound attendant
actuarial assistant,actuarial aide|actuarial analyst assistant|actuarial assistant-life product development
data protection officer,data compliance officer|data protection and security officer|dpo|compliance officer data privacy|privacy protection officer|data protection legal advisor|data protection advisor|privacy officer|gdpr expert|data protection counsel|legal and data protection officer|data protection specialist
pesticide mixer,fungicide mixer|insecticide mixing machine operator|herbicide mixing machine operator|fungicide mixing machine setter|fungicide mixing machine operator|insecticide mixing machine setter|herbicide mixing machine tender|pesticide mixing machine setter|fungicide mixing machine tender|fungicide mixing machine operative|insecticide mixing machine tender|insecticide mixing machine operative|pesticide mixing machine operative|herbicide mixer|insecticide blender|insecticide mixer|pesticide mixing machine tender|herbicide mixing machine operative|herbicide mixing machine setter|pesticide mixing machine operator
ict presales engineer,it presales technician|ict presales technician|it presales engineer|ict presale support|ict presales engineers
motor vehicle aftersales manager,van aftersales specialist|van aftersales co-ordinator|car aftersales co-ordinator|motor vehicle aftersales manger|motor vehicles aftersales manager|motor vehicles aftersales specialist|car aftersales manager|truck aftersales manager|truck aftersales co-ordinator|car aftersales specialist|bus and coach aftersales|truck aftersales specialist|bus and coach aftersales specialist|bus and coach aftersales co-ordinator|van aftersales manager
plasma cutting machine operator,acetylene cutter|arc torch cutter|acetylene torch cutter|plasma burning torch operator|plasma torch machine operator|plasma burning torch technician|plasma cutter operator|arc cutter|plasma burning machine technician|plasma burning machine operator|plasma cutter operative|plasma torch machine operative
cutting machine operator,leather goods machine operator|leather goods cutting technologist for linings and other materials|linings and other materials cutting operator|leather goods cutting attendant for linings and other materials|cutting machine tender|footwear machine tender|cutting operator|trimming machine operator|trimming machine tender|belts and handles cutting machine attendant|cutting operative|shoe cuting machine operator|belts & handles cutting machine operator|belts & handles cutting machine attendant|leather goods cutting machine tender|leather goods machine tender|footwear clicker|belts & handles cutting machine tender|trimming machine operative|leather goods machine cutting operator|boot and shoe clicker|sole cutter|bottoms cutting machine operator|leather goods cutting worker for linings and other materials|belts and handles cutting machine operator|machine cutting operator|leather goods cutting operator for linings and other materials|shoe cutting machine operator|belts cutting machine operator|cutting operator for footwear bottoms|trimming machine tendor|shoe clicker|belts and handles cutting machine tender|cutting operator for linings and other materials|handles cutting machine operator|sole trimmer|bottom stock manufacturing machine operator|leather goods cutting technician for linings and other materials
fossil-fuel power plant operator,power station operator|power station worker|combined cycle power plant operator|lng-fired power plant operator|coal-fired power plant operator|turbine operator|fossil-fuel power plant boiler operator|generator worker|heat recovery power plant production operator|generator operator|turbine operative|gas-fired power plant operator|fossil-fuel power plant boiler operative
textile chemical quality technician,textile chemical laboratory tester|textile chemical quality analyst|textile chemical laboratory technician|textile chemical process analyst|textile chemical quality manager
precision mechanics supervisor,precision maintenance machine shop manager|precision maintenance machining department supervisor|precision maintenance machine charge hand|precision machinery production supervisor|precision maintenance machining and assembly supervisor|lead maintenance precision operative|precision maintenance machining supervisor|precision maintenance machine adjuster supervisor|precision maintenance machine and assembly maintenance team leader|precision maintenance machining and assembly manager|precision machine setter supervisor|precision maintenance and assembly supervisor|precision maintenance machine shop supervisor|precision maintenance machine team leader
welding engineer,robotic welding inspector|welding engineer supervisor|welding engineering adviser|engineering welding co-ordinator|ultrasonic metal welder inspector|resistance welding engineer|welding engineering consultant|brazing engineer|welder-fabricator engineer|electric arc welding inspector|welding technology engineering expert|welding technology engineering adviser|soldering engineer|tack welding engineer|butt welding inspector|welding engineers|engineering welding fabricator supervisor|welding technology engineer|electric spot welding inspector|sheet metal welding engineer|welding engineering specialist|stitch welding inspector|metal joining process engineer|welding technology engineering specialist|construction welder engineer|sheet-metal welding inspector|welding engineering expert|production line welding engineer|welding technology engineering consultant
lasting machine operator,laster|lasting room machine operator|lasting machine tender|lasting-machine operator|machine puller and laster
anaesthetic technician,anesthetic technician|surgical technician|surgical interventions anaesthetic technician|technician for anaesthetics in surgeries|technician for anesthetics in surgeries
sauce production operator,sauce production operative|sauce maker|sauce making machine operator|sauce making machine worker|sauce production plant operative|sauce production plant worker|sauce production worker|sauce making machine operative|sauce production plant operator
biophysicist,biophysics scientist|biophysics research scientist|biophysics biotechnologist|biophysics scholar|biophysics researcher|bio-physicist|biophysics research analyst|biophysics science researcher|biophysics analyst
wholesale merchant in household goods,senior wholesale merchant in household goods|graduate wholesale merchant in household goods|trainee wholesale merchant in household goods|wholesale buyer in household goods|wholesale merchandiser in household goods|b2b sales consultant in household goods|business to business seller in household goods|business to business sales consultant in household goods|assistant wholesale merchant in household goods|wholesale trader in household goods|wholesaler in household goods
"import export manager in hardware, plumbing and heating equipment and supplies","trainee import manager in hardware, plumbing and heating equipment and supplies|senior import export manager in hardware, plumbing and heating equipment and supplies|assistant export manager in hardware, plumbing and heating equipment and supplies|senior export manager in hardware, plumbing and heating equipment and supplies|senior import manager in hardware, plumbing and heating equipment and supplies|international trade manager in hardware, plumbing and heating equipment and supplies|international trade compliance manager in hardware, plumbing and heating equipment and supplies|trainee export manager in hardware, plumbing and heating equipment and supplies|customs compliance manager in hardware, plumbing and heating equipment and supplies|assistant import manager in hardware, plumbing and heating equipment and supplies|graduate import manager in hardware, plumbing and heating equipment and supplies|trainee import export manager in hardware, plumbing and heating equipment and supplies|graduate export manager in hardware, plumbing and heating equipment and supplies|graduate import export manager in hardware, plumbing and heating equipment and supplies|assistant import export manager in hardware, plumbing and heating equipment and supplies"
land-based machinery supervisor,combined driver supervisor|agricultural machinery supervisor|tractor driver supervisor|agricultural equipment supervisor|farm machinery supervisor|farm equipment supervisor|landbased machinery supervisor
mine geologist,geologist|geological engineer|geophysicist|mineralogist|exploration geologist|geological consultant|production geologist|mine stratigrapher|resource geologist|mining geologist|minerals consultant
cigar brander,branding machine operative|cigar brander tender|cigar producer|cigar wrapping machine tender|machine operative cigar production|cigar wrapping machine operative|cigar wrapper tender|branding machine operator|cigar brander operative|cigar branding machine operator|brander|cigar product brander|cigars brander
solderer,butt solderer|ultrasonic metal solderer|flash solderer|sheet-metal solderer|electric arc solderer|solderer-fitter|soldering fabricator|resistance solderer|electric spot solderer|solder-fabricator|fitter-solderer|sheet metal solderer|robotic solderer|tack solderer|construction solderer|soldering technician|stitch solderer
dental instrument assembler,dental mirror assembler|dental instruments maker|orthodontic instrument assembler|dental instrument technician|dental equipment assembler|dental instruments assembler|dental laser assembler|assembler of dental equipment|dental device fabricator|dental instrument production assembler|dental probe assembler|dental instruments fabricator|dental device maker|orthodontic instruments assembler|dental device assembler|dental instrument assembly operative|assembler in dental instrument production|dental instrument assembly line worker|dental imaging device assembler|dental drill assembler|assembler of dental instruments|assembly of dental instruments|dental instrument assembly worker|dental instrument assembly technician
officer of the watch,officers of the engineering watch|officer of the navigational watch|watch operations specialist|watchman|maritime operations officer|watchkeeper|navigation officer|watch commander|watch supervisor|watch officer|captain of the watch|mid-level watch officer
hospitality vocational teacher,hospitality and catering instructor|vocational instructor in hospitality and catering|educator in hospitality and catering|vocational teacher of catering and hospitality|vocational hospitality and catering teacher|hospitality instructor|trainer in hospitality and catering|vocational catering and hospitality teacher|hospitality and catering educator|instructor in hospitality and catering|vocational trainer in hospitality and catering|hospitality and catering teacher
building caretaker,building technician|property caretaker|caretaker|site caretaker|facilities manager|building manager|facilities caretaker
wearing apparel patternmaker,sewing layout pattern technician|bespoke wearing apparel patternmaker|pattern grader|apparel patternmaker|wearing apparel pattern worker|fabric and apparel patternmaker|wearing apparel pattern technician|clothing pattern maker|garment and related patternmaker|pattern developer
ammunition assembler,ammunition worker|ammunition factory operative|munitions plant operative|ammunition production worker|munitions assembly worker|munitions assembler|explosives assembler|munitions production worker|pyrotechnics assembler|shell maker|ammunition plant worker|munitions factory worker|ammunition plant operative|munitions factory operative|ammunition components assembler|ammunition factory worker|ammunition assembly worker|munitions plant worker|munitions worker
engraving machine operator,engraving drill operator|computer numerical controlled etching machine operator|computer numerical controlled metal engraving machine operator|cnc metal engraving machine operator|cnc etching machine operator|computer numerical controlled engraving machine operator|cnc etching machine operator|drill technician|cnc engraving operator|cnc metal engraving machine operator|computer numerical controlled metal etching machine operator|cnc metal etching machine operator|engraving machine tender|cnc metal etching machine operator|metal engraving machine operator|cnc engraving machine operator|engraving operator
radiation protection technician,radiation protection planning technician|radiological protection technician|radiation protection monitoring technician|radiation protection expert|nuclear plant radiation monitor|nuclear plant radiation technician|radiation protection safety technician|radiation protection compliance technician|radiological monitoring technician
gambling games developer,betting games developer|lottery game designer and producer|game content developer|html canvas game developer|gambling designer|betting game designer|lottery games developer
consultant social worker,policy advisor|social work researcher|social work academic|social work consultant|social work educator|social work trainer|social work expert|academic social worker|social work staff trainer
machinery assembly coordinator,production line co-ordinator|machinery manufacturing manager|assembly line coordinator|machinery manufacturing co-ordinator|machinery production inspector|assembly line co-ordinator|production line coordinator|machinery assembly co-ordinator|machinery production co-ordinator|manufacturing co-ordinator
choreographer,dance notation specialist|movement director|choreographer & movement director|aquatic choreographer|tap ballet dancer choreographer|ballet choreographer|aerial choreographer|circus choreographer|martial arts choreographer|movement director & choreographer|theatre choreographer|contemporary dance choreographer|dance choreographer|choreographer assistant|fight choreographer
spark erosion machine operator,electrical sealing machine operative|electrical sealing machine operator|electrical discharge machine set up technician|electrical discharge machine setup operator|electrical discharge machine eroder|electrical discharge machine setter|electrical discharge machine set up operative|electrical discharge machine operator|electrical discharge machine operative|electrical discharge machine setup operative|electrical discharge machine setup technician|electrical discharge machine set up operator
knitting textile technician,knitting machinist|knitting machine tender|seamless technician and designer|knitting department manager|jacquard knitting technician|circular knitting technician|textile knitter|knitting programmertechnician|knitting textile technicians|lace knitting technician|knitting technician
tiling supervisor,tile installation supervisor|foreman tiler|wall tiling supervisor|surface tiling supervisor|tiling worker supervisor|floor tiling supervisor|mosaic tiling supervisor|tiling foreman
mergers and acquisitions analyst,m&a analyst|mergers and acquisitions banker|mergers and acquisitions associate|acquisition manager|m&a specialist|mergers and acquisitions professional|m&a banker|acquisitions analyst|m&a professional|mergers analyst
fisheries deckhand,fisheries sailor|fisherwoman|trawlerwoman|fishing vessel deckhand|trawlerman|fisherman
specialist nurse,gerontological nurse practitioner|specialist nurse practitioner|company nurse|vascular nurse|paediatric nurse practitioner|diabetes nurse|nurse heart diseases|intensive care nurse|nursing specialist|heart failure nurse|nurse specialist|nurse practitioner|cardiovascular nurse
construction scaffolder,scaffolding labourer|platform erector|scaffold erector|access platform erector|scaffolder in construction|site scaffolder|access platform labourer|scaffolder (construction)
paperhanger supervisor,wall paperer supervisor|decorator supervisor|paper hanger supervisor|wallpaper decorator supervisor|wallpaper hanger supervisor|decorator paper hanger supervisor
ambassador,ordinary ambassador|high commissioner|resident ambassador|diplomatic ambassador
digital prototyper,digital patternmaker|pattern making machine operator|digital prototype operator|digital prototype technician|digital pattern maker
masseur/masseuse,salon therapist|deep tissue massage therapist|thai massage therapist|trigger point massage therapist|professional masseuse
pyrotechnics drying room attendant,fireworks drying room attendant|pyrotechnics production worker|drying room fireworks maker|firework drying room attendant|drying room firework maker|dry house attendant
domestic appliances shop manager,electrical appliances store manager|electrical appliances shop manager|shop manager (electrical household appliances)|electrical household goods shop manager|home appliances shop manager|home and electrical appliances shop manager|domestic appliances superstore manager|electrical superstore manager|electrical house appliances store manager|electrical household goods store manager|domestic appliances store manager
harpsichord maker,harpsicord quality inspector|harpsicord inspector|harpsicord tester|harpsicord builder|harpsicord technician|harpsicord craftsman|harpsicord craftswoman|harpsicord quality tester
high rigger,climbing rigger|level rigger|bucket high rigger|up rigger|rope access rigger|rigging crew member|height rigger|aerial rigger
media scientist,media science researcher|media studies scholar|media research analyst|media research scientist|media analyst|media anthropologist|media studies researcher|media researcher|media studies research scientist|media scholars|media studies scientist
education welfare officer,education engagement officer|school social worker|attendance support officer|social worker in education|education and family engagement officer|school welfare officer|social worker in schools|wellfare officer (education)|education social worker|attendance welfare officer|pastoral advisor|education welfare practitioner|school attendance officer|school-based social worker|social worker in education institutions|learning advisor|specialist school social worker|school based social worker|senior education welfare officer|educational institution social worker
translator,business translator|editorial translator|sworn translator|translation project manager|book translator|language specialist|language leader|technical translator|reviser|linguistic coordinator|video game translator|medical translator|language specialist consultant|financial translator|literary translator|translator coordinator|speech-to-text interpreter|scientific translator|translator reviser|post-editor
offshore renewable energy technician,offshore wind turbine technician|offshore renewable energy installer|mre installer|ore technician|marine renewable energy installer
container equipment assembler,container equipment mechanical assembler|container equipment assembly worker|container equipment sub assembler|container equipment machine assembly worker|container equipment assembly line operative|container equipment assembly line inspector|container equipment final assembler|container equipment electronic assembler|container equipment bench precision assembler|container equipment manufacturing assembler|container equipment assembly line operator|container equipment machine assembler|container equipment assembly line machine tender|container equipment assembly line worker
social service consultant,welfare consultant|social service planning consultant|social services expert|social planning consultant|community development consultant|social development consultant|social services consultant|social services planner|social services developer
mechatronics assembler,assembler in mechatronic equipment manufacture|robotic fitter|robotic equipment operator|constructor of mechatronic equipment|mechatronic equipment constructor|mechatronic equipment supervisor|robotic equipment repairer|mechatronic equipment operator|robotic equipment inspector|mechatronic assembly technician|mechatronic equipment fabricator|mechatronic equipment repairer|mechatronics installer|assembler of mechatronic equipment|mechatronic equipment assembler|mechatronics fitter|robotic assembler|robotic equipment supervisor|mechatronic installer|mechatronics fabricator|mechatronic equipment production assembler|mechatronic equipment inspector
video and motion picture director,film director|director|film maker|animation supervisor|film-maker|tv director|series director|television and motion picture director|animated movie director|video director|adventure film maker|television director|motion picture director|movie director
credit adviser,credit intermediary|debt counsellor|certified credit counselor|credit counselor
toilet attendant,rest room cleaner|lavatory attendant|restroom cleaner|washroom attendant|powder room attendant|restroom attendant
watch and clock repairer,time piece fixer|watch and clock restorer|watch and clock fixer|watch and clock repairman|chronometrist
horticulture worker,flower picker|crop worker|berry picker|fruit picker|horticultural farm worker|horticultural worker
stage manager,stage supervisor|production stage manager|production coordinator/stage manager|production coordinator|deputy stage manager|stage coordinator|stage/production manager
baker,bread baker|bakery specialist|bakery employee
water treatment systems operator,drinking water treatment system operative|drinking water treatment system worker|water treatment system operative|drinking water treatment system operator|water treatment plant operative|water treatment plant worker|water system operator|water quality operative|water treatment operator|water safety operative|water treatment system worker|water quality tester|water safety tester
science teacher secondary school,science teacher|teacher of science in secondary schools|secondary school teacher of science|secondary school science tutor|teacher of science in high school|science teacher high school|science tutor secondary school|high school science teacher
financial auditor,auditor|finance auditor|internal auditor|audit manager|chartered accountant|finances auditor|financial examiner|senior internal auditor|bank auditor|external examiner|financial systems analyst|bank examiner|internal examiner|external auditor
hotel concierge,guest services manager|guest concierge|guest assistance manager|concierge
chemical application specialist,specialist chemist|chemical application technician|technical application specialist chemist|application specialist chemist|product formulation chemist|chemical product application specialist|product development chemist|formulation development engineer|development chemist
event manager,event organiser|event organizer|live event organiser|live event producer|live event manager|live event organizer|event and project manager|event & project manager|project and event manager|conference and event planner|project & event manager
medical goods shop manager,chemist shop manager|medical supply store manager|medical equipment suppliers manager|drugstore manager|pharmacy manager|staff manager in medical goods shop|retail chemist shop manager|medical supplies shop manager
transport health and safety inspector,road occupational health and safety manager|road health and safety risk assessor|transportation safety manager|road transport health and safety manager|road transportation health and safety director
liquid waste treatment plant operator,liquid waste tester|liquid waste plant monitoring operator|contaminated water remediation worker|liquid waste treatment plant worker|liquid waster remediation worker|liquid waste treatment plant operative|waste oil remediation worker|liquid waste monitor
footwear production machine operator,footwear production machine tender|footwear production sewing machine operator|footwear production machine sewer|footwear production cutting machine operator|footwear production machine cutter|footwear production sewer|footwear production machinist
crop production manager,farm director|crop producer
finishing textile technician,finishing textile supervisor|textile finishing operator|finishing technicians|textile finishing technician|cloth finisher|textile technician for finishing|finishing technician|yarn finisher|bleaching machine operator|bleaching textile technician|finishing department manager|textile finisher
land-based machinery operator,land-based machinery operators|landbased machinery operator|farm equipment operator|forest tractor driver|agricultural machinery operator|agricultural equipment operator|tractor driver|forestry tractor driver|combined driver
illustrator,book illustrator|cartoon drawer|inker|comic drawer|drawer|tattoo drawer|children's book illustrator|penciler|comic strip designer|medical illustrator|storyboard artist|pyrographic artist|court room sketcher|cartoonist|colorist|drawing artist|colourist|comic strip artist|comic book illustrator
fire service vehicle operator,emergency fire service vehicle operator|fire and rescue service vehicle operator|fire appliance driver|fire engine driver|fire and rescue service truck operator|fire engine operator|fire appliance operator|crew manager
stand-in,understudy|film stand-in|substitute|television stand-in|back-up|movie stand-in|tv stand-in|double
nursing lecturer,university nursing instructor|lecturer in nursing science|university nursing teacher|lector in nursing science|lecturer in nursing|nursing professor|nursing instructor|university lecturer in nursing|nursing sciences lector|nursing science lector|lector in nursing|higher education nursing teacher|lecturer in nursing sciences|nursing docent|professor of nursing|senior lecturer in nursing|nurse lecturer|nursing teacher|university nursing lecturer|nursing lector|lector in nursing sciences|higher education nursing instructor
snow-clearing worker,snow remover|snow removal worker|snow plougher
geological engineer,geotechnical engineer|geological technology engineering expert|site geological consultant|soil analyst|geologic engineer|geological engineering consultant|geological technology engineering specialist|geological technology engineering adviser|geological engineering expert|construction geologist|geological technology engineering consultant|geological technology engineer|geological engineering adviser|geological engineering specialist
mixed farmer,smallholder|crofter|working farm manager
electrical equipment inspector,electrical equipment tester|electrical appliance inspector|supervisor of electrical equipment|electrical qa inspector|electrical testing and inspection engineer|electrical qc inspector|electrical inspector|inspector of electrical equipment|electrical testing engineer
equipment engineer,equipment engineering expert|equipment engineering consultant|equipment technology engineering adviser|equipment technology engineering expert|equipment engineering adviser|equipment technology engineering specialist|equipment technology engineering consultant|equipment technology engineer|equipment engineering specialist|equipment engineers
computer vision engineer,computer vision applied scientist|computer vision expert|computer vision specialist|computer vision project engineer|smart technics computer vision engineer
embedded systems security engineer,cybersecurity engineer|cyber security engineer|iot security engineer|internet of thing security engineer|embedded systems security expert
tumbling machine operator,machine washing operator|deflash and wash operative|deflash and wash operator|wash equipment operator|tub washer operative|washing machine operator|production machine washer|tub washer|production washer|machine washing operative|washing machine operative|machine washer|precipitate washer|precipitate machine washer|washer engineer
eu funds manager,eu policy and funding expert|regional policy officer|eu projects supervisor|policy officer for eu funds|eu fund manager in joint secretariat|eu funds operational programs manager|european funds policy manager|eu funds policy officer|eu projects coordinator|officer for eu management and control
meteorologist,atmospheric scientist|meteorology scientist|meteorology researcher|atmospheric research scientist|meteorology analyst|atmospheric analyst|meteorology research analyst|meteorology science researcher|atmospheric science researcher|atmospheric researcher|meteorology research scientist|marine meteorologist|atmospheric research analyst
zoo curator,collection curator|curator of herpetology|aquarium curator|zoo collection curator|zoo collection's supervisor|zoological curator|curator of ectotherms|curator of living collections|curator of mammals|mammal curator|curator of invertebrates|zoo general curator|head of living collections|general curator|collections supervisor|curator of reptiles
aerospace engineering drafter,aerospace draftsperson|aerospace draughtsperson|aerospace draughter|aeronautical draughter|aerospace engineering draughting specialist|aerospace engineering draughtsperson|aerospace engineering draughting adviser|aerospace engineering draughting expert|aerospace engineering draughting consultant
industrial firefighter,site emergency response team member|industrial fireman|industrial fire team member|emergency response team member|factory firefighter|site firefighter|fire auxiliary|industrial firewoman
tanner,tanning machine operator|spray finishing machine operator|retanning machine operator|drum operator|beamhouse operator|chrome-tanning drum operator|tanning vacuum dryer|pit tanner|tanning straightener|tanning worker|tawer|tanning drum operator|drum tender
leather goods hand cutting operator,die cutter|die-cutting operator|leather die-cutting operator|leather cutter|leather hand cutting operator|leather die cutter|die cutting operator|leather die cutting operator|cutter|die cutter operator|die-cutter operator
marine electronics technician,marine electronics wiring technician|marine instrument operative|marine electronic networks technician|marine electronics repair technician|marine electrical operator|maritime electronics design technician|maritime electronics installer|marine electrical mechanic|marine electronic mechanic|maritime electronics repair technician|maritime electronic systems technician|marine instrument mechanic|marine line inspector|marine instrument inspector|marine electronics design technician|marine electrical tecnician|maritime electronics wiring technician|marine electrical operative|maritime electronic networks technician|maritime electronics installation technician|marine electronics installation technician|marine electronics installer|marine electrical supervisor|marine instrument operator|marine inspector|marine electronic systems technician
disc jockey,music selector and broadcaster|deejay|club disc jockey|radio disc jockey|live mixing disc jockey|live mixer|live music mixer|music selector|dj
fundraising assistant,philanthropy assistant|fundraising secretary|fundraising administrative assistant|fundraising officer|fundraising clerk
sports equipment repair technician,sports equipment technician|archery bows repairer|sporting goods repair technician|sporting goods repairer|camping equipment repair technician
ergonomist,ergonomic science researcher|ergonomic research analyst|ergonomic scientist|ergonomic research scientist|ergonomists|ergonomic analyst|ergonomic researcher
grinding machine operator,metal filing machine operator|back grinding machine operator|grinding and stapling machine apprentice|grinding machine set-up worker|lapping machine operator|cnc grinding machine technician|polishing machine operator|linisher|fettler|convex grinder operator|grinding machine worker|grinding machine set-up operator|grinding machine setter|grinding machine set-up operative|automatic grinding machine technician|carbon grinding machine operator|buffing machine operator|tool grinding machine operator|linishing machine worker|cnc grinding machine inspector|grinding machine inspector|grinding machine operative|grinding machine technican|abrasive wheel operator|linishing machine operative|abrasive wheel machine operator|convex grinder|filing and grinding machine operator|automatic grinding machine inspector|carbon plant grinding machinist|grinding and stapling machine operative|foundry grinder|grinding room operative|linishing machine operator
automotive designer,automotive design specialist|automotive design expert|auto designer|3d automobile designer|automotive digital designer|2d automobile designer|3d car designer|truck designer|automotive modeller|2d truck designer|motor vehicle clay model design expert|automobile stylist|3d truck designer|2d car designer|automotive digitalisation engineer|2d automotive designer|car stylist|motor vehicle clay model design specialist|automotives designer|motor vehicle clay model designer|car designer|automotive stylist|automotive model maker|3d automotive designer|motor vehicle design specialist|automobile designer
publishing rights manager,digital rights director|publishing rights coordinator|publishing rights director|rights and publishing manager|rights & publishing manager|rights director|rights executive|domestic rights director|senior rights manager|rights manager|publishing and rights director|rights coordinator|publishing & rights director|foreign rights director|domestic rights manager|head of rights|digital rights manager|foreign rights manager
online sales channel manager,e-commerce manager|internet order manager|digital sales manager|mail-order and internet manager|mail order manager|social media sales manager|online sales channel supervisor|assistant online sales channel manager|senior online sales channel manager|trainee online sales channel manager|graduate online sales channel manager
special forces officer,air force officer|counter-terrorism officer|marine|airborne operations officer|commando|counter-insurgency officer|rapid response operative|unconventional warfare officer
production plant crane operator,bottom cat operator|gantry crane technicians|hot-metal crane technicians|production plant electric crane operator|mobile crane technician|wall-crane technician|charging-crane operator|cantilever crane operator|mill crane operator|scrap crane technician|hot-metal crane technician|cinder crane operator|mobile crane technicians|bottom crane operator|ingot stripper|gantry crane technician|tower crane technician|ingot strippers|bridge crane technician|pit crane operator|overhead crane operator|wall-crane operator|crane operators|cinder crane technicians|scrap crane operator|production plant crane operators|tower crane technicians|charging-crane technicians|wall-crane technicians|charging-crane technician|cinder crane technician|bridge crane operator|gantry crane operator|scrap crane technicians|hot-metal crane operator|bridge crane technicians|steel crane operator
electromechanical drafter,electromechanical engineering drafter|electromechanic draughtsperson|electromechanical drafting expert|electro-mechanical draughtsman|electromechanical drafting specialist|electromechanical design drafter|electromechanical draftsperson|electromechanical draughtsman|electro-mechanical draughtswoman|electrical machinery drafter|electromechanical equipment engineering draughter|electromechanical draughtsperson|electromechanical draughter|electromechanical drafting adviser|electromechanic draughter|electromechanics draughtsperson|draughter in electromechanical equipment design|electric machinery drafter|electro-mechanical draughter|electromechanics draughter|electromechanical equipment design draughter|electromechanical drafting consultant|electromechanic draftsperson|electromechanical draughtswoman|electromechanical equipment design drafter|electromechanics draftsperson|electromechanics drafter|electromechanic drafter
insurance rating analyst,insurance analyst|insurance assessor|insurance rater
water jet cutter operator,water jet cutting machine operative|waterjet cutter apprentice|waterjet technician|waterjet cutter operator|water jet cutting machine technician|water jet operator|abrasive jet cutting machine operator|abrasive jet cutter technician|water-jet technician|waterjet cutting machine operative|cnc water jet cutting machine operator|waterjet cutter operative|water jet cutting machine operator|water jet technician|abrasive jet cutting machine technician|waterjet cutting machine operator|abrasive jet cutting machine operative|cnc waterjet cutting machine operator|waterjet cutting machine technician|abrasive jet cutter operator|cnc waterjet cutter operator|abrasive jet cutter operative
brew house operator,brewing operator|brewery worker|brewery operator|brew house worker
power lines supervisor,power lines installation and commissioning supervisor|overhead power lines installation supervisor|electric powerline technician supervisor|overhead power lines construction supervisor|cable installation supervisor|electric powerline supervisor|power lines construction supervisor|power lines installation supervisor|cable installer supervisor
aircraft fuel system operator,aircraft refuelling operator|operator of aircraft fuel systems|aeroplane refueller|refuelling operator|aircraft refueller|refueller|aircraft fuel system worker|fuel operator
dance teacher,dancing teacher|instructor of dance|dance coach|teacher of dance|specialist dance teacher|dance instructor|dance and performing arts teacher|dance trainer|teacher of dancing
animal handler,animal carer|stud animal handler|animal handlers|animal care assistant
import export manager in flowers and plants,customs compliance manager in flowers and plants|assistant import export manager in flowers and plants|senior export manager in flowers and plants|senior import manager in flowers and plants|assistant import manager in flowers and plants|assistant export manager in flowers and plants|senior import export manager in flowers and plants|graduate export manager in flowers and plants|trainee import manager in flowers and plants|international trade compliance manager in flowers and plants|international trade manager in flowers and plants|graduate import export manager in flowers and plants|trainee export manager in flowers and plants|trainee import export manager in flowers and plants|graduate import manager in flowers and plants
special educational needs assistant,teaching assistant in special educational needs|inclusive education assistant|special educational needs teaching assistant|sen ta|special education assistant|sen teaching assistant|sen teacher's aide|special needs teaching assistant|assistant in special educational needs
volunteer mentor,host culture volunteer mentor|peer mentor|volunteer support person|volunteer mentor for community needs|community needs volunteer mentor
locker room attendant,dressing room attendant|spa locker room attendant|gym worker|spa assistant|health spa assistant|sports center worker|locker room assistant|changing room assistant|changing room attendant|dressing room assistant
mobile crane operator,mobile crane operators|lorry-mounted crane operator|operator specialised in mobile crane|bottom cat operator|mobile crane driver|mini crane driver|compact crane operator|compact crane driver|mini crane operator|lorry-mounted crane driver
energy trader,renewable energy share trader|energy trading analyst|renewable energy stock analyst|energy market analyst|energy market economist|energy stock analyst|energy market forecaster|renewable energy stock trader|energy share trader|energy market researcher|energy stock trader
sewerage cleaner,sewer operator|drain cleaner|sewerage systems cleaner
foster care support worker,foster care worker|support worker (foster care)|supervising social worker|independent placement support worker|placement supervisor|support worker (fostering)|placement carer|placement support worker|fostering support worker|placement officer
auditing clerk,account audit clerk|audit office worker|audit technician|audit clerk|audit control clerk|account audit officer|night audit clerk
agricultural technician,agricultural research assistant|bacteriological testing coordinator|horticultural technician|aquaculture technician|biotechnician|assistant in agricultural research|viticulture technician|agricultural technologist
leather goods quality manager,quality supervisor|quality control manager|quality managing director|leather goods quality control manager|quality assurance/quality control manager|leather goods quality director|leather goods quality managing director|leatherware quality manager|leather goods quality supervisor|leatherware quality director|leatherware quality supervisor
component engineer,components engineers|component technology engineering consultant|components engineer|component engineering consultant|component engineering expert|component technology engineering specialist|component engineering adviser|component technology engineer|assembly engineer|component technology engineering adviser|component technology engineering expert|component engineering specialist
"heating, ventilation, air conditioning engineer","hvac project engineer|hvac site engineer|hvacr engineer|hvac engineer|hvac service engineer|air conditioning engineer|building services engineer|heating, ventilation, air conditioning and refrigeration engineer|services engineer|ventilation engineer|refrigeration engineer|hvacr engineers|hvac support engineer|hvac systems engineer"
diplomat,envoy|diplomatic agent|un diplomat|diplomatic service officer|foreign service officer|her majesty's diplomat
vineyard machinery operator,vineyard machine operator|grape grower|farm machinery operator|machinery operator in a vineyard|winery machine operator
compensation analyst,compensation advisor|incentive compensation analyst|compensation coordinator|compensation manager|benefits and compensation analyst|compensation and benefits analyst|compensation consultant|compensation lead|total rewards analyst|global compensation analyst|manager of compensation|compensation administrator|international compensation analyst|hr compensation analyst|variable compensation analyst
maritime pilot,maritime ship pilot|ship steerswoman|marine helmswoman|pilot of maritime vessels|ship pilot|vessel pilot|ship steersman|pilot of maritime ships|ship steersperson|marine pilot|marine helmsman
energy systems engineer,energy systems technology engineering consultant|distribution system engineer|energy conservation engineer|distribution project engineer|energy systems engineering consultant|energy systems engineering expert|environmental research engineer|power systems engineer|distribution engineer|energy production systems engineer|energy conservation systems engineer|energy systems technology engineering adviser|energy distribution systems engineer|energy systems technology engineer|energy conversion systems engineer|energy systems engineering adviser|energy systems technology engineering specialist|energy systems engineering specialist|energy systems technology engineering expert|energy storage systems engineer|energy system engineer|energy transmission systems engineer
electromagnetic engineer,electro magnetics engineer|electromagnetic technology engineer|electromagnetic engineering consultant|electromagnetic compatibility engineer|electromagnetic systems engineer|electro magnetic engineer|engineer in electromagnetic systems|electro-magnetic engineer|electromagnetic engineering adviser|engineer in electromagnetic systems design|electromagnetic technology engineering adviser|engineer in electromagnetic compatibility|electromagnetic engineering specialist|emc engineer|electromagnetics engineer|electro-magnetics engineer|engineer of electromagnetic systems|electromagnetic design engineer|engineer specialist in electromagnetics|electromagnetic engineering expert|electromagnetic technology engineering specialist|electromagnetic technology engineering expert|electromagnetic technology engineering consultant
vessel assembly supervisor,ship engineering compliance supervisor|vessel engineering compliance supervisor|boat quality compliance supervisor|boat assembly quality inspector|vessel quality compliance supervisor|ship assembly quality supervisor|vessel assembly safety supervisor|boat assembly safety supervisor|ship assembly safety supervisor|boat engineering compliance supervisor|boat assembly quality supervisor|ship quality compliance supervisor|ship assembly supervisor|vessel assembly quality supervisor|boat assembly supervisor
archaeologist,archaeology analyst|marine archaeology research analyst|excavation director|archaeologist scientist|archaeology science researcher|marine archaeology science researcher|epigraphist|marine archaeology researcher|marine archaeology research scientist|archaeology research analyst|archaeology researcher|marine archaeologist|archaeology research scientist|archaeology scientist|marine archaeology scholar|marine archaeology analyst|marine archaeology scientist|archaeology scholar
relocation officer,relocation manager|relocation director|relocation commissioner|relocation and department officer|relocation consultant|relocation services officer|relocation specialist
harvest diver,harvesting diver
assessor of prior learning,prior learning assessor
data engineer,data engineer expert|research data engineer
on foot aquatic resources collector,shellfish collector|crustacean collector|on foot seaweed collector
business intelligence manager,market intelligence manager|business research analyst|business intelligence specialist|business research consultant|business intelligence analyst|strategic business and intelligence manager|competitive intelligence manager|research consultant|business intelligence consultant
automated cutting machine operator,automated cutting machine tender|leather goods automatic cutting system operator|leather goods automated cutting system operator|leather goods automated cutting machine operator|automatic cutting machine tender|automatic cutting machine operator|automatic footwear cutting clicker|automatic cutting system operator|automated cutting system operator
labour relations officer,industrial liaison officer|industrial relations officer|union representative|labour policy officer
concrete finisher supervisor,concrete finishing and laying supervisor|flooring operative supervisor|powerfloat finisher supervisor|layer and finisher supervisor|concrete finishing supervisor|floor finishing supervisor|wet concrete finishing supervisor|power floater supervisor|concrete flooring operative supervisor|concrete floor finishing and laying supervisor|concrete floor finishing supervisor|concrete layer supervisor
sport administrator,programme administrator|sport administration officer|sports club administrator|administrator of sports club|sports administration officer|cricket club administrator|administrator of olympic spot recruiting
vineyard supervisor,supervisor of a winery|supervisor of a vineyard
vehicle glazier,mobile windscreen fitter|mobile windscreen repair technician|smart repair technician|auto glazier|mobile vehicle glass technician|windscreen repairer|automotive glazier|mobile windscreen repairer|windscreen repair technician|autoglazier|vehicle glass technician|mobile automotive glazier|mobile windscreen technician|windscreen technician|mobile autoglazier|mobile auto glazier|windscreen replacement technician|windscreen fitter|mobile vehicle glazier|mobile windscreen replacement technician
microelectronics maintenance technician,microelectronics maintenance and repair technician|industrial maintenance technician|microelectronic devices maintenance technician|maintenance and repair technician|microelectronic systems maintenance technician
bed and breakfast operator,guest house proprietor|bed and breakfast proprietor|private hotel owner|guest house owner|bed and breakfast manager|bed and breakfast owner|guest house operator|b&b proprietor|b&b owner|b&b manager|b&b operator|private hotel proprietor|hotelier
oil refinery control room operator,process operator|control room technician|refinery process technician|refinery process operator|operations supervisor|oil refinery control room operators|petroleum process operator|supervisor|monitoring and control technician
veneer slicer operator,veneer clipper operator|veneer lather specialist|vaneer slicing machine operator|veneer slicer technician|veneer cutter specialist|veneer clipper specialist|veneer cutter operator|veneer cutter technician|veneer lather operator|veneer slicer worker|veneer lather technician|veneer cutter|veneer slicer specialist|veneer clipper technician|vaneer slicing machine technician|veneer slicer operative|vaneer slicing machine specialist
manufacturing cost estimator,manufacturing cost analyst|manufacturing estimate clerk|production cost estimator|estimator|manufacturing cost recovery technician
train preparer,switch tender|railway track technician|rail signal maintainer|signalman|railway track maintainer|track worker|rail setter|railway grinder|railroad signal maintainer|railway bender|railway brake technician|track foreman|switch operator|brake coupler|track grinder|rail signalling fitter|track signal repairer|track oiler|track service person|railway switch operator|track repairer
colour sampling operator,colour sampling operators|colouring machine operator|dyers|color sampling operators|color blender|color maker|colour mixer|colour maker|colour blender|color mixer|coloring machine operator
gauger,oil refiner|oil gauger|oil well gauger|gager|well gauger|rig gauger|refinery gauger|pipeline gauger|oil field gauger
promoter,in-house promoter|tour and event booker|events promotor|event organiser|events organiser|event promoter|performance tour manager|road manager|booker & promotor|event organizer|events organizer|music promotor|tour promoter|concert promotor
promotion assistant,events and promotion assistant|marketing promotion assistant|promotions assistant|assistant promoter|promotional assistant
pest management worker,worker in pest management activities|exterminator|pest control service technician|fumigator|pest management professional|pest control worker|pest control technician
financial planner,financial adviser|personal banker|independent financial adviser|financial planning practitioner|personal financial adviser|personal financial planner|wealth adviser
public speaking coach,public speaking tutor|public speaking mentor|speech giving coach
waterway construction labourer,waterway maintenance worker|waterway maintenance woman|waterway construction laborer|waterway construction man|waterway maintenance man|waterway construction worker|waterway construction operative|waterway maintenance operative|waterway construction woman
textile dyeing technician,fabric dyeing technician|dyeing textile technician|dye textile supervisor|dye textile machine operator
metal furniture machine operator,metal furniture assembly worker|metal furniture machine setter|metal furniture machine operative|metal furniture maker|metal furniture machine worker|metal furniture finisher|metal furniture assembly craftsman|metal furniture assembler|metal furniture assembly operative|metal furniture machine tender
media integration operator,creative concepts media integration operator|artistic concepts media integration operator|operator for media integration|operator for media content integration|media content integration operator
circus artist,sword swallower|aerial straps acrobat|chinese pole acrobat|high wire artist|aerial circus performer|russian cradle artist|rope artist|dance trapezist|teeterboard acrobat|acrobat|clown|circus performer|rola bola artist|aerial cradle artist|chinese hoops acrobat|german wheel acrobat|tight wire artist|banquine acrobat|antipodist|rolling globe artist|contortionist|rope acrobat|equilibrist|animal tamer|cloud swing acrobat|cloud swing artist|ladder artist|hula hoop artist|spanish web acrobat|trapezist|spanish web artist|unicyclist|hand to hand artist|tightrope walker|aerial cradle acrobat|aerial rings acrobat|circus acrobat|aerial rings artist|hair hanging artist|chinese pole artist|devil sticks acrobat|korean plank artist|slack wire acrobat|fire eater|banquine artist|russian swing acrobat|straps artist|fire artist|cyr wheel artist|aerial silk artist|teeterboard artist|silk artist|chinese hoops artist|tight wire acrobat|aerial silk acrobat|russian cradle acrobat|aerial straps artist|lasso artist|fakir|devil sticks artist|slack wire artist|russian bar acrobat|aerial artist|aerial acrobat|icarian games acrobat|hula hoop acrobat|ladder acrobat|trampolinist|static trapezist|bicycle artist|hair hanging acrobat|icarian games artist|russian swing artist|rola bola acrobat|swinging trapezist|sword dancer|juggler|knife throwing artist|high wire acrobat|impalement artist|cyr wheel acrobat|rolling globe acrobat|sword eater|korean plank acrobat|korean board artist|bicycle acrobat|russian bar artist|hand to hand acrobat|german wheel artist
electronic equipment inspector,qa inspector for electronic equipment|electronic testing and inspection engineer|inspector of electronic equipment|electronic testing engineer|inspector of electronics|electronics tester|tester of electronic equipment|electronic qc inspector|electronic equipment qa inspector|electronics inspector
green ict consultant,it environmental consultant|green it consultant|green ict consultants|ict environmental consultant|ict sustainability systems consultant
typist,shorthand typist|word processor|transcription typist|braille typist|audio typist|clerk typist|data entry typist|phonotypist
moulding machine operator,injection moulding machine operator|mold maintenance technician|moulding machine operators|machine moulding worker
foreclosure specialist,bankruptcy coordinator|foreclosure manager|bankruptcy manager|foreclosure coordinator|foreclosure consultant
activity leader,workshop leader|leisure activities leader|activities coordinator|holiday resort activity leader|youth coordinator|youth activities coordinator|workshop presenter|cultural activities leader|holiday village activity leader|youth leader|youth activities leader|recreational activities leader
air separation plant operator,air separation plant production operator|air separation plant operative|air separation plant worker|oxygen plant operator|oxygen gas plant operator|air separation plant production operative|air separation plant production worker
lacquer maker,lacquer mixer|synthetic paint and varnish maker|lacquer maker (paint & varnish)|maker of lacquer|synthetic paint & varnish maker
sound mastering engineer,mixing & mastering sound engineer|audio mastering engineer|mixing and mastering engineer|mastering technician|audio mastering operator|mastering engineer|digital mastering technician
mine shift manager,scheduling officer|scheduling manager (mine)|mine shift supervisor|mine shifts manager|mine shift managers|mine shift coordinator|mine scheduling engineer
energy conservation officer,energy information officer|energy management officer
flowers and plants distribution manager,assistant flowers and plants distribution manager|senior flowers and plants distribution manager|flowers and plants logistics planner|graduate flowers and plants distribution manager|flowers and plants supply chain planner|flowers and plants supply chain manager|flowers and plants distribution planner|trainee flowers and plants distribution manager|flowers and plants logistics manager
furniture cleaner,re-upholsterer|upholstery cleaner
imagesetter,phototypesetter technician|phototypesetter engineer|phototypesetter operator|phototypesetting machine technician|imagesetter engineer|imagesetter technician|phototypesetting machine engineer|phototypesetting machine operator
interpreter,court interpreter|public service interpreter|consecutive interpreter|simultaneous interpreter|remote interpreter|sworn interpreter|community interpreter|conference interpreter|police interpreter|bilingual health advocate|advocate interpreter|telephone interpreter|social interpreter|guide interpreter|medical interpreter|bilateral interpreter|television interpreter|business interpreter
greaser,machine oiler|machine greaser|machinery lube technician|bearing greaser|lubrication technician|grease gun operative|lube technician|machinery lubrication technician|oiler
rotating equipment mechanic,rotating equipment maintainer|rotating equipment maintenance worker|compression equipment repairer|compressor mechanic|compressor repairman|rotating equipment operator|rotating equipment inspector|compressor inspector|rotating equipment operative|rotating equipment repairer|rotating equipment maintenance operative|rotating equipment repairman|rotating equipment craftsman
educational counsellor,student advisor|student guidance counsellor|education counsellor|counsellor in education institution|childrens' counsellor|vocational school counsellor|student services coordinator|high-school counsellor|education institution counsellor|training adviser|educational counselor|school counsellor|study coordinator|counselling student advisor|student adviser|study adviser|student counsellor|counsellor in school|guidance counsellor
blockchain developer,dlt engineer|blockchain development engineer|decentralized ledger technology specialist|blockchain engineer|dlt specialist
satellite engineer,satellite control engineer|satellite system engineer|satellite communication engineer|satellite engineering analyst|satellite software developer|satellite software engineer|satellite communications engineer|satellite space system engineer
tyre builder,tyre production plant operative|tyre tread builder|tire maker|tyre production worker|tire tread builder|tire production worker|tyre factory worker|tire factory worker|tyre maker|tire production plant operative
"computers, computer peripheral equipment and software distribution manager","senior computers, computer peripheral equipment and software distribution manager|computers, computer peripheral equipment and software supply chain manager|computers, computer peripheral equipment and software logistics planner|assistant computers, computer peripheral equipment and software distribution manager|trainee computers, computer peripheral equipment and software distribution manager|computers, computer peripheral equipment and software distribution planner|graduate computers, computer peripheral equipment and software distribution manager|computers, computer peripheral equipment and software logistics manager|computers, computer peripheral equipment and software supply chain planner"
deep-sea fishery worker,deep-sea fisherman|deep-sea fisherwoman
corporate investment banker,corporate banker|corporate investment adviser|operational investment banker|corporate investment strategist|investment banker|investment banking associate
factory hand,production assistant|factory worker|factory operative|general hand|production team member|factory labourer|production team operative|production line team member|factory general hand|process operative
rotating equipment engineer,rotating equipment engineering specialist|rotating equipment technology engineering adviser|rotating equipment technology engineering consultant|rotating equipment technology engineering specialist|rotating equipment technology engineering expert|rotational equipment engineer|rotating equipment engineering consultant|rotating equipment technology engineer|rotating equipment engineering adviser|rotating component engineer|rotating equipment engineering expert
election observer,election monitor|electoral observer|international election observer|short term election observer|election scrutineer|international observer|long term election observer
staircase installer,stair installer|staircase carpenter|stairway carpenter|staircase craftsman|staircase fitter|balustrade installer|stair builder|staircase and balustrade installer|stairway installer|stairway fitter
refuse vehicle driver,driver of refuse vehicle
medical device assembler,medical instrument assembler|medical instrument maker|assembler of medical appliances|medical instrument assembly worker|medical appliance assembler|medical device constructor|medical device production worker|medical device maker|medical device production operative|medical appliance maker|medical instrument assembly technician|medical device production operator|medical furniture assembly technician|medical furniture assembly worker|medical furniture assembler|medical device assembly worker|medical device fabricator|medical appliance assembly worker|medical device assembly technician|medical furniture maker|medical instrument fabricator|medical appliance assembly technician|assembler of medical devices
pharmaceutical goods distribution manager,pharmaceutical goods supply chain planner|pharmaceutical goods logistics manager|assistant pharmaceutical goods distribution manager|pharmaceutical goods logistics planner|senior pharmaceutical goods distribution manager|pharmaceutical goods supply chain manager|pharmaceutical goods distribution planner|graduate pharmaceutical goods distribution manager|trainee pharmaceutical goods distribution manager
diesel engine mechanic,mechanical body fitter|diesel mechanic|mechanical bogie fitter|railway diesel mechanic|mechanic diesel engine
library manager,library services manager|public library services manager|head of library|library operations manager|library administrator|library director|public library manager
leather goods manual operator,hand operator|manual operator|leather parts manipulator|leather components manipulator
veterinary nurse,veterinary nursing specialist|veterinary nurses|animal nurse|veterinary practice assistant|animal nursing specialist
photonics engineering technician,photonics engineering technologist|photonic systems engineering technician|laser technician|electro-optical technologist|technician in photonic systems|photonics technician|photonic systems technician|technician in photonics|electro-optical technician|optical systems technician|optical systems technologist
electrical drafter,electrical draughter|electric draughtsperson|electrical draughtsperson|electrical drafting adviser|draughter in electrical systems|electrical design drafter|electrical systems draughter|electrical design draughter|electrical engineering drafter|electrical draughtsman|electrical drafting expert|electrical equipment engineering draughter|electric draughter|electrical equipment design draughter|draughter of electrical systems|electrical draftsperson|electric draftsperson|electric drafter|electrical draughtswoman|electrical drafting consultant|electrical drafting specialist|electrical equipment design drafter
casting machine operator,caster|pourer and caster|mold casting worker|metal moulder|foundry operator|foundry worker|mould casting worker|ladleperson|foundry process operator|ladleman|foundryman|metal molder|molding and casting worker|metal caster
printed circuit board test technician,pcb test operator|printed circuit board test operator|test technician for printed circuit boards|test technician for pcbs|printed circuit board tester|pcb tester|pcb inspection technician|printed circuit board inspection technician|pcb test technician
cadastral technician,cadastral surveyor|cadastral mapping technician|cadastral land surveyor|land agent
physiologist,anatomy analyst|anatomy researcher|anatomy research scientist|physiology scientist|physiology analyst|physiology research scientist|anatomist|anatomy science researcher|physiologists|physiology researcher|anatomy research analyst|anatomy scientist|physiology research analyst|physiology science researcher
data scientist,data expert|research data scientist|data research scientist|electromobility data scientist
motorcycle instructor,driving instructor|motorcycle driving training instructor|driver training instructor|driver education instructor|motorcycle driving instructor|motorcycle driver training instructor|motorcycle driver education instructor
anaerobic digestion plant operator,waste treatment plant operator|effluent plant operator|processing plant technician|biogas plant operator|plant process operator|bio-diesel process operator|effluent operator|re-use treatment plant operator|processing plant operator
fiberglass laminator,fiberglass-spraying machine operator|fibreglass-spraying machine operator|fibreglass laminator|fibreglass lamination technician|boat hull laminator
cloak room attendant,checkroom attendant|special event worker|coatroom assistant|nightclub worker|cloakroom attendant|cloak room assistant|coatroom attendant|checkroom assistant|event staff worker
ship planner,maritime ship planner|cargo planning manager|cargo planning officer|senior ship planner|inland vessel cargo planner|cargo planning and operations manager|maritime ship cargo planner|vessel cargo planner|inland ship planner|vessel planner|inland vessel planner|manager of cargo planning and operations|inland water cargo planner|inland water ship planner|ship cargo planner
park guide,park ranger|countryside ranger|countryside manager|heritage centre worker|area ranger|wildlife centre guide|visitors centre guide|national park guide|national trail officer|park interpretation officer|ranger|visitors centre worker|amusement centre worker|heritage centre guide|visitor guide|interpretation officer|national park ranger|cultural heritage centre worker|countryside guide
actor/actress,musical theatre performer|actor|musical theatre actor|actress|film actor|musical theatre actress|film & theatre actress|film and theater actor|theatre and film actress|drama actor|performer|theatre & film actress|film and theatre actress|theatre and film actor|theatre & film actor|film and theatre actor|film & theatre actor|theatre perfomer|film actress
leather wet processing department manager,leather wet processing manager|beamhouse department manager|leather wet processing department supervisor|tanyard area supervisor
navy officer,sub-lieutenant|ship-of-the-line ensign|midshipman
vehicle maintenance supervisor,service station manager|bus and coach maintenance supervisor|heavy vehicle maintenance supervisor|bus maintenance supervisor|bus maintenance manager|pcv maintenance manager|coach maintenance manager|pcv maintenance supervisor|fleet maintenance supervisor|bus and coach maintenance manager|light vehicle maintenance manager|heavy vehicle maintenance manager|coach maintenance supervisor|automobile repair shop manager|light vehicle maintenance supervisor|fleet maintenance manager|automobile servicing manager|lgv maintenance supervisor|lgv maintenance manager|fast-fit service manager
bookmaker,on-course bookmaker|race course bookmaker|on course bookmaker|off-course bookmaker|bookmaker clerk|sports bookmaker|senior bookmaker|stadium bookmaker|off course bookmaker|head bookmaker|turf accountant|betting clerk|bookmaker manager
dog trainer,greyhound trainer|sheepdog trainer|dog training instructor|guide dog trainer|canine behaviourist|police dog trainer|agility dog trainer|security dog trainer|canine training centre worker|dog handler trainer|pet dog trainer|gun dog trainer|canine behaviour trainer|dog handler instructor|puppy trainer|assistance dog trainer
pasta maker,pasta producer|pasta products maker|pasta making operative|pasta goods maker
confectionery specialised seller,sweet specialised seller|sugar confectionery specialised seller|candy salesperson|pastry and confectionery salesperson|pastry and confectionery specialised seller|confectionery specialized seller|sugar confectionery salesperson|chocolate confections salesperson|chocolate specialised seller|chocolate salesperson|chocolate confections specialised seller|sweet salesperson|candy specialised seller|confectionery salesperson
industrial machinery mechanic,industrial machinery fitter|electronic fitter|industrial machine fitter|mechanical engineering fitter|industrial machine repairer|industrial machine inspector|mechanical fitter|industrial machinery inspector|industrial machine maintenance engineer|industrial machine mechanic|industrial machinery maintenance engineer|electrical engineering fitter|industrial machinery repairer|engineering fitter
boat rigger,deck rigger|marine outboard rigger|sail rigger|yacht rigger|ship rigger|marine rigger|boat tester|boat checker
fact checker,copy editor/fact checker|journalist/fact checker|fact-checker|editor/fact checker|writer/fact checker|researcher/fact checker|assistant editor
newspaper editor,news editor|newspaper graphics editor|sports editor|graphics editor|newspaper news editor
microsystem engineering technician,technician in microsystems|micro-system engineering technician|microsystem technologist|microelectromechanical systems technician|microelectromechanical systems technologist|mems technician|technician in microsystem engineering|microsystem technician|mems technologist|microsystem engineering assistant
fisheries boatman,local fisheries boatwoman|local boatman|local fishing vessel skipper|local fisheries boatman|fisheries boatwoman
middle office analyst,middle office associate|transaction reporting specialist|middle office specialist|structured products middle office analyst|derivatives middle office analyst|middle office junior manager|middle office risk and control analyst|middle office regulatory reform analyst|middle office senior manager|senior analyst-control
chief ict security officer,information security manager|ciso|information security administrator|it security officer|ict security officer|chief information security officer|iso|chief ict security officers|cybersecurity programme director|information security officer|head of it security|head it security officer|head of information security
electronics engineering technician,industrial electronics engineering technician|electronic equipment technician|technologist in electronics engineering|signal processing technician|technician in electronic equipment|assistant in electronics engineering|electronics engineering technologist|technician in electronics engineering|power electronics engineering technician|communication electronics engineering technician|control and instrumentation technician|signal processing technologist|digital electronics engineering technician|electronics engineering assistant
rail logistics coordinator,rail transportation specialist|rail transportation coordinator|rail logistics analyst|railway logistics analyst|railway transportation specialist
drone pilot,civil drone operator|unmanned aircraft pilot|remote piloted aircraft (rpa) pilot|unmanned aircraft systems operator|unmanned aerial vehicles (uavs) pilot|drone operator
marine cargo inspector,inspector of ship freight|marine freight and cargo inspector|shipping freight and cargo inspector|ship freight inspector|inspector of ship cargo
history teacher secondary school,history teacher|history teacher in high school|teacher of history in high school|history teacher high school|teacher of history in secondary school|high school history teacher|secondary school history teacher|high school history tutor|history tutor in secondary school|secondary school history tutor|history tutor in high school
chemical metallurgist,extraction metallurgist|chemical metallurgy expert|chemical metallurgy consultant|chemical metallurgy adviser|chemical metallurgy research analyst|chemical metallurgy scientist|chemical metallurgy science researcher|chemical metallurgy specialist|steel industry expert|chemical technicians|chemical metallurgy researcher|chemical metallurgy scholar|chemical metallurgy research scientist|chemical testers|chemical metallurgy analyst|chemicals metallurgist|chemical metallurgists
paper cutter operator,paper cutting machine operator|paper cutting machine specialist|shearer specialist|shearer technician|paper cutting machine technician|paper cutting machinist|die cutting machine technician|shearer operator|paper cutter specialist|paper cutter operative|die cutting machine operator|die cutting machine specialist|paper cutter technician|paper cutter worker
puppeteer,ventriloquist|mime artist|puppeteer & voice artist|puppeteer-actor|puppeteer and voice actress|voice artist & puppeteer|lead puppeteer|puppeteer and actress|actor puppeteer|voice actor and puppeteer|puppeteer and actor|puppeteer & actor|actor and puppeteer|puppeteer & puppet designer|actress & puppeteer|voice actress & puppeteer|puppeteer & voice actress|puppet designer & puppeteer|puppeteer & actress|voice actress and puppeteer|voice actor & puppeteer|marionetteer|voice artist and puppeteer|puppeteer & voice actor|actress and puppeteer|puppeteer and voice artist|puppeteer and voice actor|actor & puppeteer|marionette performer|puppet designer and puppeteer|puppeteer and puppet designer|puppeteer actress|actress-puppeteer
regional development policy officer,regional policy officer|policy officer for regional development|regional development policy analyst|regional development policy researcher|legal policy officer for regional development|regional development policy developer|policy officer in regional development department|regional development policy coordinator
water quality analyst,water quality specialist|drinking water quality technician|potable water quality laboratory analyst|drinking water quality specialist|potable water quality analyst|irrigation water quality analyst|potable water quality inspector|water supply quality analyst|potable water quality specialist|drinking water quality inspector|water quality inspector|drinking water quality laboratory analyst|water quality technician|water quality laboratory analyst|drinking water quality analyst
alternative animal therapist,animal massage therapist|animal homeopath|animal acupuncturist|complementary animal therapist|natural animal therapist|holistic animal therapist|animal healer
made-up textile articles manufacturer,sunshade maker|manufacturer of soft furnishings|carpet sewer|sail maker|soft furnishers|soft furnisher|tent maker
centrifuge operator,centrifugal process operator|centrifuge operative|spinning operative|spinning operator
braiding textile technician,braiding textile setter|cable-braiding technician|braiding machine tender|braiding technician|braiding machine setter|textile braiding operator|braiding department manager
travel consultant,tourism promotion agent|business travel consultant|business travel advisor|leisure travel consultant|travel advisor
automotive test driver,motor vehicle test driver|automobile test technician|test driver|auto test driver|car test and development driver|automobile test driver|road test driver|automotive test technician|prototype vehicle evaluator|prototype vehicle tester|car test technician|car tester|automobile test and development driver|road test and development driver|car test driver
aviation meteorologist,meteorologist|meteorological technician|meteorological aviation inspector|airline meteorologist|air meteorologist|specialist in aviation meteorology|air navigation meteorologist|aviation meteorological specialist
leather goods cad patternmaker,leatherware cad pattern-maker|leather goods cad pattern-maker|leather goods cad operator|leather goods cad modelist|cad patternmaker leather goods|cad pattern-maker leather goods|leatherware cad operator|leather goods cad pattern maker|leatherware cad modelist
soap chipper,soap chipping machine operative|soap chipping machine tender|soap chipping machine feeder|soap chipping machine worker|soap chipper feeder|soap chipper operator|soap chipping machine operator|soap chipper operative|soap chipper tender
live animals distribution manager,trainee live animals distribution manager|live animals supply chain manager|graduate live animals distribution manager|live animals logistics planner|live animals supply chain planner|live animals distribution planner|live animals logistics manager|senior live animals distribution manager|assistant live animals distribution manager
ice-skating coach,speed skating coach|figure skating coach|ice-skating teacher|speed skating instructor|speed skating trainer|ice-skating trainer|ice-skating instructor|skating coach
innovation engineer,innovation engineer expert|innovation engineer consultant|innovation engineer specialist
purchaser,supply agent|purchasing office worker|purchasing and supply office worker|procurement and supply agent|purchasing assistant|purchasing and supply assistant|purchasing agent|trainee purchaser|procurement officer|purchasing and supply officer|purchasing officer|procurer|assistant purchaser|purchasing and supply agent|procurement and supply officer|senior buyer|graduate purchaser|purchasing office clerk|senior purchaser|supply officer|purchasing and supply office clerk|procurement agent|buyer|buying agent
executive assistant,executive administrative assistant|assistant manager|personal assistant|executive secretary|foreign language correspondent executive assistant|multilingual secretary|senior administrative secretary|personal executive assistant|foreign language assistant
shepherd,sheep herder|flock manager|sheep flock specialist|flock movement specialist|sheep flock manager
rail construction supervisor,railtrack construction supervisor|rail track construction supervisor|railtrack maintenance supervisor|railway construction and maintenance supervisor|permanent way construction supervisor|permanent way maintenance supervisor|railway construction supervisor|rail track maintenance supervisor|railway maintenance supervisor
carpenter,joiner|woodworker|heritage carpentry|carpentry framer|joiner supervisor|craftsman carpenter|timber worker|commercial carpenter|craft carpenter|frame-maker|joinery worker
chilling operator,prepared meals operator
dresser,wardrobe mistress|wardrobe master|principal dresser|backstage dresser
pipeline pump operator,pipeline goods transfer operator|oil transfer operator|pump tender|pipe tender|pipeline tender|gas transfer operator
casting mould maker,pleat pattern-maker|injection molding tool maker|wooden pattern-maker|pattern grader cutter|foundry pattern maker|pleat patternmaker|foundry pattern-maker|pleat pattern maker|metal patternmaker|pattern maker/joiner|metal pattern maker|casting mold maker|foundry patternmaker|injection moulding tool maker|metal pattern-maker|sheet metal pattern cutter|wooden pattern maker|pattern-maker/joiner|wooden patternmaker
construction engineer,building engineer|construction design engineer|buildng construction engineer|site engineer|construction project engineer|engineering support manager
textile machinery technician,textile value chain machine repairer|textile machine repairer|card fixer|textile machine maintenance mechanic|textile card inspector|textile machinery mechanic|textile machine inspector|textile machinery repairer|textile machine installer|textile machine operator|fabric material machine operator|card grinder|assistant textile machinery installer|textile machinery maintenance mechanic|textile machinery installer|textile machine apprentice|textile machinery fixer|textile machine operative|textile machine mechanic|textile card mechanic|textile machinery installation assistant|textile mechanic|textile card grinder|textile card fixer|fabric machine operator|textile machinery mecanic
shotfirer,explosives technician|shot firer|demolition operative|shot-firer|blast crew operator|shotfirers|operator (blast crew)|blaster
marine engineering drafter,marine draughter|naval engineering drafter|marine draftsperson|marine drafter|shipbuilding drafter|marine engineering drafting specialist|marine engineering drafting expert|marine engineering draughter|marine engineering drafting adviser|marine draughtsperson|marine engineering draftsperson|marine engineering drafting consultant|marine engineering draughtsperson
"fish, crustaceans and molluscs distribution manager","fish, crustaceans and mollusks distribution manager|senior fish, crustaceans and molluscs distribution manager|fish, crustaceans and molluscs supply chain planner|trainee fish, crustaceans and molluscs distribution manager|fish, crustaceans and molluscs logistics manager|assistant fish, crustaceans and molluscs distribution manager|fish, crustaceans and molluscs supply chain manager|fish, crustaceans and molluscs logistics planner|graduate fish, crustaceans and molluscs distribution manager"
optical instrument repairer,optical instrument technician|binoculars repairer|ophthalmic instrument repairer|telescopes repairer|optical instruments repairer|telescope repairer|optical instrument engineer|optical instruments worker|ophthalmic instruments repairer|optical instrument worker|optical instruments technician|binocular repairer|optical instruments engineer|optical instruments servicer|optical instrument servicer
police commissioner,commissaire|chief constable|police & crime commissioner|chief police constable|police and crime commissioner|police chief constable|police chief|sheriff|chief police officer|police woman
child welfare worker,children and families welfare officer|welfare officer (children)|child welfare officer|children's welfare officer|children and families welfare worker|child welfare social care worker
commodity broker,commodity dealer|commodities broker
bakery shop manager,bread and cakes shop manager|bread and cakes store manager|bakery department manager|patisserie shop manager|cake shop manager|bakery counter manager|pastries shop manager|bread and pastries shop manager|bakers store manager|patisserie store manager|bakery store manager|bread and pastries store manager|pastries store manager
textile machine operator,textile supervisor|textile processing supervisor|textile processing forewoman|textile processing foreman|textile supervisors|textile machinist|textile operations supervisor|textile machine operators
dog breeder,dogs breeder
sewer construction supervisor,sewer system construction supervisor|sewer pipeline construction supervisor|sewage pipelayer supervisor|sewage system construction supervisor
health and safety inspector,employment lawyer|health & safety advisor|inspector of health and safety|labor inspector|health and safety advisor|employment officer|occupational health and safety inspector|senior labour inspector|employment solicitor|wage inspector|labour inspector
footwear quality controller,footwear quality assurance controller|footwear quality control inspector|footwear quality control officer|footwear quality control analyst|footwear quality and compliance supervisor
bridge operator,drawbridge operator|railroad bridge worker|bridge construction laborer
classical languages teacher secondary school,classical languages teacher in high school|secondary school latin teacher|classical languages teacher high school|teacher of classical languages in secondary school|high school latin teacher|high school classical languages teacher|secondary school classical languages teacher
deputy head teacher,school deputy head|deputy headmaster|deputy head|school deputy headmaster|assistant head teacher|assistant principal|assistant headteacher
cashier,check out assistant|check out operator|hypermarket cashier|department store cashier|outlet centre cashier|shop cashier|supermarket cashier|filling station cashier|checkout assistant|check out operative|checkout operative|checkout operator|toll booth attendant
instrumentation engineering technician,c&i technologist|technologist in control and instrumentation equipment|control and instrumentation technologist|control and instrumentation engineering technician|technician in instrumentation engineering|instrumentation technologist|measurement and control engineering technologist|c&i engineering technician|instrumentation technician|instrumentation engineering assistant
meter reader,water meter reader|metering data reader|electricity meter reader|utility meter reader|smart meter data reader|smart meter reader|gas meter reader|billing information reader|metering data analyst|billing information analyst
heat sealing machine operator,heat sealing machine worker|heat seal operative|hot bar sealer setter|heat seal machine worker|continuous heat sealer setter|continuous heat sealer tender|heat seal machine tender|hot bar sealer tender|heat sealing machine operative|hot bar sealer operative|heat sealing machine tender|impulse heat sealer setter|heat seal machine setter|hot bar sealer operator|heat seal machine operator|heat seal operator|impulse heat sealer operative|heat sealing machine setter|heat seal machine operative|impulse heat sealer operator|continuous heat sealer operative|impulse heat sealer tender|continuous heat sealer operator
rental service representative in personal and household goods,rental sales assistant in personal and household goods|rental sales desk agent in personal and household goods|rental service worker in personal and household goods|rental service desk clerk in personal and household goods|rental advisor in personal and household goods|rental service assistant in personal and household goods|rental specialist in personal and household goods|rental sales desk clerk in personal and household goods|rental sales worker in personal and household goods|rental service desk agent in personal and household goods
enterprise architect,enterprise architects|enterprise developer|enterprise architecture manager|enterprise designer
clothing technologist,textile technologist|clothing technician|clothing production engineer|garment technologist|clothing engineer
vessel steering instructor,cruise ship instructor|helm|helmsman|helm teacher|ship steering teacher|vessel steering teacher|helmsman instructor|marine vessel captain|helmsman teacher|ship steering instructor|helm instructor
further education principal,fe principal|fe director|further education director|director of fe college|head of further education college|director of further education college|arts conservatory principal|arts conservatory director|technical institute principal|post-secondary school headmaster|post-secondary school director|technical institute director|post-secondary school principal|head of fe college|college director
botanical technician,horticulturist|forest technician|green house operations supervisor|field botany technician|naturalist|research plant pathologist|plant scientist|plant biocurator|plant researcher
social security inspector,single fraud investigation service officer|claims investigator|social security claims inspector|social security fraud inspector|social service investigator|local service fraud investigator|labour law inspector|social security investigator|social security fraud investigator|claimant fraud investigator|benefit fraud investigator
commercial art gallery manager,gallery programme manager|arts space manager|gallery manager|art gallery manager|display manager
carriage driver,horse-drawn fiacre driver|coachwoman|fiacre driver|horse-drawn hackney carriage driver|coachman|horse-drawn carriage driver
leather measuring operator,leather measuring operators|measuring machine tender|leather measurer|pinwheels and optical leather measuring operator|hide measuring machine operator|leather measuring machine operator|leather measurement operator|hide measurer
contract manager,medical contract manager|commercial contract manager|construction contract manager|contract compliance manager|contract auditor|contract specialist
boiler operator,boiler operative|steam boiler operator|boiler worker|heating system operator|boiler maintenance technician|power plant operator|steam heating operator|boiler technician|power plant operative|power plant worker|boiler maintenance operator|steam power operator|boilerman|heating system maintenance worker|heating system operative|boiler tender
audio production technician,stage manager|venue technician|event technician|pa man|stage sound technician|front of house technician|pa woman|live sound technician|live sound engineer|front of house sound engineer|audio engineer|acoustics technician|sound engineer
toys and games shop manager,toy shop manager|toy superstore manager|games store manager|toy and game superstore manager|kids toys and games shop manager|kids toys store manager|models and games store manager|games and toys store manager|toy store manager|kids toys shop manager|models and collectibles shop manager|kids toys and games store manager|models and collectibles store manager|games shop manager|models and games shop manager
machine operator supervisor,machine shop supervisor|machine and assembly supervisor|lead machinist|machine adjuster charge hand|machine setter team leader|machining department supervisor|machining and assembly supervisor|machining and assembly team leader|machine setter supervisor|manufacturing machine adjuster supervisor|leading machinist
sustainability manager,sustainable business manager|sustainable business process manager|sustainability analyst|sustainability specialist|sustainability coordinator
insurance collector,insurance claims and policy processing clerk|claims clerk|collector of insurance payments|insurance claims clerk
commercial director,chief commercial officer|marketing director|commercial marketing specialist|cco|international commercial director|corporate commercial manager|commercial manager|commercial strategy director|business development director
spa attendant,health club attendant|mineral springs attendant|steam room attendant|hot springs attendant|wellness consultant|sauna room attendant|suntan studio attendant|spa technician|health spa attendant
technical sales representative in agricultural machinery and equipment,graduate technical sales representative in agricultural machinery and equipment|agricultural machinery and equipment field salesperson|agricultural machinery and equipment field saleswoman|assistant technical sales engineer in agricultural machinery and equipment|senior technical sales engineer in agricultural machinery and equipment|agricultural machinery and equipment outside technical sales representative|trainee technical sales engineer in agricultural machinery and equipment|trainee technical sales representative in agricultural machinery and equipment|agricultural machinery and equipment field salesman|graduate technical sales engineer in agricultural machinery and equipment|assistant technical sales representative in agricultural machinery and equipment|agricultural machinery and equipment technical field sales representative|senior technical sales representative in agricultural machinery and equipment|agricultural machinery and equipment inside technical sales representative
coppersmith,non-ferrous metal worker|brass worker|copper fabricator|coppersmith brazer|decorative coppersmith|pipefitter|copper craftworker|metalworker|brass fabricator|copper craftswoman|brazer|copper artist|pipe fabricator|copper craftsman|redsmith|copper worker
wine sommelier,sommelier|wine choice consultant|wine selection advisor|wine steward|wine advisor
frame maker,picture framemaker|mirror frame maker|frame repairer|mirror framer|frame-making machine setter|frame producer|picture frame restorer|frame restorer|frames creator|mirror framemaker|mirror frame restorer|frames producer|frames fabricator|frames maker|frame creator|picture frame maker|frame-making machine operative|frame-making machine operator|picture framer|frame builder|mirror frame repairer|frame fabricator|picture frame repairer|framer|frames builder|frame-making machine tender|fine art framer
acupuncturist,expert acupuncturist|acupuncture therapist|acupuncture practitioner|acupuncture specialist|advanced acupuncturist|expert in acupuncture|practitioner of acupuncture|specialist in acupuncture
wholesale merchant in electronic and telecommunications equipment and parts,wholesaler in electronic and telecommunications equipment and parts|b2b sales consultant in electronic and telecommunications equipment and parts|business to business sales consultant in electronic and telecommunications equipment and parts|senior wholesale merchant in electronic and telecommunications equipment and parts|assistant wholesale merchant in electronic and telecommunications equipment and parts|business to business seller in electronic and telecommunications equipment and parts|wholesale trader in electronic and telecommunications equipment and parts|trainee wholesale merchant in electronic and telecommunications equipment and parts|wholesale merchandiser in electronic and telecommunications equipment and parts|wholesale buyer in electronic and telecommunications equipment and parts|graduate wholesale merchant in electronic and telecommunications equipment and parts
academic support officer,schools liaison and access officer|university access coordinator|higher education access officer|student support officer|access officer in university|access and outreach officer in university|undergraduate access and outreach officer|university access officer|access and outreach officer|university access and outreach officer
animal welfare inspector,animal rescue operator|animal welfare officer|animal social worker|animal welfare worker|animal control officer|animal rescue inspector|animal welfare coordinator|animal welfare inspectors|animal protection officer|animal wellbeing officer
boatswain,fisheries boatswain|senior crewman|bosum|senior crewwoman
aquaculture cage mooring worker,fish farm cage mooring worker|fish cage mooring worker|fisheries cage mooring worker
lift installation supervisor,supervisor of lift installations|elevator installation supervisor|lift installation engineer|elevator construction supervisor|lift installation foreman|lift construction supervisor|supervisor of lift installation operations|project supervisor (lift installation)
biomedical scientist,biomedical doctor|practitioner in biomedical science|clinical embryologist|blood bank technology specialist|scientist in biomedicine|analyst in biomedical science|medical laboratory scientist|clinical laboratory scientist|biomedical analyst|clinical laboratory technologist|biomedical researcher|researcher in biomedical science|medical scientist
bakery specialised seller,bread and pastries salesperson|bakers shop salesperson|bakery specialized seller|patisserie specialised seller|bakery department specialised seller|bread and pastries specialised seller|bread and cakes salesperson|bakery salesperson|bread and cakes specialised seller|bakery counter salesperson|patisserie salesperson|pastries salesperson|pastries specialised seller|bakers shop specialised seller|bakery counter specialised seller|bakery department salesperson
construction scaffolding supervisor,scaffolding supervisor|scaffolding foreman|foreman scaffolder|construction scaffolding foreman|access platform erection supervisor|scaffold erection foreman
sales account manager,sales coordinator|sales representative|sales development manager|advertising account manager|client administrator|graduate account manager|assistant sales account manager|national account manager|assistant account manager|relations manager|relations administrator|business development manager|trainee sales account manager|trainee account manager|client sales manager|key account manager|advertising account executive|customer relationship manager|customer relations manager|senior account manager|senior sales account manager|customer relationship administrator|graduate sales account manager
tunnel kiln operator,dryer kiln operative|drying tunnel operator|tunnel kiln operative|tunnel kiln worker|clay tunnel kiln operator|dryer kiln operator|clay tunnel kiln operative
mobile application developer,cell phone app developer|app programmer|mobile app specialist|app coder|mobile app developer|app developer
wearing apparel presser,ironing lady|pressing machine operator for garment and related materials|garment presser|topper-press operator|ironing person|apparel presser|ironer|hand pressing operator|steam flattener|hand presser for garment and related materials|presser for garment and related materials
wholesale merchant in fish crustaceans and molluscs,"b2b sales consultant in fish, crustaceans and molluscs|wholesale merchant in fish, crustaceans and mollusks|senior wholesale merchant in fish, crustaceans and molluscs|assistant wholesale merchant in fish, crustaceans and molluscs|business to business sales consultant in fish, crustaceans and molluscs|wholesale merchandiser in fish, crustaceans and molluscs|wholesale trader in fish, crustaceans and molluscs|trainee wholesale merchant in fish, crustaceans and molluscs|graduate wholesale merchant in fish, crustaceans and molluscs|wholesale buyer in fish, crustaceans and molluscs|business to business seller in fish, crustaceans and molluscs|wholesaler in fish, crustaceans and molluscs"
communication infrastructure maintainer,telecoms infrastructure technician|communication equipment maintainer|telecoms infrastructure engineer|cable technician|communication infrastructure maintainers|communication hardware maintainer
book restorer,book conservator|book repairer|paper conservator|book restorer and conservator|master book restorer|rare book restorer
food production engineer,food engineer
performance lighting director,tv lighting director|lighting director|television lighting supervisor|lighting supervisor|motion picture lighting director|lighting art director|television lighting director|lighting designer & director|tv lighting supervisor|lighting designer and director
warehouse manager,inventory manager|transportation warehouse manager|warehouse supervisor|warehouse superintendent|warehouse operations manager|manager of warehouse|warehouse administration manager
bartender,bar keeper|barman|bar woman|bar staff
bingo caller,main stage caller|bingo main caller|bingo attendant|main caller|bingo agent|bingo assistant|bingo runner|bingo spotter|bingo main stage caller|bingo cashier
aviation communications and frequency coordination manager,manager of aviation frequencies and communications|coordinator of aviation frequencies and communications|cfc manager
asphalt plant operator,asphalt production plant operative|aggregates and asphalt worker|asphalt production plant worker|mobile plant operator|asphalt plant worker|asphalt plant operative|asphalt production plant operator|asphalt production worker
cloud architect,aws cloud architect|cloud solutions consultant
screw machine operator,turret lathe turner|screw machine tuning operator|multiple spindle lathe turner|automatic lathe machine operator|screw machine turner
pipe welder,plumber|pipefitter|industrial pipe fitter|pipe fitter|industrial pipe welder|industrial pipefitter|pipe fitter & welder|off sore pipe fitter|mechanical pipe fitter|pipe fitter and welder
bank teller,bank clerk|bank vault attendant|bank office clerk|bank cashier|teller|teller coordinator|bank counter clerk
business lecturer,university teacher of business|commerce instructor|lecturer in business|professor of business administration|commerce lector|commerce professor|higher education teacher of business|business lector|instructor of business|university lecturer in business|lecturer of business|business docent|business teacher|commerce teacher|professor of business|university business lecturer|lecturer in commerce|lecturer in business administration|senior lecturer in business|business professor|commerce docent|commerce lecturer|business instructor
maternity support worker,maternity care assistant|assistant to midwife|midwifery assistant|midwifery care assistant|midwife care assistant|midwife assistant|maternity support employee|maternity healthcare assistant
life guard,lifeguard|pool attendant|rescuer|swimming pool lifeguard|lifesaver|beach lifeguard
engineered wood board grader,board grader|particleboard grader|engineered board grader|engineered wood board tester|engineered wood board qaulity tester|engineered wood board qaulity grader|fibreboard grader
oilseed presser,oil press operator|oil presser|oil production worker|oil production operator
building cleaner,superintendent|janitress|building caretaker|super|janitor|custodian|janitors supervisor|maintenance worker|office cleaner|janitors manager
pneumatic engineering technician,circuit assembly engineer|pneumatic engineer|pneumatic engineering system inspector|gas system engineer|air system engineer|pneumatic vacuum system engineer|circuit assembly inspector|pneumatic systems installer|pneumatic air system engineering inspector|circuit assembly supervisor
medical device engineering technician,technologist in biomedical equipment|medical appliance technician|medical equipment technician|technician of biomedical equipment|medical device technician|medical device repairer|medical device inspector|bmet|medical device calibrator|biomedical equipment technologist|technician in medical devices|biomedical equipment technician|pacemaker technician|medical device installer|x-ray machine technician|medical device maintenance technician|medical device builder|mri machine technician|technician in medical equipment
earth science lecturer,geography lecturer|geoscience professor|geology lecturer|lecturer of geoscience|lecturer in geoscience|university earth sciences lecturer|lecturer in earth science|geoscience docent|geoscience teacher|earth science professor|university lecturer in earth sciences|professor of earth science|earth science instructor|higher education earth sciences teacher|senior lecturer in earth sciences|professor of geology|geography professor|earth science teacher|earth science docent|geoscience lecturer|specialist lecturer in earth sciences|geoscience lector|earth sciences professor|geoscience instructor|professor of geography|lecturer in earth sciences|lecturer of earth sciences|geology professor|instructor in earth sciences|earth science lector
costume attendant,daily costume attendant|wardrobe attendant|costume continuity attendant|costume assistant|costume coordinator|wardrobe assistant|costume dresser
raw materials warehouse specialist,raw materials warehouse foreman|raw materials warehouse specialists|raw materials warehouse associate|raw materials warehouse lead|raw materials warehouse forewoman|raw materials warehouse supervisor|raw materials warehouse manager
civil drafter,civil design drafter|civil engineering drafter|civil draftswoman|structural drafter
animation director,director of animations|animation process director|technical animation supervisor|animation technical director|mechanical animation director|character animation director|cartoon animation director|director of animation|film animation director|supervising animator|animation design director|animations director|animation supervisor|sequence animation director
quality engineer,product quality monitor|quality systems engineer|senior quality engineer|junior quality engineer|customer quality engineer|ev battery quality engineer|qa engineer|software quality assurance engineer|supplier quality engineer|battery quality engineer|quality assurance engineer|software quality engineer|firmware and diagnostics quality engineer
call centre analyst,crm data analyst|call centre reporting analyst|marketing data analyst|call center agent|trainee data analyst|call center analyst|contact centre analyst|sales data analyst|graduate data analyst|customer data analyst|assistant data analyst|senior call centre analyst|service desk analyst|assistant call centre analyst|senior data analyst|graduate call centre analyst|trainee call centre analyst|it data analyst|call centre operations analyst
nitrator operator,tetryl-nitrator operator|explosives monitoring and storage worker|biazzi nitrator operator|binitrotoluene operator|nitroglycerin nitrator operator|tetryl nitrator operator|mononitrotoluene operator|explosives monitoring and storage attendant|nitroglycerin-nitrator operator|biazzi-nitrator operator
web designer,website designer|digital designer|multimedia web designer|marketing web designer|interactive web designer|graphic web designer|web page designer|web design consultant|web platform designer|ux designer|freelance web designer|web graphics designer
financial manager,cfo|financial director|finance manager|chief financial officer|financial administrator|finance chief|corporate finance manager
distillation operator,petroleum refinery operator|oil refinery expert|petroleum refinery technician|distillation process expert|refinery technician|distillation operators
wave soldering machine operator,wave operator|wave-soldering machine operative|solderer of electronics|operator of wave soldering machine|wave-soldering machine operator|electronics solderer|wave soldering machine operative
leather production manager,leather production director|leather logistics manager|leather production managers|leather operations director|leather manufacturing director
security guard,airport security guard|security chief|garden guardian|security manager|corporate security guard|garage security guard|cemetery guard|stadium guard|security professional|building security guard|security supervisor|event security guard|parks guardian|plant security guard|pre-boarding security guard
legal consultant,legal advisor|legal nurse consultant|city legal advisor|business law consultant|city legal adviser|legal adviser
animal embryo transfer technician,animal embryo transfer specialist|embryo transfer technician|animal embryo transfer scientist|animal embryo transfer engineer|animal embryo transfer technicians
biology technician,biologist|marine biologist|biology laboratory technician|animal technician|biological technologist|life sciences technician|wildlife technician|biology lab technician|marine biology technician|mammalogy technician|animal lab technician|wildlife laboratory technician|wildlife lab technician|animal biologist|animal laboratory technician|biological science technician
medium,channeller|occultist|spiritist|necromancer|spiritualist
leather goods warehouse operator,warehouse responsible|warehouse operator for leather goods
import export specialist in wood and construction materials,customs compliance specialist in wood and construction materials|assistant export specialist in wood and construction materials|trainee import specialist in wood and construction materials|senior import export specialist in wood and construction materials|senior import specialist in wood and construction materials|trainee export specialist in wood and construction materials|assistant import export specialist in wood and construction materials|assistant import specialist in wood and construction materials|graduate import specialist in wood and construction materials|senior export specialist in wood and construction materials|graduate export specialist in wood and construction materials|graduate import export specialist in wood and construction materials|international trade compliance specialist in wood and construction materials|trainee import export specialist in wood and construction materials
aquaculture cage technician,cage technician|fish cage technician|aquaculture support worker|technician in aquaculture cages
"import export specialist in agricultural raw materials, seeds and animal feeds","trainee import specialist in agricultural raw materials, seeds and animal feeds|customs compliance specialist in agricultural raw materials, seeds and animal feeds|assistant import specialist in agricultural raw materials, seeds and animal feeds|trainee export specialist in agricultural raw materials, seeds and animal feeds|graduate import export specialist in agricultural raw materials, seeds and animal feeds|senior export specialist in agricultural raw materials, seeds and animal feeds|trainee import export specialist in agricultural raw materials, seeds and animal feeds|senior import specialist in agricultural raw materials, seeds and animal feeds|graduate import specialist in agricultural raw materials, seeds and animal feeds|assistant export specialist in agricultural raw materials, seeds and animal feeds|international trade compliance specialist in agricultural raw materials, seeds and animal feeds|senior import export specialist in agricultural raw materials, seeds and animal feeds|graduate export specialist in agricultural raw materials, seeds and animal feeds|assistant import export specialist in agricultural raw materials, seeds and animal feeds"
environmental mining engineer,environmental mining engineering expert|environmental co-ordinator|environmental mining technology engineering adviser|mine environmental engineers|environmental mining technology engineering specialist|environmental mining engineering consultant|mine environmental specialist|specialised engineer|mine environmental specialists|environmental mining engineering specialist|green engineers|mine environmental manager|mine environmental managers|environmental co-ordinators|environmental mining engineering adviser|environmental mining manager|environmental mining technology engineering expert|mining environmental engineer|mine environmental engineer|environmental mining technology engineering consultant|environmental officers|environmental mining technology engineer
sugar refinery operator,sugar refinery operative|sugar worker|sugar plant operative|sugar production operative
construction quality manager,construction quality and safety control supervisor|construction quality and safety manager|construction qa manager|construction quality managers|construction qa qs manager|construction quality assurance manager
utilities inspector,pipeline inspector|turbine inspector|sewer inspector|utilities supervisor|streetworks inspector|utility inspector|sewerage inspector|utilities manager|equipment inspector
picture archiving and communication systems administrator,administrator of pacs|pacs manager|pacs administrator|pacs interface analyst|pacs administration manager|pacs system analyst|administrator of pacs system|pacs associate|pacs support engineer
equine dental technician,horse dental care technician|equine dental technicians|horse dental care assistant|horse dental technician|horse teeth technician|horse dentist
credit manager,consumer credit manager|credit controller|loan and credit manager|credit administration manager|credit control manager|credit policy manager|credit control supervisor|credit and collection manager|credit department manager|senior credit officer|branch credit administrator
printing textile technician,textile printing press operator|clothing printing press machine operator|printing textile supervisor|screen printing technician|cutting and printing machine set-up operator|textile printing technician|printing textile machine operator|textile screen printer technician
prison officer,detention officer|corrections officer|gaoler|turnkey|prison warden|prison guard|jailer|prisoner custody officer
bicycle mechanic,cycle mechanic|bike shop attendant|bicycle shop attendant|bike mechanic|bicycle maintenance technician|bicycle technician|bike shop assistant|bike repairer|bicycle shop assistant|bicycle shop worker|scooter mechanic|scooter technician|bike technician|scooter repairer|bicycle repairman|bike shop worker|bicycle repairer|cycle technician|bicycle fixer|cycle repairer
building electrician,installation electrician|maintenance electrician|electrical maintenance technician|electrical systems installer|electrical installer|electrical services installer|electrical maintenance worker|industrial building electrician|building maintenance electrician|building services electrician|commercial building electrician
monk/nun,monk|nun
import export specialist in meat and meat products,assistant import specialist in meat and meat products|assistant import export specialist in meat and meat products|assistant export specialist in meat and meat products|international trade compliance specialist in meat and meat products|graduate export specialist in meat and meat products|trainee import export specialist in meat and meat products|senior import export specialist in meat and meat products|senior import specialist in meat and meat products|graduate import specialist in meat and meat products|customs compliance specialist in meat and meat products|trainee export specialist in meat and meat products|senior export specialist in meat and meat products|trainee import specialist in meat and meat products|graduate import export specialist in meat and meat products
occupational therapist,rehabilitation therapist|expert practitioner of occupational therapy|ergotherapist|practitioner of occupational therapy|expert occupational therapist|rehabilitation counsellor|activity therapist|vocational rehabilitation counsellor|specialist occupational therapist|specialist in occupational therapy
beauty salon manager,beauty parlour director|beauty spa director|beauty salon director|beauty spa manager|salon manager|beauty centre manager|hair salon manager|beauty parlor director
digital games tester,virtual games tester|computer games tester|digital game tester|digital games testers|video games tester
food analyst,food researcher|food analysis expert|food research specialist|food analysis specialist
fisheries engineering technician,fishery refrigeration engineer|fisheries refrigeration engineering adviser|fishing vessel freezer engineer|fisheries refrigeration engineer|fisheries electrician|fishing boat refrigeration engineer|fisheries refrigeration engineering consultant|fisheries refrigeration engineering specialist|fishing vessel refrigeration engineer|fisheries refrigeration technician|fisheries electrician and refrigeration engineer|fisheries cold storage engineer|fisheries refrigerating engineer|fisheries refrigeration and power engineer|refrigeration plant engineer|fishing boat freezer engineer|engineer in fisheries refrigeration|fisheries refrigeration engineering expert
child care worker,nursery school worker|nursery school assistant|early childhood worker|child care assistant|day care assistant|preschool teacher|early childhood assistant|preschool worker|day care worker
tufting operator,tufting machinist|tufting machine operator|tufting supervisor|tufter|tufting creeler|tuft operator|chenille machine operator|yardage-tufting machine operator
automotive engineering drafter,automotive drafting specialist|automotive drafting expert|automotive draftsperson|automotive draughter|automotive drafter|automotive drafting adviser|automotive engineering draftsperson|automotive drafting consultant|automotive engineering draughtsperson|automotive draughtsperson|automotive engineering draughter|motor vehicle engineering drafter|motor vehicle drafter
front line medical receptionist,medical care front line receptionist|front desk receptionist|front desk assistant|medical institution front line receptionist|medical receptionist|gp surgery receptionist|medical receptionist front line|receptionist in gp surgery
university department head,head of university department|head of department in a university|university head of department|university department director|head of academic department|academic head of department
cloud engineer,hybrid cloud engineer|cloud computing engineer|cloud infrastructure engineer|cloud software engineer|cloud-native engineer|cloud security engineer|cloud developer|cloud network engineer|cloud solution engineer
cocoa press operator,cocoa compression operative|cocoa pressing operator|cocoa pressing operative|cocoa compression operator
soap drier operator,operator of soap flake drier machine|operator of soap flake dryer machine|soap dryer machine tender|soap drier tender|viscous soap machine worker|soap drier machine tender|viscous soap machine operator|soap dryer operator|viscous soap machine operative|flaker operator
jewellery designer,jewelry designer|jewellery artist & designer|jewellery artist and designer|jewelry designer and sculptural artist|jewellery artist|jewelry artist and designer|jewelry artist & designer|jewellery designer and maker|jewelry artist|jewellery designer and sculptural artist
set builder,chief carpenter|set dresser & builder|set builder & designer|set constructor|set builder & dresser|set & stage builder|stage & set builder|set builder and designer|stage and set builder|carpenter|prop maker & set builder|property maker & set builder|set designer and builder|exhibition builder|set builder & prop maker|blacksmith welder|set dresser and builder|set and stage builder|set builder and property maker|set builder & property maker|set builder and dresser|property maker and set builder|prop maker and set builder|set builder and prop maker|set designer & builder|scenic builder
slaughterer,slaughter worker|animal slaughterhouse worker|animal slaughterer
pipeline environmental project manager,supervisor of pipeline environmental projects|pipeline environmental impact manager|pipeline environmental impact analyst|manager of pipeline environmental projects|pipeline environmental project supervisor|pipeline environmental impact analysis manager|pipeline environmental impact supervisor
man-made fiber spinner,extruding and forming machine setter|filament yarn manufacturer|staple fiber manufacturer|operator for synthetic and glass fiber|synthetic filament spinner|man made fiber spinner|filament yarn or staple fiber producer|manufacturer of fiber or filament out of granule
movie distributor,television series distributor|film distributor|film distribution agent|motion picture distributor|distribution agent|television distribution agent|motion picture distribution agent|movie distribution agent
window installer,window technician|window fitter|window installation team worker|window installation team member
supreme court judge,justice|high court judge|justice of the supreme court|justice of the high court|lord advocate
artificial intelligence engineer,intelligent systems designers|artificial intelligence designer|ict intelligent systems designer|ai system designer|semantic technologies engineer|machine learning systems designer|intelligent systems developer|linked data engineer|intelligent system designer|machine learning engineer|designer of intelligent systems|intelligent systems engineer
online marketer,digital marketer|social media marketing coordinator|assistant online marketer|e-commerce marketing specialist|trainee online marketer|online marketing specialist|e-commerce marketer|social media marketing specialist|graduate online marketer|senior online marketer|internet marketer|internet marketing specialist|online sales channel marketer
knitter,traditional knitter|knitting pattern designer|lacemaker|hand knitter|warp knitter|knitting artist|knit designer|knitting and crochet designer
pulp grader,pulp tester|pulp and paper qaulity tester|pulp quality tester|pulp and paper tester|pulp and paper quality grader|pulp and paper grader|pulp quality grader
chemical engineering technician,production chemistry technician|chemical operations engineering technician|chemical industry engineering technician|chemical engineering worker|chemical process engineering technician|chemical engineering developer|chemical research technician
venue programmer,venue programer|club programmer|in-house promoter|music programmer|venue booker & promoter|venue programming assistant|theatre programmer|dance programmer|venue booker
wood technology engineer,wood tech engineer|wood technology operator|wooden technology specialist|wood technology operative|wooden technology operator|wooden technologist|timber products engineer|wood technology expert|wood technology engineering consultant|wood technology engineering expert|wood products engineer|wood technologist|wood technology engineering specialist|timber technology technician|wood technology specialist|wood technology engineering adviser|wood technology technician|wooden technology technician|wooden technology engineer|wooden technology operative|timber technology engineer
optoelectronic engineer,optoelectronic technology engineering adviser|senior optoelectronic engineer|opto-electronics engineer|opto-electronical engineer|optoelectronic engineering specialist|engineer in optoelectronic systems|opto-electronic engineer|optoelectronic technology engineer|optoelectronic technology engineering specialist|optoelectronic engineering adviser|optoelectronic technology engineering consultant|opto electronics engineer|optoelectronic engineering consultant|optoelectronic systems engineer|opto electronical engineer|specialist in optoelectronic systems|optoelectronic technology engineering expert|optoelectronics engineer|optoelectronic engineering expert|engineer in optoelectronics|specialist in optoelectronics|opto electronic engineer|optoelectronics specialist|optoelectronical engineer
wholesale merchant in computer peripheral equipment and software,wholesale buyer in computer peripheral equipment and software|assistant wholesale merchant in computer peripheral equipment and software|trainee wholesale merchant in computer peripheral equipment and software|b2b sales consultant in computer peripheral equipment and software|graduate wholesale merchant in computer peripheral equipment and software|wholesale trader in computer peripheral equipment and software|wholesale merchandiser in computer peripheral equipment and software|business to business sales consultant in computer peripheral equipment and software|senior wholesale merchant in computer peripheral equipment and software|business to business seller in computer peripheral equipment and software|wholesaler in computer peripheral equipment and software
religious education teacher at secondary school,religious education teacher|religious studies teacher|religious education teacher high school|high school rs teacher|high school re teacher|re teacher|high school religious education teacher|religious education teacher in secondary school|teacher of religious education in high school|high school religious studies teacher|secondary school re teacher|re teacher in secondary school|secondary school religious education teacher
intelligence communications interceptor,electronic intelligence intercept operator|communications interceptor|intelligence intercept operator|signal intelligence voice interceptor|communications locator|communications intelligence intercept operator|military intelligence communications interceptor
visual merchandiser,assistant visual merchandiser|image controller|senior visual merchandiser|retail visual strategy manager|display designer|graduate visual merchandiser|visual merchandising supervisor|display assistant|window display assistant|visual merchandising associate|window dresser|visual merchandising controller|visual merchandising manager
radio technician,radio technicians|radio communications technician
chocolatier,chocolate maker|chocolate producer|chocolate goods maker
financial markets back office administrator,operations manager|back office administrator|broker assistant|back office payments assistant|settlements administrator|operations officer|settlements officer|financial markets back office operator|broker clerk|brokerage clerk|settlements clerk|settlements manager|brokerage assistant
sound editor,sound designer|audio editor|music editor|music supervisor|dubbing manager|automatic dialogue replacement editor|foley editor|dialogue editor|foley artist|adr editor
advanced nurse practitioner,lead practice nurse|advanced nurse manager|operating room nurse manager|clinical nurse|clinical matron|clinical trials nurse|infection control nurse|head of community nursing|clinical academic nurse specialist|operating room nurse|advanced nursing practitioner|consultant health visitor|named nurse child protection|emergency nurse practitioner|advanced nurse
architectural drafter,architecture draftsperson|architectural draughter|architectural drafting consultant|architectural draughtsperson|architectural draftsperson|architecture draughtsperson|architecture drafter|architectural drafting adviser|architectural drafting expert|architecture draughter|architectural engineering drafter|architectural drafting specialist
stop-motion animator,stop motion animators|stop-motion animation artist|puppet animator|stop motion animator|3d stop-motion animator|stop-motion clay animator|stop-motion artist|2d stop-motion animator|stop-motion puppet animator|stop motion artist|model animator|stop motion animation artist|stop motion animation designer|stop motion animation specialist
driller,earth driller|assistant driller|drillers assistant
coffee roaster,coffee bean roasting expert|coffee bean roaster|coffee bean roasting specialist
leather goods quality controller,leather goods quality analyst|leather goods quality inspector|leather goods quality control officer
paper pulp moulding operator,paper pulp moulding machine specialist|paper pulp moulding operative|paper pulp moulding specialist|paper pulp molding operator|paper pulp moulding worker|paper pulp moulding machine technician|paper pulp moulding technician|paper pulp moulding machinist|paper pulp moulding machine operator
fruit and vegetable picker,berry picker|fruit picker|fruit & vegetable picker|crop harvester|farm hands|vegetable picker|crop picker|fruit and veg harvester|fruit and vegetable harvester|fruit and veg picker
security guard supervisor,security chief|security supervisor|commercial security officers supervisor|security guard manager|security guard chief|guard supervisor|guard manager|guard chief|security officers manager
artistic painter,painting & drawing artist|street painter|sign painter|drawing & painting artist|painting and drawing artist|visual artist|drawing and painting artist|creative painter|matte painter|painting artist
jewellery engraver,jewellery hand engraver|gold engraver|silver etcher|jewellery engraving designer|machine engraver|jewelry engraving designer|jewelry finisher|jewellery hand etcher|silver engraver|jewelry engraver|jewellery etcher|gold etcher|machine etcher|jewelry decorator|jewelry etcher|jewellery decorator
starch converting operator,starch operator|starch conversion worker|starch converter|starch worker
information manager,academic information coordinator|information scientist|information officer|documentalist|knowledge manager
purchasing manager,tender manager|purchasing and supply office administrator|purchasing administrator|purchasing coordinator|supply manager|procurement and supply manager|equipment purchasing ce project manager|purchasing office administrator|recycling equipment purchasing manager|purchasing analyst|equipment purchasing manager|buying manager|advanced purchasing analyst
gaming inspector,gaming investigator|gambling investigator|gambling inspector|gambling supervisor
library assistant,library services assistant|library clerk|assistant librarian|library technician|senior library assistant
food service vocational teacher,teacher of food and hospitality|vocational teacher in food service|cooking teacher|food service vocational instructor|food service teacher|food technology instructor|vocational instructor in food service|cooking instructor|food technology teacher
butcher,animal butcher|butchery worker|butchery expert
machinery assembly supervisor,leadingmachinist|machine charge hand|lead machine operative|machine team leader
china and glassware distribution manager,trainee china and glassware distribution manager|assistant china and glassware distribution manager|china and glassware distribution planner|graduate china and glassware distribution manager|senior china and glassware distribution manager|china and glassware supply chain manager|china and glassware logistics planner|china and glassware supply chain planner|china and glassware logistics manager
clothing quality inspector,garment quality controller|garment and textile quality controller|clothing quality control inspector|clothing quality control supervisor
mechanical engineering drafter,machinery engineering draughtsperson|mechanical engineering draughting apprentice|mechanical technology drafter|machinery engineering draftsperson|mechanical design drafting engineer|mechanical design drafting operative|mechanics engineering draftsperson|mechanical technology drafting adviser|mechanical design drafting supervisor|mechanical technology drafting consultant|mechanics engineering draughter|mechanical drafting adviser|mechanical design drafting inspector|mechanical design drafting operator|mechanical draughtsperson|mechanical design draughting engineer|mechanical engineering drafting apprentice|mechanical design drafter|mechanical design draughter|mechanical design draughting operative|mechanical draughter|mechanical design draughting inspector|mechanical drafting specialist|mechanical drafting consultant|mechanical design draughting supervisor|machinery engineering drafter|mechanical drafting expert|mechanical technology drafting expert|machinery engineering draughter|mechanical technology drafting specialist|mechanical design draughting operator|mechanics engineering draughtsperson|mechanical draftsperson
competition policy officer,policy manager|civil servant|competition policy manager|entrepreneurship policy officer|policy manager for competition|consumer protection officer
car leasing agent,car leasing office manager|fleet leasing agent|vehicle leasing sales agent|fleet leasing consultant|car leasing team leader|car leasing office worker|trainee car leasing agent|automobile leasing agent|assistant car leasing agent|graduate car leasing agent|vehicle fleet leasing agent|automobile leasing representative|car leasing team worker|vehicle leasing consultant|senior car leasing agent|vehicle fleet leasing consultant
marine surveyor,cargo surveyor|marine surveyors|marine warranty surveyor|inland water ship inspector|inland waterway vessel inspector|hull and machinery surveyor|maritime ship inspector|yacht and small craft surveyor
police detective,chief detective|detective inspector|detective constable|detective superintendent
sports official,judge|linesman|arbitrator|field umpire|timekeeper|commissaire|referee|on-court official|arbiter|on-ice official|match referee|technical official|sport official|umpire|basketball crew chief|plate umpire|assistant referee|off-court official|touch judge|on-the-water official
computer hardware engineering technician,pc hardware technician|computer hardware technician|it engineering technician|it hardware engineering technician|pc hardware engineering technician|computer engineering technician|technician in computer hardware engineering|technician in computer hardware|technician in it hardware
investment adviser,financial and investment adviser|investment executive|corporate investment adviser|investment consultant|investment manager|investment advisor|ria|investing director
amusement park cleaner,janitorial worker|premises maintenance worker|amusement park janitor|cleaners|cleaning worker
rental service representative,rental service team leader|rental sales manager|rental sales desk supervisor|rental service desk supervisor|rental sales assistant|rental sales desk clerk|rental service worker|rental sales team leader|rental service desk clerk|rental service assistant|rental service manager|rental service supervisor|rental advisor|rental sales supervisor|rental sales worker|rental specialist|rental sales desk agent|rental service desk agent
economic policy officer,economic policy researcher|economic policy advisor|economical policy officer|economic policy specialist|policy officer for economy|economic policy analyst|policy officer economics|finance policy officer
sport therapist,sport & exercise therapist|exercise specialist|health exercise specialist|exercise consultant|exercise therapist|sport and exercise therapist
forwarding manager,export manager|forwarding supervisor|logistics line manager|freight forwarding agent|head of freight forwarding|freight forwarding manager
pet and pet food specialised seller,pet salesperson|pet superstore specialised seller|animal salesperson|pet and pet food specialized seller|animal food specialised seller|pet and pet food superstore salesperson|animal specialised seller|animal food salesperson|pet superstore salesperson|pet and pet food salesperson|pet food specialised seller|pet and pet food superstore specialised seller|pet supplies salesperson|pet supplies specialised seller|pet specialised seller|animal care products specialised seller|pet food salesperson|animal care products salesperson
attraction operator,ride supervisor|ride and attraction operator|attraction & ride operator|senior ride attendant|ride leader|fairground attraction operator|attraction and ride operator|ride operator|attraction supervisor|ride & attraction operator
import export specialist in fruit and vegetables,assistant import specialist in fruit and vegetables|senior export specialist in fruit and vegetables|senior import specialist in fruit and vegetables|assistant import export specialist in fruit and vegetables|senior import export specialist in fruit and vegetables|trainee export specialist in fruit and vegetables|assistant export specialist in fruit and vegetables|graduate import export specialist in fruit and vegetables|customs compliance specialist in fruit and vegetables|trainee import export specialist in fruit and vegetables|trainee import specialist in fruit and vegetables|graduate export specialist in fruit and vegetables|international trade compliance specialist in fruit and vegetables|graduate import specialist in fruit and vegetables
licensing officer,licensing compliance officer|licensing standards officer|driver licensing officer|technology licensing officer|building permit licensing officer|licensing examiner|building authority officer|business permit licensing officer|fire protection specialist|patents officer|license inspector|restaurant licensing officer|alcohol licensing officer|fire protection licensing officer
occupational driving instructor,lgv driving instructor|specialist driving instructor|passenger carrying vehicle instructor|pcv driving instructor|instructor in occupational driving|hgv driving instructor|occupational driving instruction practitioner|heavy equipment operator instructor|occupational driving teacher
soap maker,soap factory operator|soap and cosmetics maker|maker of soap|soap boiler|artisan soap maker|soapmaker
community development officer,social development officer|outreach support worker|local community development officer
trolley bus driver,bus operator|transit bus driver|trolley bus operator|driver of trolley buses|trolleybus driver|guided bus driver|trolleybus operator
audiology equipment specialised seller,hearing help specialised seller|hearing aid salesperson|audiology equipment salesperson|audiology salesperson|hearing help salesperson|audiology shop salesperson|hearing aid specialised seller|audiology centre salesperson|audiology specialised seller|audiology centre specialised seller|audiology shop specialised seller|audiology equipment specialized seller
ordinary seaman,seaman recruit|seamanship apprentice|os|ordinary seawoman
trade regional manager,area sales manager|store trade regional manager|assistant trade regional manager|regional sales and marketing manager|regional product sales manager|regional sales manager|trainee trade regional manager|graduate trade regional manager|senior trade regional manager
glass engraver,glass decorator|glass hand etcher|decorative glass engraver|heritage glass engraver|diamond point glass engraver|glass etcher|precision etcher|precision engraver|ornamental glass engraver
social work practice educator,practice placement worker|practice educator|practice-based educator|practice social work educator|practice placement facilitator|social work field instructor|practice placement coordinator
plodder operator,soap compression machine worker|plodding-machine minder|plodder operative|plodding-machine operator|soap production operative|plodder worker|plodding-machine worker|soap production worker|soap compression machine operator|soap compression machine operative|plodding-machine operative
automated optical inspection operator,automated optical inspection machines operator|aoi operator|pcb inspector|aoi machine operator|pcb assembly inspector|operator of automated optical inspection equipment|printed circuit board assembly inspector|printed circuit board inspector|vision system operator
metal sawing machine operator,saw shop operator|saw operator|metal power saw trimmer|metal cutter|metal cut-off saw trimmer|metal sawing machine technician|metalworking power saw operator|shear saw operator|shear operator|cut-off operator|metal sawyer|metal power saw operator|metal cut-off saw operator|metal saw operator|machine power saw operator|machine saw operator|saw shop worker|metal sawing machine operative|metal trimmer|metal sawing machine worker|metal cut-off saw operative|metal power saw technician|cut-off operative|sawing machine operative
building materials shop manager,builders merchants shop manager|building equipment shop manager|building materials do it yourself shop manager|construction materials shop manager|builders merchants trade counter manager|builders merchants store manager|building materials diy shop manager|building materials do it yourself store manager|building materials store manager|building materials diy store manager|construction materials store manager
bicycle courier,bike courier|bike messenger|bicycle messenger|cycle messenger|bicycle package carrier|cycle courier|bicycle letter carrier|bicycle dispatch rider
wholesale merchant,graduate wholesale merchant|wholesale buyer|wholesale manager|business to business sales consultant|business to business seller|assistant wholesale merchant|b2b sales consultant|wholesale merchandiser|senior wholesale merchant|wholesale trader|trainee wholesale merchant|wholesaler|trader (wholesale)
tourism contract negotiator,contract manager|contracts negotiator|hotel contracts negotiator|travel contract negotiator|contract negotiator|hotel contract negotiator
"import export specialist in hardware, plumbing and heating equipment","senior export specialist in hardware, plumbing and heating equipment|trainee import export specialist in hardware, plumbing and heating equipment|graduate export specialist in hardware, plumbing and heating equipment|assistant import export specialist in hardware, plumbing and heating equipment|senior import specialist in hardware, plumbing and heating equipment|senior import export specialist in hardware, plumbing and heating equipment|trainee export specialist in hardware, plumbing and heating equipment|assistant export specialist in hardware, plumbing and heating equipment|trainee import specialist in hardware, plumbing and heating equipment|customs compliance specialist in hardware, plumbing and heating equipment|graduate import export specialist in hardware, plumbing and heating equipment|graduate import specialist in hardware, plumbing and heating equipment|assistant import specialist in hardware, plumbing and heating equipment"
social work researcher,social research worker|social science researcher|social work research manager|social research interviewer|social scientist|communities research worker|social work research officer|social work research assistant
clothing operations manager,clothing operations director|clothing operations area manager|clothing production manager
fisheries adviser,marine fisheries consultant|fisheries consultant|marine fisheries scientist|marine fisheries biologist|senior fisheries specialist|fisheries scientist|senior fisheries biologist|marine fisheries adviser|fisheries sustainability consultant|fisheries specialist|fisheries biologist
mobility services manager,smart city planner|mobility manager|manager for shared mobility|shared mobility manager|mobility advocacy manager
ict change and configuration manager,configuration manager|application lifecycle manager|software change and configuration manager
gerontology social worker,social worker|older adults community care social worker|geriatric social worker|seniors social worker|social care gerontologist|social work gerontologist|gerontological social worker|older adults social worker
football coach,football manager|association football coach|football team trainer|soccer coach|football instructor|football trainer|football team coach|football team manager|football team instructor
kettle tender,gum sheeting machine operator|chewing gum production machinist|chewing gum production operative|chewing gum mixer operator
vehicle maintenance attendant,fast-fit service technician|bus maintenance attendant|pcv maintenance attendant|fast-fit maintenance attendant|heavy vehicle maintenance attendant|bus service technician|light vehicle service technician|lgv maintenance attendant|light vehicle maintenance attendant|heavy vehicle service technician|pcv service technician|coach service technician|bus and coach service technician|bus and coach maintenance attendant|coach maintenance attendant|lgv service technician
video and motion picture producer,video producer|film producer|executive producer|audiovisual producer|film maker|television producer|movie producer|video & motion picture producer|television and motion picture producer|motion picture producer
stock trader,equity trader|stock exchange floor trader|investment dealer
steiner school teacher,steiner waldorf school educator|waldorf school teacher|teacher in steiner school|waldorf school instructor|steiner school teaching practitioner|steiner school instructor|waldorf school educator|steiner waldorf school teacher|steiner teacher
wood sander,floor sanding machine technician|production woodworker|sanding machine specialist|sanding machine setter|wood sanding machine worker|floor sanding machine specialist|floor sanding machine operator|hand wood sander|floor sander|sanding machine tender|wood sanding machine operative|wood sanding machine setter|wood sanding machine tender|sanding machine worker|woodworker/sander|sanding machine operator|sanding machinist|wood sanding machine operator|floor sanding machine worker|sanding machine technician|sanding machine operative
abrasive blasting operator,sandblaster|shot blaster|sand blast operative|abrasive blasting operative|abrasive sandblaster|sand-blaster|grit blaster|sand blaster|sand blast operator|abrasive shot baster|sander operative|abrasive blaster|sand mill blaster|sand mill grinder|sander|sand blasting operator|abrasive blasting cabinet operative|sander operator
tanning technician,tanning process coordinator|tanning expert|tanning technologist|tanning professional|leather tanning technician
fish and seafood shop manager,fish shop manager|seafood shop manager|fish stall manager|fishmongers shop manager|fish market sales manager|fresh seafood shop manager|fresh fish counter manager|fisheries store manager|fisheries shop manager
business service manager,professional services consultant|service operations manager|professional services manager|corporate services consultant|professional services executive|corporate service manager|actuarial advisory services manager|business service executive|post-office manager
musical instrument technician,instrument repairer|musical instrument fixer|piano tuner|musical instrument repair specialist|musical instrument repairer|organ repairer|musical instrument repairman|instrument repairman|musical instrument tuner|musical instrument restorer|musical instrument restoration specialist|musical instrument repair technician|instrument tuner|violin tuner|violin repairer|instrument fixer|musical instrument restoration technician|piano repairer|organ tuner
air traffic controller,flight controller|air traffic controller instructor|air traffic control officer|controller of air traffic|air traffic control specialist|air controller
veterinary medicine lecturer,veterinary medicine instructor|clinical lecturer in veterinary medicine|veterinary medicine docent|veterinary science instructor|veterinary clinician|veterinary science docent|veterinary science professor|veterinary medicine professor|veterinary science teacher|lecturer of veterinary medicine|lecturer in veterinary medicine|university lecturer in veterinary medicine|teacher of veterinary medicine|university clinical lecturer in veterinary medicine|university veterinary medicine lecturer|instructor in veterinary medicine|veterinary medicine teacher|veterinary science lecturer|lector in veterinary medicine|veterinary medicine lector|professor of veterinary medicine
cellar operator,vinegar production operator|fermentation cellar operator|fermentation operator|fermentation cellar supervisor|cellar worker|fermentation cellar machine minder|fermentation equipment operator|fermentation cellar operative|fermentation inspector
model maker,model designer|maker|model builder|model fabricator|model expert|modeller
hotel porter,porter|bellman|baggage carrier|bellhop|bellboy|carrier
vehicle rental agent,vehicle hire desk manager|vehicle rental worker|vehicle booking desk assistant|vehicle hire desk worker|vehicle rental supervisor|vehicle booking desk agent|vehicle rental manager|vehicle booking desk clerk|vehicle booking worker|vehicle booking desk manager|vehicle hire desk agent|vehicle booking desk worker|vehicle rental desk clerk|vehicle rental desk agent|vehicle rental desk supervisor|vehicle booking desk supervisor|vehicle rental team leader|vehicle booking manager|vehicle booking assistant|vehicle booking supervisor|vehicle rental assistant|vehicle hire desk assistant|vehicle booking team leader
telecommunications manager,communications manager|telecommunications commissioning manager|ict manager|telecommunications managers|telecommunications services manager|telecommunications technician supervisor|telecommunications development manager|telecommunications equipment manager|telecommunications installation manager|telecommunications project manager|telecommunications systems manager|telecoms manager|telecom manager|network and telecommunications manager|telecommunications service manager
"heating, ventilation, air conditioning and refrigeration engineering technician",air conditioning technician|hvac project technician|hvac systems technician|hvacr technician
criminal investigator,forensic scientist|forensic science officer|scenes of crime officer|fingerprint officer|crime scene investigator|forensic officer
learning mentor,specialist learning mentor|pastoral support mentor|support mentor|senior learning mentor|pastoral support officer|pastoral manager|learning support mentor|pastoral mentor
database integrator,data integrator|data base integrator|data base integrators|database integrators|database development specialist
import export specialist in beverages,assistant import export specialist in beverages|customs compliance specialist in beverages|assistant export specialist in beverages|senior import export specialist in beverages|graduate export specialist in beverages|senior import specialist in beverages|graduate import export specialist in beverages|assistant import specialist in beverages|international trade compliance specialist in beverages|graduate import specialist in beverages|senior export specialist in beverages|trainee import export specialist in beverages|trainee import specialist in beverages|trainee export specialist in beverages
music therapist,music therapy practitioner|music therapy counsellor
dentistry lecturer,dentistry lector|dentistry teacher|dental sciences lecturer|lecturer in dentistry|clinical lecturer in dentistry|dentistry docent|dentistry instructor|dental science lecturer|dentistry professor|professor of dentistry studies|university lecturer in dentistry|university clinical lecturer in dentistry|dental clinician|professor of dentistry|dental science lector|dental sciences lector|university dentistry lecturer
coffee taster,coffee tasting expert|coffee tasting specialist|coffee beverage taster|coffee drinks taster
laundry ironer,laundry assistant|dry cleaning worker|dry cleaner|laundry worker|presser|laundry attendant|clothes presser|steam presser|fur ironer|clothes ironer|laundry presser
airport baggage handler,baggage agent|airport luggage handler|ramp attendant|fleet service clerk|baggage handler|fleet service agent|ramp agent|ramp service agent|luggage handler|airport baggage agent|freight and luggage handler
volunteer manager,volunteering development manager|volunteer program coordinator|volunteer program manager|volunteer engagement coordinator|community engagement coordinator
leather production machine operator,de-hairing machine operator|leather production worker|tanning machine operator|leather production machinist|leather production splitting machine operator|glazing machine operator|stretching machine operator|measuring leather machine operator|leather finishing operator|beamhouse machine operator|fleshing machine operator|splitting and sammying machine operator|sammying machine operator|spraying machine operator|staking machine operator|leather sorting machine operator|warehouse machine operator|shaving machine operator|de-salting machine operator|carding machine operator|beating machine tender|spray finishing machine operator|leather processing machine operator|icing machine operator|brushing machine operator|retanning machine operator|machine leather trimmer|hide machine operator|fur-shaving machine tender
research engineer,engineering scientist|agricultural research engineer|engineering analyst|engineer researcher|bionic engineer|engineering researcher|engineering research analyst|engineering scholar|engineering science researcher|engineering research scientist
business administration vocational teacher,business administration teacher|vocational teacher of business administration|vocational instructor in business management|business management teacher|business administration educator|vocational business administration teacher|business administration instructor|business management instructor|instructor in business administration|vocational instructor in business administration
climatologist,climatology scientist|climate research scientist|climatology research analyst|climatology scholar|climate scientist|climate researcher|climatology analyst|climate scholar|climatology research scientist|climate research analyst|climatologists|climatology researcher|climate science researcher|climatology science researcher|climate analyst
bathroom fitter,bathroom carpenter and joiner|replacement bathroom installer|bathroom installation worker|bathroom fitting specialist|bathroom refurbishment team worker|bathroom joiner and fitter|bathroom refurbishment team member|bathroom installer|bathroom furniture fitter|bathroom installation specialist|replacement bathroom fitter
leather goods machine operator,leather production worker|leather production machinist|leather production machine operator|leather sewing machine operator|leather products machinist|leather products machine operator|leather products machine tender
corporate treasurer,treasury analyst|corporate treasury officer|company treasurer|corporate treasury controller|corporate financial officer and treasurer|group treasurer|corporate treasury manager|foreign currency treasurer
political campaign officer,strategy manager|strategy advisor|campaign strategy consultant|political consultant|political aide|political advisor|political campaign consultant
electrical equipment assembler,fabricator of electrical equipment|assembler in electrical equipment production|constructor of electrical equipment|electrical equipment constructor|electrical equipment production assembler|electrical assembler|electrical fabricator|electrical products assembler|assembler of electrical equipment
incinerator operator,incinerator worker|waste incinerating machine worker|incinerating machine operator|incinerating machine operative|waste incinerator worker|waste incinerating machine operative|domestic waste incineration operative|waste-burning plant operative|waste incinerating machine operator|incineration process operative|refuse worker|incinerating machine worker|refuse operative|incineration process worker|waste incinerator operative|waste-burning plant operator|incinerator operative|incineration process operator
pilates teacher,pilates matwork instructor|matwork pilates teacher|pilates coach|pilates teacher|pilates instructor|pilates trainer|yoga and pilates matwork teacher|pilates and movement specialist|pilates teacher & personal trainer|teacher of pilates|pilates matwork teacher|pilates teacher and personal trainer
ict technician,computer operator|it officer|it technician|it assistant|information systems technician|ict engineer|it engineer
sports coach,sports instructor|coach of sport|instructor in sport|sport coach for participation|sports trainer for the elderly|sports instruction practitioner|sport coach|sports coach for children|children sports trainer|coach in sports|practitioner of sports coaching|sports trainer|sport coach for performance
stone planer,stone planing machine operator|stone slab planer|stone planing machine tender|stone planing machine setter|stone planing machine operative|planer of stones
"wholesale merchant in hides, skins and leather products","business to business seller in hides, skins and leather products|assistant wholesale merchant in hides, skins and leather products|wholesale buyer in hides, skins and leather products|wholesaler in hides, skins and leather products|senior wholesale merchant in hides, skins and leather products|graduate wholesale merchant in hides, skins and leather products|b2b sales consultant in hides, skins and leather products|trainee wholesale merchant in hides, skins and leather products|wholesale trader in hides, skins and leather products|wholesale merchandiser in hides, skins and leather products|business to business sales consultant in hides, skins and leather products"
ski lift operator,ski lift mechanic
mortgage broker,mortgage administrator|officer for mortgage loan|mortgage coordinator|mortgage analyst|mortgage loans officer|mortgage professional|mortgage officer|administrator of mortgage loans
import export specialist in flowers and plants,customs compliance specialist in flowers and plants|graduate export specialist in flowers and plants|senior export specialist in flowers and plants|senior import export specialist in flowers and plants|assistant import export specialist in flowers and plants|trainee import export specialist in flowers and plants|trainee import specialist in flowers and plants|senior import specialist in flowers and plants|assistant export specialist in flowers and plants|graduate import export specialist in flowers and plants|trainee export specialist in flowers and plants|assistant import specialist in flowers and plants|graduate import specialist in flowers and plants|international trade compliance specialist in flowers and plants
lottery cashier,lottery retailer cashier|clerk|lottery selling agent|lottery vendor|lottery clerk|lottery agent
rail project engineer,railway project engineer|rail engineering project manager|engineer in railway projects|project engineer in railways|engineering project manager|rail engineering specialist|railway engineering project manager
construction safety manager,health and safety manager|safety officer|safety manager|construction safety supervisor|safety advisor|health and safety manager on construction sites|safety supervisor|safety manager on construction sites|construction health and safety supervisor|health ans safety supervisor
court administrator,court administrative officer|manager of court administration|legal administrator|court administration manager
rolling stock engineering drafter,rolling stock draughtsperson|rolling stock engineering draughtsperson|rolling stock engineering drafting specialist|rolling stock engineering drafting adviser|rolling stock engineering drafting expert|rolling stock engineering draftsperson|rolling stock draughter|rolling stock draftsperson|rolling stock drafter|rolling stock engineering draughter|rolling stock engineering drafting consultant
child day care worker,childcare worker|child caregiver|childcarer|daycare worker|children and families care worker|nursery nurse
toxicologist,toxicology analyst|toxicology science researcher|toxicologists|toxicology studies scholar|toxicology scholar|toxicology research analyst|toxicology studies scientist|toxicology researcher|toxicology studies research analyst|toxicology studies researcher|toxicology studies research scientist|toxicology studies analyst|toxicology research scientist|toxicology scientist
drilling engineer,oil rig driller|rig driller|earth driller|gas rig driller|mineral driller|drilling technician|wells engineer|drilling expert|drilling and completion engineer|offshore drilling engineer|gasfield driller|oilfield driller
humanitarian advisor,humanitarian consultant|humanitarian affairs advisor|humanitarian assistance advisor|charity worker|non governmental organisation officer|humanitarian affairs officer
footwear cad patternmaker,cad pattern-maker|footwear pattern maker|footwear cad pattern cutter footwear pattern maker cad operator|cad pattern maker|footwear pattern-maker cad operator|footwear cad pattern-maker|footwear cad pattern cutter|footwear cad operator
"computer games, multimedia and software specialised seller",computer software and multimedia salesperson|computer games specialised seller|multimedia software specialised seller|software multimedia salesperson|computer games and software specialised seller|computer software specialised seller|computer software and multimedia specialised seller|computer software salesperson|software specialised seller|computer games salesperson|computer games and software salesperson|software salesperson
sewerage maintenance technician,sewer pipe maintenance technician|sewerage investigative cctv operative|sewerage investigation technician|cctv operative|sewerage system maintenance technician|sewerage investigative technician|cctv technician|cctv operator|sewerage trenchless technology operative
mediator,arbitrator|family mediator|labour mediator|advice worker|alternative dispute resolution coordinator|labor mediator|legal intermediary|conciliator|mediation commissioner|conflict mediator
government minister,assembley minister|prime minister|minister of state|member of parliament|minister|secretary of state
production supervisor,production controller|production forewoman|quality control operator|production quality supervisor|production foreman|production machine supervisor|production team leader|consumer goods production overseer|manufacturing supervisor consumer goods|consumer goods production quality supervisor|consumer goods production supervisor|consumer goods quality control operator|production schedule supervisor|production line supervisor|consumer goods manufacturing supervisor|production overseer|consumer goods production forewoman|production process supervisor|consumer goods production controller|production plant supervisor|manufacturing supervisor|consumer goods production foreman
explosives engineer,blasting engineer|munitions engineer|ordnance engineer
footwear 3d developer,footwear 3d expert|3d footwear product designer and developer|3d footwear expert|footwear 3d computer aided design developer|3d footwear developer
body artist,tattoo studio attendant|tattooer|henna artist|tattoo artist|tattooist|body piercer|tattoo studio assistant
battery maintenance technician,electromechanical maintenance technician|battery electromechanical technician|engineering battery technician|electro-mechanical equipment technician|ups battery maintenance technician|battery and charger technician|industrial battery technician|standby generator maintenance technician|battery service technician|preventative maintenance technician|electronic maintenance technician|generator maintenance technician|battery preventative maintenance person
bleacher operator,paper bleacher|bleach stock preparation technician|bleach stock preparation specialist|paper bleacher specialist|pulp bleacher technician|bleacher specialist|pulp bleacher specialist|pulp bleacher operator|bleach stock preparation operator|bleacher technician|paper bleacher operator|paper bleacher technician
network marketer,commercial network development manager|marketing promotions manager|multi-level marketer|promotion strategy manager|commercial marketing specialist|network marketing specialist|advertising manager|network marketeer
metal additive manufacturing operator,metal am technician|metal am operator|am operator|metal additive manufacturing technician|am technician|additive manufacturing technician
decorative painter,decorative glass artist|ceramic painter|specialist decorator|glass painter|traditional glass painter|interior decorative artist|tole painter|decorative artist|pottery painter
ceiling installer,domestic ceiling installer|commercial ceiling installer|ceiling fixer|ceiling tile installer|suspended ceiling installer|commercial ceiling fixer|suspended ceiling fixer|industrial ceiling installer|domestic ceiling fixer|ceiling tile fixer
fuel station specialised seller,petrol station specialised seller|petrol station salesperson|supermarket filling station salesperson|retail fuel manager|garage salesperson|fuel retail specialised seller|fuel station specialized seller|gas station specialised seller|petrol site salesperson|gas station salesperson|garage specialised seller|supermarket filling station specialised seller|retail fuel forecourt specialised seller|petrol site specialised seller|retail forecourt salesperson|fuel site specialised seller|retail fuel forecourt salesperson|fuel retail salesperson|retail forecourt specialised seller|fuel site salesperson
derrickhand,derrick operator|member of the drilling crew|derrickwoman|derrickman
corrosion technician,offshore corrosion technician|surface technician|corrosion monitoring technician|pipeline operations technician|pipeline corrosion control technician|corrosion supervisor|cathodic protection technician|corrosion control technician|surface coating technician
product development engineering technician,product development systems engineer|product development mechanical engineer|product development specialist|product development engineer|production test operator|product development scientist|product development automation engineer|product development consultant engineer|product development research engineer|product development electrical engineer|product development conservation engineer|product development test engineer|product development equipment engineer
marine upholsterer,marine upholstery finisher|marine interior furniture maker|marine soft furnishing maker|marine furniture maker|marine upholstery maker|ship upholsterer|boat upholsterer|marine upholstery assembler|marine upholstery repairer
destination manager,destination development manager|organisation manager|destination marketing manager|destination management organisation (dmo) manager|tourism strategy manager
underground heavy equipment operator,underground miner (heavy equipment)|miners|coalface miner|mine machine operator|underground miner equipment operator|underground miner operator|heavy equipment operators
grader operator,grader worker|grader operative|motor-grader driver|grader driver
employment agent,job placement officer
import export manager in perfume and cosmetics,international trade manager in perfume and cosmetics|graduate import export manager in perfume and cosmetics|international trade compliance manager in perfume and cosmetics|assistant import export manager in perfume and cosmetics|trainee import manager in perfume and cosmetics|trainee import export manager in perfume and cosmetics|graduate export manager in perfume and cosmetics|graduate import manager in perfume and cosmetics|senior import manager in perfume and cosmetics|assistant export manager in perfume and cosmetics|senior export manager in perfume and cosmetics|assistant import manager in perfume and cosmetics|customs compliance manager in perfume and cosmetics|senior import export manager in perfume and cosmetics|trainee export manager in perfume and cosmetics
scopist,freelance scopist
solar energy engineer,solar energies engineer|solar energy engineering consultant|solar engineer|solar energy systems engineer|solar power engineer|solar energy technology engineer|solar energy technology engineering adviser|solar energy engineering adviser|solar energy engineering expert|solar energy technology engineering expert|solar energy technology engineering specialist|solar energy technology engineering consultant|solar energy engineering specialist
rolling stock inspector,rolling stock supervisor|inspector of rolling stock|carriage supervisor|railway inspector|carriage inspector|railway carriage and wagon inspector|supervisor of rolling stock|rail car inspector|railway carriage and wagon supervisor
drawing artist,illustrator|street artist|artist|cartoon artist|visual art expert
chimney sweep supervisor,lump sweeper supervisor|flue sweeper supervisor|smoke-stack sweeper supervisor|funnel sweeper supervisor|chimney-sweeping chief|chimney sweeper supervisor
"import export manager in coffee, tea, cocoa and spices","senior import export manager in coffee, tea, cocoa and spices|graduate export manager in coffee, tea, cocoa and spices|graduate import export manager in coffee, tea, cocoa and spices|international trade manager in coffee, tea, cocoa and spices|trainee import export manager in coffee, tea, cocoa and spices|trainee import manager in coffee, tea, cocoa and spices|senior export manager in coffee, tea, cocoa and spices|customs compliance manager in coffee, tea, cocoa and spices|assistant import export manager in coffee, tea, cocoa and spices|assistant import manager in coffee, tea, cocoa and spices|graduate import manager in coffee, tea, cocoa and spices|trainee export manager in coffee, tea, cocoa and spices|assistant export manager in coffee, tea, cocoa and spices|senior import manager in coffee, tea, cocoa and spices|international trade compliance manager in coffee, tea, cocoa and spices"
planer thicknesser operator,thickness specialist|thicknesser technician|jointer technician|planer thicknesser technician|thickness technician|thickness operator|jointer specialist|thicknesser specialist|planer thicknesser worker|planer thicknesser specialist|planer operator|thicknesser operator|over-and-under operator|over-and-under technician|thickness planer specialist|thickness planer technician|planer thicknesser|over-and-under specialist|jointer operator|thickness planer operator|planer specialist|planer technician
optical instrument production supervisor,optical equipment assembly manager|optical instrument assembly supervisor|optical equipment production manager|optical instrument manufacturing supervisor|manager of optical instrument production|optical equipment manufacturing supervisor|supervisor of optical instrument production|optical instrument production manager|optical instrument production line manager
road roller operator,ride on roller driver|walk-behind road roller operator|vibrating roller driver|walk-behind roller operator|roller operator|ride on road roller operator|rough roller operator|road roller driver|roller-compactor operator|roller driver|roller operative|roller-compactor driver|vibrating roller operator|ride on roller operator
dairy products maker,traditional style diary products maker|ice-cream maker|butter producer|cream maker|cream producer|cheese spread maker|ice-cream producer|cheese maker|artisan dairy products maker|artisanal dairy products maker|craft dairy products maker|cheese spread producer|yoghurt producer|heritage dairy products maker|farmhouse dairy products maker|cheese producer|yoghurt maker|butter maker
hydrographic surveyor,hydrography surveyor|hydrographic science researcher|hydrographic research analyst|hydrographic scientist|hydrographic analyst|field hydrographer|hydrographer|hydrographic researcher|hydrographic research scientist
auger press operator,auger extrusion press operator|manual control auger press worker|manual control auger press operative|drain tile press operator|auger press operative manual control|flue tile press operator|auger press operative|manual control auger press operator|sewer pipe press operator|auger press worker
healthcare inspector,healthcare inspectors|healthcare environment inspector|medical facilities inspector|health care environment inspector|health care inspector|care commission inspector|health care facilities inspector|health care enforcement inspector|healthcare facilities inspector|healthcare enforcement inspector|health facilities surveyor|hospital inspector
battery test technician,battery quality technician|battery test engineer|technician in battery inspection|battery tester|battery test laboratory technology specialist|battery test lab technology specialist|battery test laboratory technologist|battery test lab technician|battery technician|battery test laboratory technology expert|battery test laboratory technician|battery testing technician|battery test technology expert|battery test technology specialist|battery test tech|battery diagnostic test technician|battery inspection technician|battery test lab technologist|technician in battery testing|battery test technologist|battery diagnostic testing technician|battery tech|battery inspector|tester of batteries|battery test lab technology expert
doorman/doorwoman,bouncer|club doorman/doorwoman|doorwoman|hotel doorman/doorwoman|door keeper|club doorwoman|hotel doorwoman|hotel doorman|club doorman|door security staff|doorman
behavioural scientist,behavioural science scholar|behavioural science research analyst|behavioural science analyst|behavioural science researcher
automotive engineering technician,truck engineering technician|motorcycle design checker|lorry design checker|car design checker|coach engineering technician|car engineering technician|automotive design checker|vehicle production design checker|bus design checker|equipment and vehicle technician|vehicle production engineering technician|truck design checker|coach design checker|motor vehicle design checker|lorry engineering technician|motorcycle engineering technician|bus engineering technician
land planner,city planner|town planner|urban planner|land use planner|land developer|city planning engineer|urban land planner|civil engineer|planning engineer|planner|land manager|planning technician
glass polisher,glass finisher|glass edge grinder|plate glass polisher|glass production polisher|glass grinder
"agricultural raw materials, seeds and animal feeds distribution manager","agricultural raw materials, seeds and animal feeds logistics manager|agricultural raw materials, seeds and animal feeds supply chain planner|graduate agricultural raw materials, seeds and animal feeds distribution manager|assistant agricultural raw materials, seeds and animal feeds distribution manager|senior agricultural raw materials, seeds and animal feeds distribution manager|trainee agricultural raw materials, seeds and animal feeds distribution manager|agricultural raw materials, seeds and animal feeds logistics planner|agricultural raw materials, seeds and animal feeds distribution planner|agricultural raw materials, seeds and animal feeds supply chain manager"
wood drying kiln operator,wood-drying kiln specialist|wood drying kiln specialist|dry kiln technician|wood-drying kiln operator|drying kiln technician|wood-drying kiln technician|wood drying kiln operative|dry kiln operator|dry kiln specialist|drying kiln operator|drying kiln specialist|wood drying kiln worker|wood drying kiln technician
laundry and dry cleaning manager,laundry and dry cleaning service manager|laundry and dry cleaning coordinator|laundry and dry-cleaning service manager|dry cleaning service manager|dry-cleaning and laundry supervisor|laundry and dry-cleaning coordinator|dry-cleaning service manager|laundry manager|laundromat manager|dry cleaning and laundry supervisor|laundry service manager|launderette manager
budget manager,budget coordinator|money manager|budget and planning manager|budget and policy manager|budgeting manager|budget counselor|budget and analysis manager
airside safety manager,aviation safety manager|director of airside safety|manager of airside safety|aviation safety director|airport safety manager|airport safety director|airside safety director
cargo vehicle driver,van driver|hgv driver|delivery driver|trucker|teamster|truckie|courier delivery driver|heavy goods vehicle driver|truck driver|lorry driver|package delivery driver|driver of cargo vehicles|courier|freight driver
music arranger,orchestrator|arranger|arrangement expert|arranger & orchestrator|arranger and orchestrator|musical arrangement specialist|musical arrangement consultant
dewatering technician,filter operator|site services technician|surface dewaterer|filter operators|dewatering equipment operator|dewatering filter operator|dewatering operator|dewatering equipment technician|infrastructure technician|dewatering techicians
ict capacity planner,ict capacity planners|it capacity planner|ict capability manager|it capability planner|ict performance manager
metallurgical manager,metallurgical engineer|metallurgy manager|plant metallurgist|metallurgy specialist|chief metallurgist|head metallurgist
farm manager,agricultural manager|agricultural operations manager|farming operations manager|farmer
air traffic instructor,air traffic control trainer|air traffic control instructor|air traffic trainer|instructor of air traffic control
plastic and rubber products manufacturing supervisor,plastics and rubber products manufacturing coordinator|plastic and rubber goods production supervisor|plastics and rubber goods manufacturing manager|plastics and rubber products manufacturing supervisor|plastic products manufacturing supervisor|plastics and rubber goods manufacturing supervisor|plastic goods production supervisor|rubber goods manufacturing supervisor|plastics products manufacturing supervisor|plastics and rubber products manufacturing manager|plastic goods manufacturing supervisor|rubber products manufacturing supervisor|plastics and rubber goods manufacturing coordinator|rubber goods production supervisor|plastics and rubber goods production supervisor
ict application configurator,app configurator|software application configurator|application configurators|application software configurator
digital literacy teacher,digital literacy trainer|computer literacy instructor|computer literacy teacher|digital literacy teaching practitioner|digital literacy instructor|digital literacy lecturer|educator in digital literacy|teacher of digital literacy|digital literacy educator
credit union manager,credit unions examiner|financial cooperative manager|credit union specialist|credit union branch manager|credit union principal examiner|credit unions supervisor|credit union field examiner|credit union examiner
leather goods quality control laboratory technician,leather goods quality assurance laboratory technologist|leather goods qc laboratory technician|qc laboratory technician leather goods|qc/qa laboratory technician leather goods|leather goods qc/qa laboratory technician|leather goods qa/qc laboratory technologist|leather goods quality control laboratory specialist|leather goods qc laboratory specialist|leather goods quality control laboratory technologist|leather goods qc laboratory technologist|leather goods quality assurance laboratory specialist
drain technician,sewer inspector|drain cleaner|sewer pipe repairer|sewer and drain inspector|plumbing and drainage technician|sewer line repairer|sewer cleaner|public works inspector|sewer technician|service drain inspector|sewer and drain repairer|sewer pipe inspector|storm water drain technician|flood risk technician|drainage systems technician|drainage system technician|water and drainage technician|water resources technician|sewer line inspector
electricity and energy vocational teacher,electricity and energy instructor|teaching practitioner in electricity and energy|vocational teacher in electricity and energy|teacher of electricity and energy|electricity and energy vocational trainer|instructor in energy and electricity|educator in electricity and energy
herbal therapist,iridologist|practitioner of herbal medicine|herbal medicine therapist|practitioner of herbal therapy|medical herbalist|naturopathic physician|herbal medicine practitioner|phytotherapist|herbalist|herbal practitioner
audio and video equipment shop manager,hi-fi shop manager|audio and video shop manager|home entertainment store manager|audio and video equipment store manager|audio-visual store manager|audio-visual shop manager|multimedia store manager|multimedia superstore manager|audio and video store manager|home entertainment superstore manager|home entertainment shop manager|multimedia equipment shop manager|hi-fi store manager
bus driving instructor,driving instructor|driver training instructor|driver education instructor|pcv driving instructor|bus driver training instructor|coach driver training instructor|cat d driving instructor|coach driving instructor|bus driver instructor|cat d instructor|bus driving training instructor|pcv instructor
well-digger,geotechnical driller|water borehole digger|water well-digger|drillers offsider|water well driller|borehole digger|waterwell driller|environmental driller|water borehole driller|surface driller|well technician|drilling supervisor
photography teacher,photography educator|teacher of photography|tutor in photography|photography tutor|educator in photography|teacher of media arts|media arts teacher|photography instructor|instructor in photography
industrial arts vocational teacher,industrial arts educator|industrial arts instructor|industrial arts vocational instructor|industrial arts teacher|technical handicraft instructor|technical handicraft teacher|vocational teacher in industrial arts|educator in industrial arts|vocational instructor in industrial arts
civil engineering worker,construction worker|civil engineering company worker|civils ground worker|site worker|civils groundworker|groundworker|civils worker|civils operative|civil engineering contract worker|ground worker|building worker
helicopter pilot,commercial helicopter pilot|airline helicopter transport pilot|helicopter operator|pilot of helicopters
swimming facility attendant,pool attendant|attendant in swimming pool|beach attendant|swimming pool cleaner|swimming pool attendant
marketing consultant,air transport marketer|marketing adviser|marketing analyst|marketing advisor|marketing specialist|sales and marketing consultant|digital marketing strategist|marketing campaign planner|strategic marketing consultant
advertising media buyer,radio buyer|media space buyer|media buyer and planner|media buyer & planner|radio media buyer|advertising media specialist|space buyer|senior media buyer|media buyer|advertisment media buyer|media and advertising buyer|press buyer|international media buyer|tv buyer
journalism lecturer,journalism professor|journalism lector|journalism teacher|journalism and media docent|media studies instructor|journalism and media lecturer|specialist lecturer in journalism|journalism docent|professor of media studies|instructor in journalism|journalism and media instructor|journalism and media professor|higher education journalism teacher|journalism instructor|professor of journalism|lecturer of journalism|lecturer in journalism and media studies|journalism and media teacher|university lecturer in journalism|university journalism lecturer|lecturer in journalism|media studies professor|lecturer in journalism and media|media studies teacher|media studies lecturer|media studies docent
gas processing plant control room operator,process plant operator|panel controller|gas processing plant operator|gas processing control room manager|panel board operator|gas processing control room supervisor|process control operator|gas process operator|plant monitoring operator|gas processing control room technician|control panel monitor|process control room operator|monitoring panel operator
offshore renewable energy plant operator,tidal farm operator|ocean energy plat operator|wave farm operator|marine renewable energy plant operator|marine wind energy operator|marine tidal stream operator|ore plant operator|marine wave energy operator|wave energy plant operator|offshore wind energy operator|wave energy operator|marine wind energy technician
jewellery and watches shop manager,diamond shop manager|diamonds and precious metals store manager|luxury watches and diamond jewellery store manager|jewellery shop manager|jewellery store manager|luxury watches and diamond jewellery shop manager|jewellery and watches store manager|jewelry and watches shop manager|diamonds and precious metals jewellery shop manager|diamond store manager
dredge operator,dredger operator|port dredger operator|dredge operatr|dredde operator|port dredge operator
liquid fuel engineer,gas liquids engineer|chemical engineer|fuel chemist|biofuel specialist|fuel system engineer|petrol specialist|fuel engineer|liquid fuel system maintenance engineer|natural gas engineer|natural gas specialist|fuel specialist|petrol engineer|biofuel engineer
performance rental technician,load cell hire technician|equipment hire technician|rental equipment performance technician|lighting hire equipment technician|venue technician (rental equipment)|rental equipment performance engineer|equipment technician|performance rental engineer|sound equipment hire technician|special effects hire equipment technician|weight report technician|performance rental monitor|venue performance monitor
marketing assistant,general marketing assistant|marketing associate|marketing officer|marketing operations assistant|marketing executive assistant|marketing practitioner
photojournalist,photo reporter|image journalist|multi media image journalist|news photographer|photo correspondent|investigative photographer|photo-journalist|visual journalist|newspaper photographer|photo journalist|photographic journalist
edge bander operator,banding machine operator|adhesive bonding machine worker|edge bander operative|edgebander operative|banding machine worker|banding machine setter|adhesive bonding machine setter|edge bander worker|adhesive bonding machine tender|edgebander setter|banding machine operative|edgebander worker|edge bander tender|adhesive bonding machine operative|edgebander tender|banding machine tender|edge bander setter|adhesive bonding machine operator
wholesale merchant in pharmaceutical goods,wholesale merchandiser in pharmaceutical goods|business to business sales consultant in pharmaceutical goods|wholesale buyer in pharmaceutical goods|wholesaler in pharmaceutical goods|assistant wholesale merchant in pharmaceutical goods|trainee wholesale merchant in pharmaceutical goods|graduate wholesale merchant in pharmaceutical goods|wholesale trader in pharmaceutical goods|senior wholesale merchant in pharmaceutical goods|b2b sales consultant in pharmaceutical goods|business to business seller in pharmaceutical goods
language engineer,computer-aided translation engineer|language technology engineering specialist|language engineering adviser|language technology engineering expert|language technology engineering consultant|language engineering specialist|computer-assisted translation engineer|language technology engineering adviser|cat engineer language engineering expert|machine translation engineer|language engineering consultant|linguistic engineer|language technology engineer|language technologist
hospitality entertainment manager,entertainment manager|holiday camp entertainment manager|resort entertainment manager|cruise entertainment manager|amusement manager|holiday entertainment manager|entertainments manager
pedicurist,mani-pedi attendant|foot care attendant
halal butcher,halal meat slicer|halal meat boner|halal meat butcher
animator,3d computer-generated imagery animator|3d computer animation artist|2d hand-drawn animator|computer animation artist|animators|animation specialist|2d computer animation artist|traditional animator|2d animation specialist|cgi animator|cartoon animator|2d animation designer|computer animator|3d animation artist|animation designer|3d animation specialist|animation artist|3d animation designer|2d animation artist|2d animator|hand-drawn animator
yarn spinner,spinning machine tender|spinning-frame tender|staple yarn spinner|cotton spinner|yarn spinners|spinning mechanics|thread spinner|spinning mechanic
communications lecturer,university communications teacher|lecturer in communication and media|lecturer in communications|communications professor|professor of communication|university communications lecturer|professor of communications|university lecturer in communications|communications teacher|higher education communications teacher|communications docent|lecturer of communications|communications instructor|communications lector|communication and media lecturer
atm repair technician,automated teller machine repair technician|atm servicer|cash machine repair technician|automatic teller machine repair technician|cashpoint repair technician
electrician,wirewoman|installation electrician|maintenance electrician|electrical maintenance technician|electrical systems installer|electrical installer|electrical services installer|electrical worker|electrical maintenance worker|wireman|large solar systems electrician
gambling quality assurance engineer,test operator in gambling|lottery quality assurance engineer|gaming quality assurance engineer|betting quality assurance engineer|betting quality controller|lottery quality controller|gambling engineer|gambling quality controller
wood and construction materials distribution manager,assistant wood and construction materials distribution manager|wood and construction materials supply chain planner|wood and construction materials supply chain manager|wood and construction materials logistics planner|graduate wood and construction materials distribution manager|wood and construction materials logistics manager|senior wood and construction materials distribution manager|trainee wood and construction materials distribution manager
make-up artist,make up artist|theatre makeup artist|prosthetics and make up artist|prosthetics & make up artist|prosthetics builder|prosthetics maker|special effects & make up artist|special effects & make-up artist|prosthetics & make-up artist|prosthetics make up artist|special effects make up artist|make-up specialist|make up specialist|fashion makeup artist|special effects and make-up artist|make-up consultant|prosthetics and make-up artist|special effects and make up artist|make up consultant|makeup stylist|special effects make-up artist|prosthetics make-up artist
property insurance underwriter,home office insurance underwriter|property underwriter|property insurance assessor|property and automobile underwriter
oenologist,wine advisor|wine maker|wine production specialist|wine producer|wine production expert|winery cellar master
sommelier,wine manager|restaurant sommelier|wine waiter
bindery operator,bindery specialist|paper binder|binder operator|bindery machine operator|bindery machine technician|bindery machine specialist|perfect binder operator|perfect bindery specialist|bindery worker|perfect binder technician|bookbinder|binder|binder machine tender|bindery operative|bindery technician|perfect bindery technician|perfect binder specialist|binding machine tender|bookbinding machine operator|printing stitcher operator|binder machine operator|binding machine operator|binding operator|binder specialist|perfect bindery operator|binder technician|perfect binding operator
lexicographer,bilingual dictionaries lexicographer|bilingual dictionary editor|dictionary editor|computational lexicographer|senior lexicographer|lexicologist|linguistic lexicographer
lottery manager,general manager|lottery general manager|senior lottery administrator|lottery managing director|lottery chief executive officer|lottery shop managing director|lottery shop senior administrator|lottery shop general manager|lottery shop manager|lottery shop chief executive officer
freight transport dispatcher,dispatching officer|air freight dispatcher|freight logistics dispatcher|freight dispatching operator|freight dispatcher|freight transportation dispatcher|freight dispatching officer|dispatcher of freight|dispatcher
chiropractor,etiopath|musculoskeletal therapist|neuromusculoskeletal therapist|licensed chiropractor
drawing kiln operator,drawing kiln worker|flat glass kiln operator|glass production operative|drawing kiln operative|glassmaker|glass kiln operator|drawing machine operative|drawing machine worker|glass operative
quick service restaurant team leader,fast food team leader|fast service team leader|fast service shift team leader|fast food shift team leader
"technical sales representative in hardware, plumbing and heating equipment","technical salesperson in hardware, plumbing and heating equipment|technical sales representative in heating equipment|technical salesman in hardware, plumbing and heating equipment|senior technical sales representative in hardware, plumbing and heating equipment|graduate technical sales engineer in hardware, plumbing and heating equipment|hardware sales representative|assistant technical sales engineer in hardware, plumbing and heating equipment|trainee technical sales representative in hardware, plumbing and heating equipment|technical sales representative in hardware|technical saleswoman in hardware, plumbing and heating equipment|senior technical sales engineer in hardware, plumbing and heating equipment|heating product sales representative|assistant technical sales representative in hardware, plumbing and heating equipment|trainee technical sales engineer in hardware, plumbing and heating equipment|technical sales representative in plumbing|graduate technical sales representative in hardware, plumbing and heating equipment|hardware, plumbing and heating sales representative"
surface grinding machine operator,back grinding machine operator|filling and grinding machine operator
surface miner,mine operative|surface mining operative|quarry stationary plant operative|collier
sole and heel operator,heel nailing machine operator|shoe cementer|heel nailing machine tender|sole cementer|sole blacker|sole stitcher
healthcare institution manager,general manager|health service manager|general manager healthcare|healthcare director|healthcare general manager|hospital operations supervisor|healthcare operations manager|hospital operations manager|healthcare operations director
insulating tube winder,"tube winding machine operative|tube winding machine setter|tube winder|convolute tube winder|winder, insulating tubes|tube winding machine tender|winding technician|tube winding machine operator"
materials engineer,construction materials engineering expert|materials engineering consultant|building materials engineering consultant|ceramic engineer|building materials engineer|construction materials engineer|materials engineering adviser|material engineer|battery materials engineer|construction materials engineering adviser|advanced materials engineer|building materials engineering expert|construction materials engineering specialist|materials engineering expert|building materials engineering adviser|construction materials engineering consultant|materials engineering specialist|building materials engineering specialist
tax compliance officer,revenue compliance officer|tax officer|council tax officer|enforcement agent|tax compliance agent|tax payment enforcement officer|tax enforcement officer|taxpayer compliance officer
army corporal,armed forces corporal|lance corporal|special forces corporal|royal marines corporal|corporal|batallion corporal|master corporal|regimental corporal
anatomical pathology technician,anatomical pathology technical assistant|assistant in anatomical pathology|assistant pathology technician|pathology laboratory services technician|pathology technician|anatomical pathology technologist|mortuary technician|pathology laboratory technician|technician in anatomical pathology
plastic heat treatment equipment operator,materials engineer|heat treat operator|heat treating operator|heat treat technician|metallurgical process engineer|heat treating equipment operator|heat treating equipment setter|heat treatment equipment engineer
horse trainer,riding instructor|horse riding coach|horse riding instructor|racehorse trainer|equine trainer|horse riding trainer|equestrian centre instructor|jockey trainer|riding school instructor|riding school trainer|dressage instructor|equestrian centre trainer
vehicle technician,car mechanic|automotive technician|lgv technician|truck mechanic|heavy vehicle technician|motorbike technician|light vehicle technician|bus mechanic|bus and coach technician|electric vehicle testing engineer|moped repairer|auto mechanic|pcv technician|van mechanic|senior bus technician|moped mechanic|coach technician|motorbike mechanic|electric vehicle car mechanic|bus technician|vehicle mechanic|road vehicle mechanic|automotive maintenance technician|automotive mechanic|moped technician|motorcycle mechanic|snowmobile mechanic|motor vehicle mechanic|motorbike repairer
second-hand goods specialised seller,second-hand goods specialized seller|army surplus goods specialised seller|second-hand goods salesperson|army surplus goods salesperson|second hand goods specialised seller|thrift shop salesperson|vintage clothes specialised seller|thrift shop specialised seller|charity shop salesperson|second hand bookshop salesperson|charity shop specialised seller|vintage clothes salesperson
membership manager,subscription manager|membership management officer|membership supervisor|membership sales manager|membership account manager|membership and subscription manager|membership director|membership coordinator|club manager|regional membership manager|member records manager
social worker,community worker|community counsellor|cultural mediator|social outreach worker|community services officer|community centre worker|child and youth worker|social services worker|community liaison worker|welfare worker|community development worker|community rehabilitation worker|community and social services worker|social and community services worker|social services assistant|community service worker
furniture specialised seller,home articles specialised seller|home furnishings salesperson|home furnishing salesperson|home furnishing specialised seller|lightning equipment and accessories salesperson|furniture salesperson|lightning equipment and accessories specialised seller|furniture and lighting sales person|home furnishings specialised seller|home articles salesperson|furniture and lighting specialised seller
environmental protection manager,environmental manager|environmental field office manager|environmental protection specialist|environmental impact assessment manager|environmental safety specialist
ict business analysis manager,it business analysis manager|it commercial analysis manager|it business analysis director|ict business analysis managers|lead it business analyst|ict commercial analysis manager
print studio supervisor,print senior technician|master printer|print studio team leader|print shop supervisor|print senior specialist|print senior operator|print production supervisor|superintendent in the printing industry|print studio teamleader|production supervisor in the printing industry|master bookbinder|print and production supervisor
paper machine operator,paper making machine operator|paper machine technician|paper making machine specialist|paper-making machine specialist|paper machine specialist|paper maker|paper-making machine operator|paper making machine technician|paper-making machine technician|paper machine hand
cylindrical grinder operator,automatic grinder operative|plate grinder|blade grinder|bit grinder|rail grinder|bearing grinder|billet grinder|roll grinder|razor grinder|rolling grinder|air grinder|bench grinder|disc grinder|drill grinder|automatic grinder operator|metal grinder|broach grinder|crankshaft grinder|edge grinder|emery grinder
food technologist,food tech specialist|food technology specialist|food technology expert|food tech expert
non-vessel operating common carrier,freight forwarder|nvocc|shipment consolidator
oceanographer,marine geologist|marine physicist|oceanography scientist|oceanography science researcher|oceanographers|oceanography research scientist|marine chemist|oceanography analyst|oceanography research analyst|marine research scientist|oceanography researcher
leather laboratory technician,leather chemical tester|leather chemist|leather tester|leather chemical laboratory technician|leather chemical technician|leather testers|leather dye and chemical coordinator|leather laboratory technicians
securities trader,securities sales agent|securities sales director|securities teller|securities sales directors|securities tellers|securities sales agents|securities clerks|securities clerk
youth offending team worker,youth offender team worker|juvenile probation social worker|juvenile probation officer|youth offender social worker|youth offending team officer|youth resettlement officer|youth justice worker|youth offending team leader|youth resettlement worker
aeronautical information service officer,officer in aeronautical information|aeronautical data service officer|aeronautical information officer
fire prevention and protection engineer,fire protection and prevention engineer|fire prevention and protection engineering expert|fire prevention engineer|fire prevention and protection technology engineering consultant|fire prevention and protection technology engineer|fire prevention and protection engineering specialist|fire prevention and protection technology engineering expert|fire prevention and protection engineering adviser|fire prevention and protection technology engineering adviser|fire prevention and protection technology engineering specialist|fire prevention and protection engineering consultant|fire protection engineer
airport chief executive,airport manager|airport chief operating officer|airport general manager|airport ceo|general director of airport
book editor,editorial director of publications|acquisitions editor|commissioning editor|book editor and consultant|manuscripts editorial director|senior book editor|book editorial director|book editor and publisher|children's book editor|book editor and project manager
import export manager in office furniture,assistant import manager in office furniture|international trade manager in office furniture|senior export manager in office furniture|customs compliance manager in office furniture|senior import manager in office furniture|trainee import export manager in office furniture|graduate import export manager in office furniture|assistant export manager in office furniture|senior import export manager in office furniture|assistant import export manager in office furniture|trainee import manager in office furniture|international trade compliance manager in office furniture|graduate import manager in office furniture|graduate export manager in office furniture|trainee export manager in office furniture
benefits advice worker,social security social worker|welfare benefits social worker|employment and benefits advice worker|welfare rights adviser|welfare rights counsellor|welfare rights officer|social benefits social worker|welfare rights worker|benefit advisor|welfare benefits advice worker|welfare benefits adviser
electricity sales representative,electricity sales consultant|electricity salesman|electric power seller|residential electricity sales representative|electricity saleswoman|electricity seller|electricity sales rep|electric power sales negotiator|electric power sales promoter|electricity salesperson|electricity sales negotiator|electricity sales promoter|electric power sales consultant
investor relations manager,investors relation manager|investor relations director|investment strategy manager|investor relations supervisor
winding machine operator,bobbin winder|winding operator|core winding operator|winder operator|core winder machine operator|machine bobbin winder|winding machinist|winder tender|winding machine tender
family support worker,family service worker|intensive family support worker|children and families support worker|family engagement worker|family advice worker|family intervention worker|family social care worker|family worker (early intervention)|early intervention worker (families)|early help family worker
fire protection technician,fire protection service engineer|senior fire engineer|fire and security systems engineer|fire alarm service technician|fire suppression engineer|fire risk assessor|fire and security maintenance engineer
intelligence officer,cyber investigator|intelligence research specialist|cyber threat intelligence specialist|research & intelligence officer|counter-terrorism analyst|criminal intelligence analyst|military intelligence officer|intelligence analyst|housing intelligence officer|intelligence research officer|intelligence investigator|research and intelligence officer
street warden,countryside ranger|neighborhood warden|warden|bylaw enforcement officer|neighbourhood warden|special constable|environmental warden|community support officer|community safety warden
foreign correspondent,foreign news correspondent|on-the-scene reporter|international correspondent|foreign reporter|foreign affairs correspondent|foreign journalist
underground miner,collier|coal hewer|underground mine operative|coal excavator|underground mining operative|coal digger|underground mine worker|underground mineworker|hewer|coal cutter
official veterinarian,government veterinary officer|veterinary inspector|state vet|official vet|public health veterinarian|government vet
3d printing technician,3d printer operator|printing machine technician|3d printer repairman|3d printing operator|3d printing prototyping technician|printer repairman|printer repairer|3d printing repairer|print service technician|3d printer repairer|3d printing repairman|printer technician|3d printing field service technician|prototyping technician|3d print service technician|printing field service technician
boom operator,tv boom operator|shotgun microphone operator|production sound mixer assistant|shotgun operator|boom holder|sound equipment technician|film boom operator
early years teaching assistant,reception teaching assistant|assistant in early years teaching|preschool teaching aide|early childhood teaching aide|early childhood teaching assistant|nursery teaching aide|nursery teaching assistant|assistant in early years education|early years ta|kindergarten teaching assistant
electronics engineer,electronic technology engineering consultant|electronics engineering specialist|electronic technology engineer|electronic engineer|electronics engineering adviser|electronics engineering expert|electronics engineering consultant|electro engineer|electronic technology engineering expert|electronic technology engineering adviser|electronic technology engineering specialist
production designer,production design manager|film production designer|art department lead|art department manager|tv production designer|television production designer|art department supervisor|animation production designer
agricultural engineer,agricultural technology engineer|agricultural landscape engineer|agricultural technology engineering expert|agricultural technology engineering specialist|agricultural technology engineering consultant|agricultural engineering expert|agriculture engineer|agricultural engineering consultant|agricultural engineering adviser|agricultural consultant engineer|agricultural technology engineering adviser|agricultural engineering specialist
beauty vocational teacher,hair and beauty instructor|vocational cosmetology teacher|hair and beauty educator|hair and beauty teacher|vocational beauty teacher|beauty teacher|cosmetology vocational teacher|educator in hair and beauty|beauty instructor|vocational hair and beauty teacher|educator in beauty|beauty educator|cosmetology teacher
social security officer,healthcare insurance adviser|civil servant|benefits officer|government administrative officer|social security claims officer|social security adviser|employment advisor|invalidity adviser
residential childcare worker,childcare worker|children's support worker|children's home worker|residential care worker|special needs support worker|residential home children care worker
aviation ground systems engineer,aviation ground systems technician|engineer of aviation ground systems|airport ground systems technician|airport ground systems engineer
computer and accessories specialised seller,computer specialised seller|computer hardware salesperson|computer salesperson|consumer electronics specialised seller|computer and peripheral units specialised seller|it salesperson|computer hardware specialised seller|ict specialised seller|computer and accessories specialized seller|ict salesperson|consumer electronics salesperson|computer and peripheral units salesperson|it specialised seller|computer and accessories salesperson
assistant outdoor animator,outdoor activities facilitator|outdoor adventures facilitator|junior instructor|assistant open-air activities instructor|outdoor activities assistant instructor|assistant open-air activities teacher|assistant outdoor activities teacher
barber,haircutter
packing machinery engineer,mechanical packaging engineer|packaging machinery engineer|machine packing inspector|packaging machine engineer|machine-packing engineering inspector|machine packing engineer|machine packaging supervisor|packing machinery engineering adviser|packing machinery engineering expert|packaging engineer|packing machinery inspector|packing machinery engineering specialist|mechanical packing engineer|machine packaging engineer|packing machine engineer|machine-packing engineer|machine packaging technician|machine packaging inspector|packing machinery engineering consultant
big data archive librarian,digital documentation archivist|archive librarian|documentation archivist|computer tape librarian|digital archivists
budget analyst,budget and policy analyst|budget accountant|budget officer|cost and planning analyst
rental service representative in water transport equipment,rental sales desk supervisor in water transport equipment|rental advisor in water transport equipment|rental specialist in water transport equipment|rental sales supervisor in water transport equipment|rental sales team leader in water transport equipment|rental sales desk agent in water transport equipment|rental service manager in water transport equipment|rental service worker in water transport equipment|rental sales worker in water transport equipment|rental service desk agent in water transport equipment|rental service supervisor in water transport equipment|rental service desk clerk in water transport equipment|rental sales desk clerk in water transport equipment|rental sales assistant in water transport equipment|rental sales manager in water transport equipment|rental service assistant in water transport equipment|rental service team leader in water transport equipment|rental service desk supervisor in water transport equipment
assistive technologist,educational technology advisor|assistive technology technician|assistive technology assessor|special needs technologist|educational assistive technologist|assistive technology facilitator|it disability support advisor|educational technologist
architecture lecturer,lecturer of architecture|professor of architecture|architecture professor|university lecturer in architectural studies|architecture instructor|professor of architectural studies|university architectural studies lecturer|architecture docent|lecturer in architectural studies|architecture teacher|architecture lector|instructor in architecture|university architecture lecturer|university lecturer in architecture|lecturer in architecture
road operations manager,road freight operations coordinator|road freight operations supervisor|road freight operations manager|road operations coordinator|passenger transport operations manager|road transport manager|road operations superintendent|road operations supervisor
travel and tourism vocational teacher,vocational instructor in travel and tourism|travel and tourism teacher|vocational travel and tourism teacher|trainer in travel and tourism|travel and tourism instructor|vocational teacher in travel and tourism|travel and tourism trainer|travel and tourism vocational instructor|instructor in travel and tourism
advertising manager,promotions manager|promotions coordinator|advertising director|advertising agency manager|campaigns coordinator|advertising account planner|marketing communication manager|advertising coordinator|advertising executive|advertising campaign manager|advertising and promotions manager
public funding advisor,business advisor|business coach|enterprise mentor|public funding specialist|enterprise advisor|public funding co-ordinator advisor|enterprise coach|business finance advisor|business mentor|grants advisor
scenic painter,scenery artist|scenic artist|scenic painter & artist|scenery painter|theatre scene painter|scene painter|theater scene painter|scenic painter and artist
recycling worker,household waste reclamation worker|waste recycling site worker|waste reclamation worker|vehicle dismantler|recycling site operative|recycling operative|reclamation worker|recycling site worker|car dissasembler|vehicle breaker|household waste recycling site operative|commercial waste reclamation worker|car breaker|waste recycling site operative|household waste recycling site worker
housing support worker,housing officer|housing advisor|support worker (housing)|senior housing support worker|assistant housing support worker|housing outreach worker|housing advice worker|housing support officer
community artist,community & participatory artist|dance leader|hospital clown|artist & community facilitator|community arts facilitator|community arts worker|community arts practitioner|artist in mediation|community dance leader|community dance practitioner|community dance artist|community arts project leader|community drama artist
process metallurgist,process metallurgy science researcher|process metallurgy research analyst|process metallurgy adviser|process metallurgy research scientist|process metallurgy analyst|process metallurgy consultant|steel industry experts|process metallurgy scientist|process metallurgy scholar|processing metallurgist|process metallurgy specialist|process metallurgy researcher|process metallurgy expert
podiatry assistant,assistant in podiatric foot care|chiropody assistant|foot care assistant|podiatry foot care assistant|podology assistant|assistant in chiropody|assistant practitioner in podiatry|assistant in podiatry|assistant in podology
hardwood floor layer,timber floor layer|installer of harwood floors|parquet floor installer|wood floor layer|parquet floor layer|hardwood floor installer
casting director,casting recruiter|extras casting director|film casting director|talent director|casting coordinator|movie casting director|executive of casting|talent booker|motion picture casting director|tv casting director
strategic planning manager,strategy manager|corporate strategist|business continuity planning director|business continuity strategy director|strategic development manager|strategic business planning manager|innovation and strategy specialist|strategy adviser|strategic manager|planning manager
sensor engineer,sensor technology engineering specialist|electronic sensor engineer|sensor engineering expert|sensor design engineer|sensors engineer|sensor designer|sensor technology engineer|sensor engineering specialist|engineer in sensor technology|sensor engineering consultant|sensor technology engineering expert|sensor systems engineer|engineer of sensors|sensor and actuator engineer|sensor engineers|sensor engineering adviser|sensor developer|sensor development engineer|actuator and sensor engineer|specialist sensor engineer|electronics sensor engineer|sensor technology engineering adviser|engineer of sensors and actuators|sensor technology engineering consultant|engineer specialised in sensor technology
educational psychologist,students psycology specialist|educational psychology specialist|students psychologist|school psychology practitioner|psychologist in education institution|practitioner of educational psychology|students' psychology assistant|school psychologist|practitioner in school psychology|specialist in educational psychology|practitioner in educational psychology|educational psychology practitioner
filing machine operator,reciprocating filing machine setter|metal finishing machine operator|reciprocating file operator|filing room operative|wood filer|filing room operator|metal filing machine operative|stapling machine operator|metal finishing machine setter|band filing machine setter|wood filing machine operator|stapling machine operative|filing machine technician|bench filing machine operator|filing machine tender|band filing machine tender|filing plant operative|reciprocating filing machine operative|filing machine operative|bench filing machine operative|band filing machine operative|filing and stapling machine technician|filing and stapling machine operative|filer|bench filing machine setter|metal filing machine tender|metal filing machine operator|filing and stapling machine apprentice|reciprocating filing machine tender|reciprocating filing machine operator|filing machine worker|metal filer|filing machine specialist|bench filing machine tender|filing machinist|stapling machine tender|plastic filer|metal finishing machine operative|filing and stapling machine tender|band filing machine operator|plastic filing machine operator|filing plant operator|metal finishing machine tender|filing and stapling machine operator|metal filing machine setter
paper embossing press operator,paper embossing press specialist|paper embosser technician|paper embosser|paper embossing & debossing press operator|paper embossing & debossing machine operator|paper paper embossing press operator|paper embosser worker|paper embossing and debossing press operator|paper embossing/debossing press operator|paper embossing press worker|paper embossing press technician|paper embossing machine operator|paper embossing machine tender|paper embossing/debossing machine operator|paper embosser operator|paper embossing and debossing machine operator|paper embossing press tender|paper embosser specialist
political scientist,war researcher|peace researcher|public administration researcher|political analyst|political scholar|political researcher|political studies research scientist|politics scienctist|political studies scientist|political studies scholar|pundit|peace and conflict researcher|political research scientist|political science researcher|political studies researcher
social work assistant,social work assistant team member|support work assistant practitioner|assistant social worker|social work assistant practitioner|assistant support worker|support worker assistant|social work team assistant|support work assistant team member
aquaculture harvesting manager,fish farm harvesting manager|manager of aquaculture harvesting|harvesting operations manager|aquaculture harvesting supervisor
scientific laboratory technician,laboratory technology specialist|lab assistant|chemistry laboratory assistant|laboratory assistant|laboratory technology expert|laboratory technologist|laboratory research assistant
industrial robot controller,robotic equipment operator|robotic equipment operative|industrial robot operative|industrial robot setter|delta robot controller|scara robot controller|industrial robot technician|industrial robot operator|industrial robot test technician|robot welder programmer|robotic welder programmer|industrial robotics controller|robotic equipment controller
prosthetic-orthotics technician,orthopaedic appliance maker|prosthetics maker|prosthetic brace maker|prosthetic devices maker|orthopaedic technician|orthotic and prosthetic technician|prosthetics assembler|o&p technician|orthotic appliance maker|prosthetic appliance maker|orthotic technician|prosthetic support maker|surgical appliance technician|surgical appliance maker|orthotics technician
cooper,barrel assembler|wooden barrel constuctor|wooden barrel maker|wooden barrel builder|barrel constuctor|master barrel builder|barrel maker|wooden barrel assembler|master cooper
injection moulding operator,plastic molding operator|plastic injection molding operator|plastic moulder|plastic injection molding machine operator|injection molding machine operator|injection moulder|thermoplastic molding operative|plastic injection moulding machine operator|injection moulding setter|injection molding setter|wax injection operator|thermoplastic molding operator|injection moulding operative|plastic moulding worker|thermoplastic molding worker|plastic moulding operative|injection molding operative|plastic molding operative|thermoplastic moulding operative|plastic injection moulding operator|injection moulding worker|plastic molding worker|injection moulding machine operator|injection molding worker|thermoplastic moulding worker|thermoplastic moulder
street sweeper,sweeper of city streets|leaf vacuum operator|street maintenance worker|leaf-sucker operator|street sweeper driver
freight inspector,freight and cargo inspector|cargo inspector|freight surveyor|principal surveyor|inspector of freight|marine and cargo surveyor|cargo surveyor|freight & cargo inspector
residential home older adult care worker,residential support worker (older adults)|support worker (older adults in care)|older adult services worker|residential support worker|supported living support worker
business valuer,business valuation analyst|business valuation officer|chartered business valuator|valuator of business|chartered appraiser|business evaluator|businesses evaluator|businesses valuator|accredited business appraiser|business valuator|business valuers|business valuation consultant|business valuation specialist|business appraiser|valuator of businesses
pesticides sprayer,spray technician|trees sprayer|pesticides applicator|lawn care chemical applicator|sprayer of pesticides
debt collector,credit control agent|debt recovery agent|collections associate|collection agent|debt collection officer|debt collection agent|revenue agent|assistant debt collector|debt collection operative|payment collector|bill and account recovery agent|bill and account collector|senior debt collector|field debt collector|bill collector|third-party collector
ict accessibility tester,accessibility testers|usability tester|accessibility test specialist
stage machinist,chief stage technician|theatre mechanist|theater machinist|flying system operator|flying operator|theater mechanist|stage & lighting technician|flyman|theatre machinist|set mechanics supervisor|set technician|scene-shifter|lighting and stage technician|stage and lighting technician|lighting & stage technician|stage mechanist|flying system technician
fiscal affairs policy officer,fiscal policy analyst|fiscal policy consultant|tax policy officer|fiscal policy developer|fiscal policy specialist|fiscal policy officer|fiscal policy researcher|tax and development policy officer
railway infrastructure inspector,railway infrastructure examiner|railway infrastructure safety inspector|railway infrastructure auditor|railway infrastructure surveyor
mail clerk,mail room clerk|post office mail clerk|sorting clerk|mail sorter
leather goods patternmaker,leatherware modelist|leather goods pattern-maker|leatherware pattern-maker|leather goods pattern maker|pattern maker leather goods|leather goods modelist
sewing machinist,seamstress|sewing operator|sewer|sew on machinist|sewing worker
textile operations manager,textile operations supervisor|clothing operations director|clothing operations manager|clothing operations area manager|textile production manager|textile production operations manager|clothing production manager|textile operations coordinator
electromechanical engineering technician,electromechanical engineering specialist|technician in electromechanical systems|electrical engineering technician|electromechanical maintenance technician|wind energy technician|electromechanical engineering technologist|specialist technician in electromechanical systems|electromechanical technician|electro-mechanical technician|ship electrical technician
fruit and vegetables specialised seller,greengrocers store specialised seller|greengrocery counter salesperson|fruiterers shop salesperson|fruit and vegetables specialized seller|organic fruit and vegetable specialised seller|greengrocers shop salesperson|greengrocery counter specialised seller|greengrocers shop specialised seller|fruit salesperson|organic fruit specialised seller|greengrocery salesperson|vegetable specialised seller|vegetable salesperson|organic vegetable specialised seller|fruit specialised seller|fruiterers shop specialised seller|organic fruit and vegetable salesperson|organic vegetable salesperson|greengrocers store salesperson|organic fruit salesperson|greengrocery specialised seller
logistics analyst,supply chain analyst|distribution and logistics consultant|logistics consultant|logistics and distribution analyst|logistics and supply chain analyst|logistician|distribution consultant|distribution analyst|supply chain consultant|analyst of logistics|distribution and logistics analyst
vlogger,video podcaster|youtuber|travel vlogger|beauty vlogger|video weblogger|fashion vlogger|video blogger|web video columnist|on-line video columnist|lifestyle vlogger
audiology technician,audiology specialist service technician|hearing aid technician|hearing aid service technician|hearing help technician|hearing aid acoustician|audiology service technician|audiology specialist technician|hearing instrument specialist|audio prosthetist|audiology assistant
landscape architect,landscape design expert|landscape engineer|landscape artist|landscapes architect|landscape design specialist|landscape expert|landscape specialist
airline transport pilot,aircraft captain|captain|airline pilot|airline aeroplane captain|airline transportation pilot
commercial pilot,captain|airline pilot|pilot of commercial aircraft|pilot of commercial aeroplanes
child care coordinator,pre-school activities manager|child day care vacation manager|vacation camp coordinator|vacation activities manager|pre-school activities coordinator|after school activities manager|vacation camp manager|after school activities coordinator|vacation camp activities manager|vacation camp activities coordinator|child day care vacation coordinator|vacation activities coordinator
metal furnace operator,plant manager|foundry plant manager|foundry operations manager|foundry production manager|blast furnace operator|steel furnace operator|smelter|smelting furnace operator|metal operations manager|smelter operator
textile specialised seller,drapery salesperson|house linen salesperson|textile specialized seller|mercers specialised seller|house linen specialised seller|drapers salesperson|mercers salesperson|drapery specialised seller|fabric salesperson|textile salesperson|fabric specialised seller|mercer|drapers specialised seller
survival instructor,wilderness survival instructor|survival education instructor|educator in survival techniques|wilderness survival trainer|survival techniques instructor|instructor in survival techniques|survival trainer|wilderness instructor
producer,music producer|video producer|film director|film producer|executive producer|motion picture manager|tour production manager
surface-mount technology machine operator,smt machine operator|electronics surface mount soldering machine operator|soldering machine operative|operator of surface-mount technology machine|electronics surface mount soldering operative|surface mount technology machine operator|smt operator|operator of smt machine
metals and metal ores distribution manager,metals and metal ores supply chain planner|metals and metal ores logistics manager|metals and metal ores supply chain manager|metals and metal ores distribution planner|trainee metals and metal ores distribution manager|assistant metals and metal ores distribution manager|graduate metals and metal ores distribution manager|metals and metal ores logistics planner|senior metals and metal ores distribution manager
ict system tester,it system tester|ict systems tester|systems tester|ict systems test engineer|ict systems testers
psychologist,psychology researcher|occupational psychologist|practitioner of counselling psychology|expert in counselling psychology|expert counselling psychologist|specialist counselling psychologist|practitioner of occupational psychology|practitioner of sport and exercise psychology|sport and exercise psychologist|counselling psychology practitioner
3d animator,cgi animator|computer-generated imagery animator|3d designer|cgi designer
technical sales representative in mining and construction machinery,mining and construction machinery field saleswoman|senior technical sales engineer in mining and construction machinery|mining and construction machinery field salesman|senior technical sales representative in mining and construction machinery|mining and construction machinery technical field sales representative|mining and construction machinery outside technical sales representative|assistant technical sales engineer in mining and construction machinery|graduate technical sales representative in mining and construction machinery|mining and construction machinery field salesperson|assistant technical sales representative in mining and construction machinery|trainee technical sales representative in mining and construction machinery|mining and construction machinery inside technical sales representative|technical sales engineer in mining and construction machinery
mouldmaker,foundry sand moulder|moldmaker|hand-moulded casting worker|mould maker|mold maker
canvas goods assembler,canvas product assembler|canvas tent maker|canvas goods producer|canvas goods production operative|canvas products maker|canvas goods production worker|canvas sail maker
irrigation technician,irrigation machinery technician|sprinkler system operator|irrigation pipework technician|irrigation system maintenance technician|irrigation worker|irrigation maintenance technician|irrigation machinery operator|irrigation machinery operative|irrigation system technician|irrigation operative|sprinkler system technician|irrigation machinery worker|sprinkler system maintenance technician
bid manager,tender manager|proposal manager|sales project manager|bid and project manager|commercial bid manager|offer manager|proposal writer|bid and delivery manager|technical bid manager|bid and tender manager|bid and proposals manager
process engineering technician,process engineering supervisor|engineering operational inspector|production supervisor|manufacturing engineering operations supervisor|manufacturing engineering supervisor|resident inspector|production inspector|engineering operations inspector|manufacturing processing engineer|resident technical support|manufacturing processing supervisor
pre-stitching machine operator,skiving machine operator|skiver|edge-painting machine operator|skiving operator|burnisher|burnishing machine tender|leather goods pre-stitching machine operator|burnishing machine operator|edge inker|edge-inking machine tender|shoemaking pre-stitching folding operator|shoemaking pre-stitching folding machine operator|gluing operator|edge-painting machine tender|shoemaking pre-stitching folding machine tender|edge-inking machine operator|skiving machine tender|sole edge-inking operator
pneumatic systems technician,pneumatic vacuum system inspector|gas system inspector|pneumatic systems inspector|vacuum system installer|pneumatic air system inspector|pneumatic gas system inspector|pneumatic system assembler|air system inspector|pneumatic system installer|vacuum systems assembler
industrial pharmacist,pharmaceutical industry pharmacist|industrial pharmacy specialist|industrial pharmacy consultant
accommodation manager,restaurant manager|resident manager|hotel manager|youth hostel manager|resort manager|hotel director|coffee shop manager|hospitality establishment director|hotel general manager
industrial engineer,industrial engineering consultant|industrial engineering expert|industrial technology engineering expert|industrial technology engineer|industrial engineering adviser|industrial technology engineering adviser|industrial engineering specialist|industrial engineers|industrial technology engineering specialist|industry 4.0 specialist|industrial waste engineer|industrial technology engineering consultant
leather goods stitching machine operator,leather saddle stitcher operator|saddle stiching machine operator
secondary school head teacher,high school director|secondary school director|secondary school head|high school head teacher|head teacher of secondary school|head of secondary school|secondary school headmaster|secondary school headteacher|headteacher of secondary school|secondary school principal
"textiles, textile semi-finished and raw materials distribution manager","textiles, textile semi-finished and raw materials logistics manager|trainee textiles, textile semi-finished and raw materials distribution manager|textiles, textile semi-finished and raw materials distribution planner|textiles, textile semi-finished and raw materials logistics planner|senior textiles, textile semi-finished and raw materials distribution manager|textiles, textile semi-finished and raw materials supply chain manager|textiles, textile semi-finished and raw materials supply chain planner|assistant textiles, textile semi-finished and raw materials distribution manager|graduate textiles, textile semi-finished and raw materials distribution manager"
head waiter/head waitress,front of house manager|waiter service manager|head waitress|head waiter|chief waiter|chief waitress|table service manager
fine arts instructor,fine arts educator|fine arts conservatory instructor|fine arts conservatory teacher|conservatory instructor in fine arts|professor of fine arts|fine arts conservatory lecturer|fine arts conservatory trainer|instructor in fine arts
business manager,general manager|corporate service manager|business unit manager|operations manager|vice-president|business coordinator|commercial specialist|team manager
water treatment plant manager,water treatment manager|water distribution plant manager|water plant superintendent|water treatment plant supervisor|water treatment facility manager|drinking water treatment plant manager|water treatment engineer|water treatment specialist|water treatment plant maintenance manager|water storage plant manager|water plant engineer|water plant treatment manager|water facility manager
specialised seller,specialised sales advisor|specialized trader|specialized salesperson|specialised salesperson|specialised trader|specialized sales advisor|specialized sales manager|specialised sales assistant|specialized vendor|specialised vendor|specialized sales assistant
advertising assistant,advertising trainee|advertising space clerk|executive advertising assistant|publicity assistant|advertising campaign assistant|advertising clerk
prepress technician,graphics technician|prepress specialist|prepress engineer|press preparation engineer|press preparation worker|prepress technologist|press preparation technologist|prepress worker|press preparation technician|press preparation specialist
textile chemist,textile chemical coordinator|textile chemist and colourist|textile chemical technician|textile colour formulator|textile chemical supervisor
hydrologist,hydrological engineer|surface hydrologist|hydrology research analyst|hydrology researcher|hydrology scientist|hydrology analyst|hydrology science researcher|hydrobiologist|hydrologists|water analysis specialist|hydrology research scientist
robotics engineer,automation systems engineer|robotics engineering adviser|autonomous systems engineer|robotic technology engineering specialist|robotics engineering expert|robotic engineer|engineer of robotics|control systems engineer|robotics engineering consultant|robotic technology engineer|engineer of robotic systems|robotics engineering specialist|robotic technology engineering consultant|robotic technology engineering expert|robotic technology engineering adviser|robotic systems engineer|engineer in robotics
cacao beans cleaner,cocoa bean treatment system operator|cocoa bean shelling machine operator|cocoa bean cleaning machine operator|coca bean winnower controller
military engineer,combat technician|defence engineering consultant|defence manager|defence technology engineering specialist|ballistics engineer|defence engineering specialist|defence engineering adviser|defence technology engineering consultant|combat engineer|weaponary developer|defence technology engineer|defence technology engineering expert|army engineer|field engineer|defense engineer|army engineer officer|defence engineering expert|defence technician|defence technology engineering adviser
gas transmission system operator,natural gas transmission system operative|gas distribution system worker|gas distribution system operator|gas transmission system operative|gas distribution system operative
veterinary scientist,animal models researcher|researcher in veterinary science|veterinary researcher|animal models scientist|scientist in veterinary research
dressmaker,seamstress|seamster|custom dressmaker|tailor|couture dressmaker|bespoke dressmaker
pharmacy lecturer,pharmaceutics lecturer docent|pharmaceutics lecturer professor|pharmaceutics lecturer|pharmaceutics lecturer lector|university pharmacy teacher|pharmaceutics lecturer teacher|pharmacy lector|university lecturer in pharmaceutical sciences|higher education pharmacy teacher|lecturer in pharmaceutics lecturer|university pharmaceutical sciences teacher|pharmaceutics lecturer instructor|higher education pharmaceutical sciences teacher|professor of pharmacy|pharmacy docent|university pharmaceutical sciences lecturer|university pharmacology lecturer|pharmacy instructor|lecturer in pharmacology|professor of pharmaceutical sciences|university lecturer in pharmacy|lecturer in pharmaceutical sciences|lecturer in pharmacy|university lecturer in pharmacology|pharmacy teacher|lecturer of pharmacy|pharmacy professor|professor of pharmacology|university pharmacy lecturer
outdoor activities instructor,practitioner of instruction in outdoor activities|outdoor activities instruction practitioner|outdoor pursuits instructor|outdoor pursuits group leader|instructor in outdoor activities|instructor in outdoor pursuits
education administrator,school secretary|school administrator|specialist education administrator|specialist administrator in education|college administrator|further education administrator|education administration practitioner|education secretary|administrator in education|higher education administrator|school executive assistant|university administrator|school receptionist
lawyer linguist,legal linguistics specialist|linguistic lawyer|linguist lawyer|legal linguistics expert|linguistics lawyer|legal linguistic specialist|jurilinguist|freelance legal translator|legal translator|legal interpreter|legal linguist|legal linguistic expert
early years teacher,preschool teacher|kindergarten teacher|preprimary school teacher|nursery teacher
botanist,garden intendant|director of horticulture learning and operations|horticulture manager|director of horticulture|garden manager|garden supervisor|garden overseer|director of science|head botanist|head gardener|botany manager
hairdresser assistant,shampooer|hair salon assistant|hair stylist assistant|hair dryer|hair salon attendant|assistant of hairdressers
rental service representative in office machinery and equipment,rental service desk agent in office machinery and equipment|rental sales desk clerk in office machinery and equipment|rental sales desk supervisor in office machinery and equipment|rental sales manager in office machinery and equipment|rental service manager in office machinery and equipment|rental service worker in office machinery and equipment|rental sales supervisor in office machinery and equipment|rental service desk supervisor in office machinery and equipment|rental sales worker in office machinery and equipment|rental specialist in office machinery and equipment|rental sales desk agent in office machinery and equipment|rental service supervisor in office machinery and equipment|rental advisor in office machinery and equipment|rental service assistant in office machinery and equipment|rental sales assistant in office machinery and equipment|rental sales team leader in office machinery and equipment|rental service team leader in office machinery and equipment|rental service desk clerk in office machinery and equipment
pipeline route manager,pipeline division manager|pipeline route supervisor|pipeline operations supervisor|pipeline operations manager|pipeline division supervisor
stone engraver,stone carver|stone etcher|laser engraver|engraver of stone|bespoke stone engraver|hand carver|decorative stonemason|stone hand engraver
sailor,crewmember|mariner
eyewear and optical equipment specialised seller,contact lens and glasses salesperson|spectacle specialised seller|eyewear and optical equipment specialized seller|eyewear salesperson|opticians specialised seller|optical equipment specialised seller|eyewear specialised seller|spectacle salesperson|opticians salesperson|optical equipment salesperson|contact lens and glasses specialised seller|optometrists salesperson|optometrists specialised seller
economic adviser,policy analyst|economic development officer|economic policy researcher|economic policy advisor|economics consultant|economics adviser|financial and economic policy analyst
post-production supervisor,post-production technical coordinator|post-production team leader|post-production manager|post production supervisor|post-production coordinator|post-production editing supervisor|post-production workflow supervisor|audio-video post-production supervisor|head of post-production
international forwarding operations coordinator,international forwarding operations manager|international forwarding operations director|import-export coordinator|import-export manager|import-export officer|international logistics director|import-export clerk|international logistics manager|international logistics coordinator
physics teacher secondary school,physics teacher|physics teacher in high school|physics tutor in high school|secondary school physics tutor|teacher of physics in high school|high school physics teacher|teacher of physics in secondary school|physics tutor in secondary school|secondary school physics teacher|physics teacher high school|high school physics tutor
social counsellor,social therapist|crisis counsellor|crisis intervension counsellor|social counselling worker|crisis situation counselor|personal counsellor|youth counseller|gerontology counsellor|youth counsellor|rehabilitation support counsellor|crisis intervention counsellor|relationship advisor|social counselor|crisis situation counsellor|social psychologist|crisis counselor
dramaturge,production dramaturge|dramaturge & playwright|playwright|music theater dramaturge|playwright & dramaturge|dramaturgist|dramatic advisor|music theatre dramaturge
sheet metal worker,duct fabricator|sheet metal fabricator|roofing fabricator|sheet-metal worker|construction fabricator|fabricator/welder
equine yard manager,riding school manager|horse stable manager|stable manager|horse yard manager|equine stable manager
analytical chemist,chemist|analytical chemistry analyst|analytical chemistry scientist|chemistry research analyst|chrystalographer|analytical chemistry science researcher|chemistry researcher|chemistry scientist|analytical chemistry research analyst|analytical chemistry research scientist|analytic chemist|analytical chemistry researcher|chemistry science researcher|analytical chemistry scholar|chemistry research scientist|chemistry analyst|chemistry scholar
hardware and paint shop manager,glass and mirror store manager|hardware and paint diy superstore manager|hardware superstore manager|paint and accessories store manager|home decorating shop manager|hardware store manager|home decorating store manager|paint and accessories shop manager|hardware and paint diy store manager|hardware and paint do it yourself store manager|hardware and paint diy shop manager|hardware shop manager|hardware and paint do it yourself shop manager|glass and mirror shop manager
meat and meat products shop manager,meat trader|meat shop manager|senior retail butcher|butchery department manager|meat and meat products purveyor|purveyor of meats|shop manager butchery department|meat store manager|meat market shop manager|meat purveyor|retail butcher|pie shop manager|shop manager butchery|meat counter manager|butchers shop manager|meat and meat products store manager|meat products shop manager|meat pie shop manager|purveyor of meat and meat products|butchery store manager
civil registrar,senior registrar|civil registration officer|civil status officer
automation engineering technician,marine sensor technician|technician for food industry digitalisation|technologist in automated systems|technician in automated systems|marine automation technician|technician for agricultural digitalisation|marine automation engineer|automation control inspector|automation inspector|vessel automation technician|assistant in automation engineering|automation engineering assistant|automation technician|automation engineering controller|automated systems technician|technician in automation engineering
mechanical engineer,mechanical technology engineering expert|mechanical technology engineering specialist|mechanical engineering expert|mechanical technology engineering adviser|mechanical technology engineering consultant|mechanical engineering consultant|mechanical engineering adviser|mechanics engineer|mechanical engineering specialist|mechanical technology engineer|machinery engineer
police officer,highway patrol officer|public roads surveillance officer|mounted police officer|law enforcement officer|constable|state trooper|state police officer|patrol officer|police constable|policewoman|policeman|railroad police officer|railway police officer
concrete pump operator,concrete pump driver-operator|concrete pump operative|hgv mixer driver|volumetric mixer driver|concrete mixer driver|lgv mixer driver|cement mixer driver|mobile pump operator|concrete mixer truck driver|concrete pump truck operator
astronomer,astronomers|astronomy research scientist|astronomy science researcher|astronomy researcher|astronomy scholar|astrophysicist|astronomy analyst|astronomy research analyst|astronomy scientist
clinical perfusion scientist,clinical perfusionist|clinical perfusion techinician|medical perfusionist|medical perfusion expert|clinical perfusion expert|medical perfusion scientist|medical perfusion techinician
pipeline engineer,subsea pipeline engineer|pipeline field engineer|main line station engineer|pipeline engineering technician|pipeline field technician|offshore pipeline engineer|main line station technician|pipeline integrity engineer
embedded systems software developer,embedded systems software developers|embedded software developerl embedded systems engineer|embedded systems designer|embedded system software programmer|embedded software programmer|embedded system software developer
ict business development manager,it business development manager|ict commercial development manager|it commercial development manager|ict business development managers
metal annealer,heat treatment operator|metal annealing process worker|annealing kiln worker|annealing operator|metal annealing process operative|metal annealing operative|annealing kiln operator|metal annealing worker
dismantling supervisor,dismantling team leader|disassembly team leader|disassembly supervisor
health safety and environmental manager,hse coordinator|chief hse officer|corporate hse manager|hse and sustainability service manager
call centre quality auditor,contact centre quality auditor|call centre quality analyst|call centre quality assurance auditor|call centre quality controller|call center quality auditor|call centre quality audit associate|customer service centre analyst|call centre quality control auditor
ebusiness manager,ecommerce manager|ebusiness development officer|ebusiness managers|e-commerce manager|ebusiness development manager|e-business manager|e-business managers|e-commerce development manager|web business development manager
verger,officer of the church|church warden|church verger|parish verger|sexton|church officer
installation engineer,commissioning engineer|structural engineer|design engineer|field installation engineer|structural installation engineer|building engineer
wholesale merchant in meat and meat products,wholesale trader in meat and meat products|senior wholesale merchant in meat and meat products|wholesaler in meat and meat products|business to business sales consultant in meat and meat products|graduate wholesale merchant in meat and meat products|wholesale buyer in meat and meat products|trainee wholesale merchant in meat and meat products|assistant wholesale merchant in meat and meat products|b2b sales consultant in meat and meat products|wholesale merchandiser in meat and meat products|business to business seller in meat and meat products
electric power generation engineer,electric power supply engineer|power generation networks engineer|electric power station engineer|power station engineer|power plant engineer|power supply engineer|control and electric power engineer|production and electric power engineer|electric power plant project engineer|energy generation engineer|power plant project engineer|quality and electric power engineer|power generation systems engineer|electricity generation engineer|electric power plant engineer
artistic coach,actor|actress|dancer|dance coach|dance teacher|acting coach|ballet teacher|ballet coach
steward/stewardess,steward|stewardess|flight attendant|cabin crew
antique furniture reproducer,reproduction antique furniture maker|period furniture copier|reproduction period furniture craftsman|reproduction furniture worker|furniture reproducer|antique furniture copier|reproduction furniture maker|reproduction furniture craftswoman|antique furniture carver|reproduction furniture craftsperson|period furniture reproducer|reproduction antique furniture craftsman|reproduction period furniture craftswoman|reproduction antique furniture copier|reproduction antique furniture carver|reproduction period furniture craftsperson|reproduction antique furniture worker|reproduction antique furniture craftswoman|period furniture maker|period furniture carver|reproduction antique furniture craftsperson|antique furniture maker|reproduction furniture craftsman|reproduction period furniture worker|reproduction period furniture maker
aviation data communications manager,aviation data communications officer|aviation data communications contractor|data communications manager in aviation|aviation data communications consultant|aviation data communications specialist|aviation sector data manager
electronics and automation vocational teacher,vocational teacher in electronics and automation|electronics and automation instructor|electronics and automation trainer|electronics and automation vocational instructor|electronics and automation teacher|electronics and automation educator|vocational educator in electronics and automation
firework assembler,pyrotechnics assembler|firework assembly worker|firework maker|fireworks maker|signal flare assembler|fireworks assembler
insurance agency manager,insurance company manager|life insurance agency manager|insurance institution manager|insurance agency road assistance manager|car insurance agency manager|insurance agent|insurance services branch manager|home insurance agency manager|rental agency insurance manager|insurance company manager s
aquaculture production manager,fish farm production manager|fishery production manager|manager of aquaculture production
powertrain engineer,automotive propulsion mechanisms expert|automotive propulsion mechanisms engineer|powertrain expert|powertrain systems engineer|powertrain designer
environmental programme coordinator,environmental consultant|environmental auditor|environmental officer|programme coordinator environment|environmental health officer|sustainability consultant|environmental manager|environmental assessment coordinator|environment compliance manager|environmental impact assessor|environmental program coordinator|program coordinator environment|environment program coordinator
forge equipment technician,forge operations inspector|foundry operations inspector|foundry processing inspector|moulding and casting inspector|casting and forging technical operator|forge processing inspector|moulding and forging inspector|forge casting inspector|casting and forging inspector|forging and casting inspector|forging inspector
plastic products assembler,plastic parts assembler|plastics process operator|plastic products production operative|assembler of plastic parts|plastic products assembly operator|plastics products fabricator|plastic products assembly operative|plastic products assembly worker|plastic products trimmer|plastic products trimmer/assembler|assembler of plastic products|plastic products finisher|plastics process worker|assembler plastic products|plastic products cutter|plastics assembler|plastic products cutter/assembler|plastics production worker|plastics process operative|plastic products production worker
physics lecturer,physics docent|physics lector|physics educator|university physics lecturer|university physics teacher|senior lecturer in physics|higher education physics teacher|physics instructor|lecturer of physics|physics teacher|university lecturer in physics|physics professor|specialist lecturer in physics|professor of physics|lecturer in physics
spinning machine operator,spinning machine tender|yarn carding and spinning machine operator|operator of spinning machine|spinner
tutor,private tutor|classroom tutor|students assistant
tax advisor,fiscal advisor|tax specialist|tax expert|tax evaluator|tax preparer|tax adviser|tax consultant|tax advisors|chartered tax adviser|corporate tax preparer|tax examiner|licensed tax consultant
sign language teacher,british sign language teacher|sign language tutor|sign language trainer|british sign language trainer|british sign language tutor|sign language educator|assistant sign language teacher|sign language teaching assistant
house builder,builder of houses|builder|home builder|domestic property builder|residential property builder
pyrotechnician,fireworks operator|fireworks specialist|fireworks technician|master pyrotechnician|fireworks handler|pyrotechnics operator|pyrotechnics specialist|pyrotechnist
footwear production technician,industry foreman|shoe technician|general foreman|general forewoman|industry forewoman specialized in shoemaking|industry foreman specialised in shoemaking|industry foreman specialized in shoemaking|industrial foreman|industry forewoman specialised in shoemaking|industrial forewoman|footwear technician|footwear engineer|industry forewoman
cylinder filler,compressed gas filler|gas filling plant operative|yardhand filler|gas cylinder operative|cylinder refiller|cylinder refill operator|industrial filling plant operative|compressed gas cylinder filler|technician/fill operator|industrial filling operative|fill operator|cylinder operative|yardhand/filler|technician/fill operative|liquefied gas filler|filling plant operative|gas cylinder filler
scenery technician,set tehnician|theater scene assembler|scenic technician|theater carpenter|scenery assembler|theatre scene assembler|scene technician|assistant scenographer|theatre carpenter
shunter,shunting forewoman|foreman shunter/forewoman shunter|shunting foreman|foreman/forewoman shunter|shunting assistant|shunter attendant|shunting supervisor|operator shunter|switcher|shunter driver|foreman shunter|shunter assistant|forewoman shunter|shunting attendant|rail shunter
educational researcher,education studies analyst|education studies scholar|educational scholar|educational analyst|education methods specialist|educational research analyst|educational research scientist|educational scientist|education studies researcher|education researcher|educational science researcher|education studies scientist|education studies research scientist|pedagogue|education studies research analyst
wholesale merchant in dairy products and edible oils,business to business sales consultant in dairy products and edible oils|assistant wholesale merchant in dairy products and edible oils|senior wholesale merchant in dairy products and edible oils|wholesaler in dairy products and edible oils|business to business seller in dairy products and edible oils|graduate wholesale merchant in dairy products and edible oils|wholesale trader in dairy products and edible oils|b2b sales consultant in dairy products and edible oils|wholesale merchandiser in dairy products and edible oils|wholesale buyer in dairy products and edible oils|trainee wholesale merchant in dairy products and edible oils
furniture restorer,furniture renovater|furniture craftsperson|furniture repairer|antique furniture restorer|craft furniture restorer|furniture restoration expert|furniture upholsterer|historic furniture restorer|furniture refinisher|heritage furniture restorer|re-upholsterer|antique restorer|furniture mender
naval architect,naval engineer/architect|vessel designer|naval vessel architect|outfitting engineer|submarine architect|boat designer|yacht designer|ship designer|marine architect|maritime architect|hull designer
construction commercial diver,underwater welder|offshore diver|surface supplied diver|commercial diver in construction industry|inshore diver|construction diver|scaphandrier|hazmat diver|saturation diver|commercial diver
lifeguard instructor,lifeguard trainer|instructor of lifeguards|pool lifeguard instructor|lifeguard training practitioner|instructor of professional lifeguards|lifeguard training instructor|pool lifeguard trainer
intellectual property consultant,patent agent|patent broker|information broker|ip adviser|intellectual property adviser|patent specialist|ip specialist|intellectual properties consultant|patent expert|patent consultant|ip consultant|ip expert|intellectual property expert|intellectual property specialist|patent adviser|intellectual property broker|ip broker
speechwriter,speech writer|speechwriting consultant|political speechwriter|ministerial speechwriter|speechwriting specialist|executive speechwriter|writer of speeches
animal groomer,animal grooming service provider|animal groomers|animal grooming specialist|dog grooming specialist|dog groomer|cat groomer|poultry groomer|horse groomer|groomer of animals
mental health support worker,mental health social care worker|support time and recovery worker|mental health recovery worker|mental healthcare support worker|mental health community outreach worker|mental healthcare worker|mental health outreach worker|re-ablement worker|intensive support worker|mental health community development worker
coachbuilder,caravan-body coachbuilder|coach-body builder|automobile panel beater|coach builder|vintage vehicle coachbuilder|vehicle panel beater|heavy vehicle coachbuilder|vehicle coachbuilder|commercial vehicle coachbuilder|vehicle builder|automotive panel beater|caravan-body builder|vintage vehicle-body builder|bus-body builder|specialist coachbuilder|vehicle-body builder|automotive coachbuilder
secretary,administrative assistant|office receptionist|personal assistant|corporate secretary|office administrative assistant|executive secretary|assistant|office worker|head secretary|front office secretary|secretarial assistant|typist|city administrator secretary|school secretary|private secretary|front office clerk
university research assistant,university research associate|higher education research assistant|university research support|research associate in higher education|higher education assistant researcher|research assistant in university|university research support worker|assistant researcher in higher education|university research aide|assistant researcher in university|university assistant|university research technologist|university research technology expert|research associate in university|university research technician|university research technology specialist|higher education research associate
fruit production team leader,fruit harvesting team leader|fruit picking manager|strawberry farmer|strawberry production team supervisor|apple production manager|fruit production team lead|fruit production leader|fruit farmer|fruit picking team leader|fruit production manager|fruit harvesting leader|strawberry production manager|apple production team supervisor|organic fruit farmer|fruit production team manager|fruit production team supervisor|fruit production supervisor|apple farmer
moulding machine technician,mould maker apprentice|moulding operator|mould filler|mould dresser|mould builder|mould stamper|mould setting operator|moulding line operator|mould mechanic|mould presser|mould filler and drainer|molding machine technician|mould setter|mould blower
chemical mixer,chemicals blender|chemical batch mixer|chemical process worker|chemical mixer operative|chemicals batch blender|chemical batch blender|chemical production worker|chemical mixing machine operative|chemical plant operative|chemical mixing machine operator|chemical mixing machine worker|mixer|chemical mixer operator|chemical mixing machine tender|chemical mixer setter|chemical plant operator|chemical blender|chemical mixer tender|chemical mixer worker|chemical plant worker
music teacher secondary school,music teacher in high school|secondary school music teacher|teacher of music in secondary schools|secondary school music tutor|music teacher high school|high-school music teacher|teacher of music in high school|high school music tutor|music tutor secondary school
import export manager in wood and construction materials,senior import manager in wood and construction materials|trainee import export manager in wood and construction materials|international trade manager in wood and construction materials|trainee export manager in wood and construction materials|graduate import manager in wood and construction materials|senior export manager in wood and construction materials|assistant import manager in wood and construction materials|trainee import manager in wood and construction materials|international trade compliance manager in wood and construction materials|assistant export manager in wood and construction materials|assistant import export manager in wood and construction materials|senior import export manager in wood and construction materials|graduate import export manager in wood and construction materials|graduate export manager in wood and construction materials|customs compliance manager in wood and construction materials
textile printer,silk screen printer|textile screen printer|roller printer|rotary screen printing operator|textile printers|textile printing machine operator
tour organiser,tour organizer|tour leader|excursion leader|excursion escort|travel and tourism tour manager|tour escort
distillery supervisor,distillery manager|distilling supervisor
member of parliament,assembly member|legislative member|member of european parliament
animal physiotherapist,veterinary physiotherapist|animal physical threapist
rubber cutting machine tender,cutting machine tender|rubber cutting machine operative|rubber slab cutter|rubber cutter tender|rubber slab production worker|rubber cutting machine operator|rubber cutter|rubber production worker
computer numerical control machine operator,cnc mill operator|cnc machinist|cnc machine operator|cnc drill operator|cnc set up operator|cnc programmer/machinist|cnc drill operative|cnc operator/machinist|cnc machine operative|cnc set up technician|cnc programmer|cnc programmer|cnc set up operative|cnc set-up operator|cnc programmer/machinist|cnc operator/machinist|cnc operator|computer numerical control machine programmer/operator|cnc set-up technician|cnc drilling operative|cnc drilling operator|cnc set-up operative|cnc mill operative|cnc machinist|cnc drill technician
mine supervisor,quarrying supervisor|mine foreman|mine technical supervisor|quarry supervisor|mine production supervisor|mine overman|mine operations supervisor|resident supervisor|mine technician|mining supervisor|mine overseer|mine overwoman|mine forewoman
sales support assistant,group sales assistant|sales clerical assistant|sales accounts clerk|sales officer|salesclerk|accounts assistant|sales associate|registered sales assistant|sales operations assistant
kiln firer,bisque kiln operator|kiln hand|decorating-kiln operator|glost kiln operator|kiln woman|kiln man|decorating-kiln firer|glost kiln firer|kiln fireman|round kiln firer|kiln filler|bisque kiln firer|tunnel kiln firer
secretary general,first secretary|secretary-general|general secretary|international organisation chief officer
garage manager,car repair shop director|auto shop service manager|automotive repair shop manager|car workshop manager|motor vehicle repair shop director|motor vehicle repair shop coordinator|car shop repair service director|motor vehicle repair shop manager
import export manager in metals and metal ores,graduate import manager in metals and metal ores|trainee import manager in metals and metal ores|graduate import export manager in metals and metal ores|senior import export manager in metals and metal ores|senior import manager in metals and metal ores|trainee export manager in metals and metal ores|senior export manager in metals and metal ores|customs compliance manager in metals and metal ores|graduate export manager in metals and metal ores|international trade manager in metals and metal ores|trainee import export manager in metals and metal ores|international trade compliance manager in metals and metal ores|assistant import manager in metals and metal ores|assistant import export manager in metals and metal ores|assistant export manager in metals and metal ores
project support officer,real estate pmo|project management support officer|pmo|project management officer|real estate project support officer
public housing manager,housing officer|housing policy analyst|housing policy manager|housing authority manager|public housing officer|estates manager
electrical mechanic,installation electrician|maintenance electrician|electrician|production electrician|electrical maintenance mechanic|electrical diagnostic mechanic|electrotechnical panel mechanic|electrical test mechanic|electrical installation mechanic|electrotechnical panel builder|diagnostic electrician|electrical repair mechanic
career guidance advisor,career coach|career guidance education advisor|counsellor in career guidance|career guidance counsellor|mentor for prior learning|school careers advisor|careers advisor|educational advisor|career guidance practitioner|school career guidance advisor|careers officer
weaving machine supervisor,weaving loom operator|weaving inspector|weaving supervisor|weaver and loom technician|weavers|loom-fixer supervisor|weave-room supervisor|loom technician|weaver of fabrics
oxy fuel burning machine operator,oxy-fuel burning machine operator|oxy fuel cutting machine technician|oxy-fuel cutting machine technician|oxy-fuel cutting machine operative|cutting torch operator|oxy-fuel burning machine operative|oxy-fuel cutting machine operator|oxy fuel cutting machine operator|oxy-fuel burning machine technician|oxy fuel cutting machine operative
tow truck driver,tow truck operator|tow trucker
tool pusher,toolpushers|oil and gas rigging technician|rig manager|pusher|toolpusher
medical transcriptionist,medical transcriber|clinical transcriber|clinical transcriptionist|medical transcription suite typist|medical secretary-audio typist|clinical transcription suite typist|clinical transcription typist|medical transcriptionist and proof reader
legal policy officer,legal and compliance policy officer|legal policy advisor|legal policy specialist|legal affairs policy officer
drug and alcohol addiction counsellor,drug and alcohol worker|drug and alcohol addiction counselor|alcohol counsellor|substance abuse counsellor|addictions counsellor|drug and alcohol addiction social counsellor|drug counsellor
baking operator,bakery worker|bread making machine operator
domestic electrician,electrician|residential electrician|domestic and commercial electrician
make-up and hair designer,"hair and make-up artist|hair designer & make-up artist|hair and make up designer|hair designer and make-up artist|hair & make up designer|make-up artist & hair designer|make up and hair designer|hair & make-up artist|hair & make-up designer|make up & hair designer|make up & hair artist|make-up, hair and wig designer|make up artist and hair designer|hair designer & make up artist|makeup & hair artist|make-up and hair artist|makeup and hair artist|hair & make up artist|make up artist & hair designer|hair designer and make up artist|hair and makeup artist|hair & makeup artist|wig designer|hair and make up artist|make-up artist and hair designer|make-up & hair artist|make-up, hair and wig artist|make up and hair artist|hair and make-up designer|make-up & hair designer"
industrial electrician,electrical technician|electrician|marine electrician|industrial electrical technician|industrial maintenance electrician|industrial and commercial electrician
court bailiff,bailiff|enforcement agent|court administrator|court administrative officer|usher|court security officer
toymaker,toy designer|gismo repairer|hand toymaker|soft toymaker|plastic toy maker|electric toy repairman|toy repairer|maker of toys|soft toy maker|metal toymaker|toy creator|toy maker|plastic toymaker|puppet maker|metal toy maker|toy fixer|plaything repairman|toy repairman|craft toymaker|electric toy repairer|gizmo repairer|toy finisher|play thing repairer|plaything repairer|craft toy maker|hand toy maker
bank account manager,banking officer|consumer banker|bank operations manager|bank accounts manager|account manager sme|account managers sme|commercial bank manager|banking accounts manager|retail personal banker|bank relationship manager|account managers
debarker operator,log peeling machine operator|debarking machine operator|debarking specialist|log peeling machine specialist|debarking machine specialist|debarker technician|debarking machine technician|debarking operator|debarker|log peeler operator|log peeling machine technician|debarking technician|log peeler technician|debarker specialist|log peeler specialist|log peeling machinist|debarking machinist|log peeler
financial controller,finance manager|financial administrator|accounting supervisor|financial accountant|accountant|financial control manager|financial control officer|corporate controller|finance officer|financial investigator|finance controller|accounting controller|financial investigation clerk
marine fitter,naval vessels fitter|maritime fitter|shipfitter|naval fitter|ship fitter
boilermaker,steam boilermaker|pressure vessel fabricator|boiler constructor|plater|welder boilermaker|steel fabricator|pressure vessel mender|boiler mender|boilermaker fitter|boiler smith|pressure vessel maker|boiler fabricator|boiler retuber|boiler repiper|boiler repairer|boiler fitter|pressure vessel repairer
phlebotomist,phlebotomy technician|clinical phlebotomist|practitioner of phlebotomy|specialist in phlebotomy|phlebotomy practitioner|venipuncturist|phlebotomy specialist
secondary school teacher,science teacher|language teacher|high school teacher|geography teacher|physical education teacher|academy school teacher|art teacher|maths teacher|religious education teacher|secondary school teaching assistant|comprehensive school teacher|home economics teacher|general studies teacher|secondary school educator|history teacher|design & technology teacher|grammar school teacher|secondary school schoolteacher|academy teacher
nuclear medicine radiographer,nuclear medicine technologist
customs officer,customs and excise officer|border guard|customs & excise officer|governmental customs agent|detection officer|customs inspector|border force officer|customs and excise duty officer|customs control agent|customs control officer
genealogist,genealogy expert|ancestry expert|family tree researcher
ict usability tester,usability developer|usability specialist|usability testers|user-friendliness tester
pottery and porcelain caster,caster of pottery and porcelain|pottery caster|porcelain caster|pottery and porcelain moulder|pottery and porcelain ware caster|pottery and porcelain molder|caster of pottery and porcelain ware
road construction worker,paver|road costruction worker|road construction project worker|rad construction worker|road paver|road paviour|rod construction worker|surfacing worker|road construction worcker|roading construction worker|runway construction worker|highway construction worker|construction worker on roads|road construction operative|civil engineering project worker|road constructinn worker
pet and pet food shop manager,animal food store manager|pet food store manager|animal care products shop manager|pet and pet food superstore manager|animal shop manager|pet store manager|pet and pet food store manager|animal care products store manager|pet food shop manager|pet shop manager|animal food shop manager|pet supplies shop manager|animal store manager|pet superstore manager|pet supplies store manager
leaf sorter,tobacco leaf sorter|leaf inspector|leaf quality tester|tobacco leaf sorting attendant|manual leaf sorter|tobacco leaf selector|leaf quality inspector|hand leaf sorter|wrapper leaf inspector|leaf sorter (tobacco)|leaf selector|tobacco leaf separator|leaf quality analyst|cigar leaf sorter
plate glass installer,glazing installer|glazier|plate glass window installer|glass pane installer|glass installer|plate glass fitter
hospital pharmacist,hospital pharmacy specialist|clinical pharmacist|site lead pharmacist|hospital locum pharmacist|head of hospital pharmacy|relief pharmacist
ict documentation manager,documentation manager|ict documentation managers|technical communication manager|it documentation manager
mine development engineer,development engineer|facility manager|mine development manager|mine development expert
biology lecturer,lecturer in biological sciences|biological sciences lector|lecturer in biology|biology docent|university lecturer in biology|biology professor|professor of biological sciences|biology teacher|university biology lecturer|university lecturer in biological science|university biological sciences lecturer|professor of biology|biological science lecturer|biological science lector|biological sciences lecturer|biology instructor|biology lector|higher education biology teacher|instructor in biology
cultural policy officer,cultural policy coordinator|culture policy officer|arts worker|arts administrator|cultural policy director|cultural programs officer|culture programmes officer|culture director|cultural policy worker|culture programes officer
leaflet distributor,door to door leaflet distributer|marketeer|flyer distributor|leafler distributer|door to door leaflet distributor
music producer,vocal producer|record producer|chill-out & lounge music producer|producer|pop music producer|sound recording engineer and arranger|dance music producer|music publisher|recording engineer and arranger|rock music producer
business analyst,management consultant|standardisation manager|business strategy analyst|organisational developer|standardisation expert|business strategy consultant|standardization expert|business development analyst
rental service representative in air transport equipment,rental service desk clerk in air transport equipment|rental service desk agent in air transport equipment|rental sales worker in air transport equipment|rental service team leader in air transport equipment|rental service desk supervisor in air transport equipment|rental sales assistant in air transport equipment|rental sales manager in air transport equipment|rental sales supervisor in air transport equipment|rental advisor in air transport equipment|rental service supervisor in air transport equipment|rental sales desk clerk in air transport equipment|rental sales team leader in air transport equipment|rental specialist in air transport equipment|rental service worker in air transport equipment|rental sales desk agent in air transport equipment|rental sales desk supervisor in air transport equipment|rental service manager in air transport equipment|rental service assistant in air transport equipment
art handler,museum technician|museology technician|fine arts packer|art conservator|gallery technician|art handlers|art preparator|artifacts conservator
antique shop manager,antiques shop manager|antiquities shop manager|antique furniture shop manager|antiques dealer|antique furniture store manager|antiques gallery manager|antiques and collectibles shop manager|antiques showroom manager|antiques and collectables shop manager|collectables shop manager|antiques store manager|antiquities store manager|antiques and collectibles store manager
education studies lecturer,lecturer in education studies|senior lecturer in education studies|education studies docent|university education studies lecturer|education studies lector|university education studies teacher|lecturer of education studies|higher education studies teacher|university lecturer in education studies|education studies teacher|education studies professor|education studies instructor|professor of education studies
cultural facilities manager,cultural facilities director|cultural facilities executive|cultural services manager|cultural facilities program coordinator
flight test engineer,flight test technology specialist|flight test technician|flight test performance engineer|flight test engineering expert|test and evaluation engineer|cfd engineer|flight test engineering consultant|flight test research engineer|flight test technologist|flight test engineering specialist|aircraft test engineer|flight testing engineer|flight test instrumentation engineer|flight test data engineer|flight test engineering adviser|flight test technology expert|aeroplane test engineer|flight test design engineer|fte|flight test safety engineer
stamping press operator,press shop worker|stamping press worker|die-stamping press operator|punch machine operative|stamp press operative|metal press worker|metal press setter|die-stamping press operative|metal press tender|die-stamping press worker|metal die cutter|stamping press setter|press shop operator|stamping press tender|punch machine hand|metal press operator|die-stamping press setter|punch operator|stamp press operator|stamping press operative|punch press setter|die-stamping press tender|press shop setter|metal press operative|metal die-cutter|press shop tender|press shop operative
financial trader,securities trader|natural gas financial trader|equity trader|quantitative trader|financial trading expert|financial trading specialist|financial instruments trader|derivatives trader|proprietry options trader|financial trader trainee
water conservation technician supervisor,supervisor of water conservation systems installation|manager for water conservation systems installation|water conservation systems installation supervisor|water recovery systems installation supervisor
librarian,library assistant|library technical assistant|literature researcher|catalogue librarian|special collections librarian|thesaurus manager|library network coordinator|library associate|library supervisor|electronic resources librarian|music librarian|school librarian|bibliothec
healthcare consultant,management consultant|healthcare advisor|healthcare management adivsor|healthcare management consultant|retirement healthcare advisor
stone driller,pneumatic drill operator|sandstone driller|stone drilling machine operator|marble driller|slate driller|granite driller|radial drill operator|slate cutter|stone drilling worker|stone drilling machine operative
ticket issuing clerk,ticket selling agent|concert ticket selling agent|sport ticket selling agent|museumshop selling agent|museum ticket selling agent
geneticist,genetics engineer|genetic scientist|genetics research scientist|molecular biologist|molecular geneticist|genetics analyst|cell geneticist|genetics science researcher|genetics scientist|genetics scholar|genetics researcher|geneticists|genetics research analyst|embryologist
maintenance and repair engineer,manufacturing engineer|production engineer|manufacturing systems engineer|mechanical engineer|equipment engineer|solar operation and maintenance engineer|battery maintenance engineer|maintenance engineer|battery repair engineer|electric vehicles battery maintenance technician|plant engineer|bees battery maintenance technician|plant repair engineer|engineering manager|maintenance and repair superintendent|site superintendent|plant maintenance engineer|repair engineer|battery repair technician|machine engineer|maintenance and repair manager
homeopath,homeopathic practitioner|specialist homeopath|homeopathic therapist|expert homeopath|practitioner of homeopathy|homeopathy practitioner|therapist in homeopathy|technician in homeopathy|homeopathy technician
digital printer,digital printer operator|large format digital printer|print operator|digital print operator|digital print machine specialist|digital printer technician|digital and lithographic printer|digital print supervisor|retoucher and printer|graphic designer/digital printer|digital print technician|digital print specialist|digital printer and finisher|digital press operator|digital print machine technician|digital printer specialist|digital print machine operator|digital web printer
theme park technician,aquatic technician|ride maintenance engineer|engineering supervisor|ride mechanical engineer
jeweller,bench jeweller|fine metalworker|brooch maker|jewellery maker|jewellery design consultant|jewellery metalworker|ring maker|jewelry design consultant|earring maker|jewelry designer|earrings maker|craft jeweller|jewelry design artist|jewelry metalworker|jewellery design artist|ring fabricator|earrings fabricator|jewel smith|jewellery fabricator|filigree jewelery worker|jewelsmith
tobacco products distribution manager,graduate tobacco products distribution manager|senior tobacco products distribution manager|tobacco products supply chain manager|tobacco products supply chain planner|tobacco products logistics planner|assistant tobacco products distribution manager|tobacco products logistics manager|trainee tobacco products distribution manager|tobacco products distribution planner
import export specialist,senior international trade compliance specialist|senior export specialist|graduate import specialist|trainee international trade compliance specialist|assistant export specialist|assistant customs compliance specialist|graduate import export specialist|senior import export specialist|trainee export specialist|graduate export specialist|trainee customs compliance specialist|senior import specialist|assistant import specialist|trainee import export specialist|assistant international trade compliance specialist|senior customs compliance specialist|assistant import export specialist|graduate international trade compliance specialist|trainee import specialist|graduate customs compliance specialist
product quality inspector,product inspector|quality control inspector|quality inspector|product quality monitor|quality assurance inspector|qs inspector|qa inspector
street performer,street arts performer|busker|street entertainer|street magician|street puppeteer|street circus artist|street performing artist|street singer|street theatre artist|street musician|street theater artist
taxi controller,taxi dispatcher|private hire controller|minicab controller|private hire dispatcher|minicab dispatcher
games development manager,gambling development director|gambling project and product development manager|gaming development manager|gaming development director|gaming project and product development director|games project and product development director|games development director|gambling project and product development director|gambling development manager|gaming project and product development manager|games project and product development manager
clinical coder,clinical records technician|medical coder|medical coding officer|accredited clinical coder|clinical coding officer|clinical coding expert|accredited medical coder|diagnostic coder
import export specialist in office furniture,graduate import specialist in office furniture|trainee export specialist in office furniture|international trade compliance specialist in office furniture|graduate import export specialist in office furniture|customs compliance specialist in office furniture|senior export specialist in office furniture|assistant import export specialist in office furniture|senior import export specialist in office furniture|senior import specialist in office furniture|trainee import specialist in office furniture|trainee import export specialist in office furniture|assistant export specialist in office furniture|graduate export specialist in office furniture|assistant import specialist in office furniture
zoo section leader,head of section|zoo team leader|section leader-aquarium|lead zoo keeper|senior zookeeper|senior aquarist|senior keeper|section leader-great apes|senior zoo keeper|section leader|zoo section head
drill operator,oil rig driller|rig driller|rig drill operator
special educational needs itinerant teacher,special needs peripatetic teacher|sen visiting teacher|visiting teacher for special needs|special educational needs visiting teacher|sen peripatetic teacher|special educational needs peripatetic teacher|sen itinerant teacher
food production planner,food manufacturing planner|food production planning expert|food production planning specialist
surveying technician,engineering technician|mapping technician|land survey technician|surveyor|survey technician|geomatics technician|archaeological field technician|survey party chief|survey cad technician|instrument woman|agricultural global positioning system mapper|instrument man|topographic survey technician|land survey technologist|transport engineering technician|stereoplotter operator
clothing and footwear distribution manager,clothing and footwear logistics planner|assistant clothing and footwear distribution manager|graduate clothing and footwear distribution manager|clothing and footwear supply chain manager|clothing and footwear logistics manager|clothing and footwear supply chain planner|senior clothing and footwear distribution manager|trainee clothing and footwear distribution manager|clothing and footwear distribution planner
bridge inspector,inspector of bridges|structures inspector|bridgemaster|bridge engineer|bridges and structures inspector|highway structures inspector
immigration officer,customs inspector|border force officer|passport checking officer|immigration guard|customs and excise official|immigration official|border force official
swimming teacher,swimming instructor|swimming and diving coach|swimming and diving instructor|shaw method swimming teacher|swimming and diving teacher|swimming coach|baby swimming teacher|education swimming teacher|senior swimming teacher
computer-aided design operator,cad design specialist|cam operator|computer aided design designer|computer aided manufacturing operator|cam draftsman|computer aided drafting and design technician|caid operator|computer aided designer|computer-aided manufacturing draftsman|computer aided industrial manufacturing operator|cad design designer|cam technician|computer-aided manufacturing equipment operative|cad drafting and design draftsman|cad drafting and design technician|cam equipment operator|computer aided design technician|cam equipment operative|computer aided drafting and design draftsman|3d cam technician|cam draftswoman|computer-aided manufacturing drafter|computer aided design specialist|cad draughtsman|computer-aided manufacturing draftswoman|computer-aided manufacturing equipment operator|cad design technician|cam drafter|3d computer-aided manufacturing technician|cadd designer|computer aided design draughtsman|computer-aided manufacturing technician
mineral processing engineer,mineral engineer|senior metallurgist|mineral processing engineers|senior mineralogist|surface manager|materials expert|senior processing engineer
clarifier,oil extractor operative|clarifier machine controller|clarifier equipment operator|oil extractor operator
lathe and turning machine operator,cnc brake drum operator|computer numerical controlled lathe and turning machine operator|turning machine operator|automatic spinning lathe setter|computer numerical controlled lathe and turning machine setter|cnc lathe setter|cnc lathe hand|turning machine tender|cnc lathe tender|cnc lathe tender|automatic spinning lathe operator|cnc turning machine tender|cnc turning machine setter|cnc lathe turner|cnc tool lathe setter
pawnbroker,pawnshop manager|loaner|pawn broker|pawn agent|pawnshop operator|pawnshop owner|deposit lender
sensor engineering technician,technician in sensor engineering|electronics sensor technician|sensor and actuator technician|sensor systems technician|electronic sensor technician|sensor technician|technician in electronic sensors|sensor engineering assistant|assistant in sensor engineering|sensor design technician|sensor development technician|electronic sensor technologist
distribution manager,graduate traffic office manager|assistant distribution planner|graduate distribution planner|graduate supply chain manager|assistant supply chain manager|assistant traffic office manager|senior distribution manager|senior logistics manager|senior supply chain manager|graduate logistics manager|graduate distribution manager|senior traffic office manager|trainee distribution planner|trainee traffic office manager|trainee supply chain manager|assistant logistics manager|assistant distribution manager|senior distribution planner|trainee logistics manager|trainee distribution manager
hydrogeologist,pore pressure engineer|formation evaluation engineer|consultant hydrogeologist|consultant hydrologist|hydrogeological consultant
data entry clerk,statistical clerk|data steward|data entry inspector|data-entry clerk|payment entry clerk|data entry operator|data entry officer|data-entry officer
import export manager in watches and jewellery,assistant import manager in watches and jewellery|assistant import export manager in watches and jewellery|international trade manager in watches and jewellery|trainee import manager in watches and jewellery|trainee import export manager in watches and jewellery|graduate export manager in watches and jewellery|senior import export manager in watches and jewellery|senior import manager in watches and jewellery|import export manager in watches and jewelry|customs compliance manager in watches and jewellery|assistant export manager in watches and jewellery|graduate import manager in watches and jewellery|senior export manager in watches and jewellery|international trade compliance manager in watches and jewellery|graduate import export manager in watches and jewellery|trainee export manager in watches and jewellery
beverages specialised seller,off-licence store specialised salesperson|soft and alcoholic beverages store specialised salesperson|beverages store specialised seller|beverages specialized seller|off-licence store specialised seller|alcoholic drinks store specialised salesperson|off-sales store specialised seller|alcoholic beverages store specialised seller|soft and alcoholic beverages store specialised seller|off-licence specialised salesperson|beverages and alcoholic drinks store specialised salesperson|alcoholic drinks store specialised seller|alcoholic beverages store specialised salesperson|beverages store specialised salesperson|off-sales store specialised salesperson|beverages and alcoholic drinks store specialised seller|off-licence specialised seller
manufacturing manager,industrial production supervisor|manufacturing production manager|manufacturing plant manager|manufacturing director
government planning inspector,planning officer|planning and development surveyor|housing and planning inspector|planning inspector|national infrastructure examining inspector|examining inspector
import export specialist in household goods,graduate import specialist in household goods|assistant import export specialist in household goods|senior import export specialist in household goods|senior export specialist in household goods|customs compliance specialist in household goods|senior import specialist in household goods|assistant export specialist in household goods|international trade compliance specialist in household goods|graduate export specialist in household goods|assistant import specialist in household goods|graduate import export specialist in household goods|trainee import specialist in household goods|trainee export specialist in household goods|trainee import export specialist in household goods
helmsman,helm|submarine helmsman|steersman|steerswoman|helmswoman
footwear production manager,production planning manager|fashion production manager|head of footwear production|footwear and sportswear production manager
glass-blower,decorative glass artist|scientific glass maker|glassblower|glass designer and blower|glass designer & maker|glass blower|glass designer & blower|glass designer and maker|glass designer
rescue centre manager,rescue centre coordinator|rescue centre supervisor|rescue coordination centre manager
blender operator,manufacturers of soft-drinks|tank tender|soft drinks supplier|beverage manufacturer|soft drinks retailer|soft drinks producer|soft drinks manufacturer
ict network technician,system engineer|assistant network administrator|networks technician|network engineer|it network technician|network technician|network maintenance professional|network technicians
policy manager,policy coordinator|business ethicist|policy advocacy manager|sustainability manager|environmental policy manager|compliance coordinator|compliance director|policy advocacy coordinator|advocacy coordinator|ethics manager|technical services manager
emergency ambulance driver,assistant in emergency care|ambulance emergency medical technician|eca|technician in emergency medical care|medical emergency assistant|ambulance technician|emergency medical vehicle assistant|ambulance emergency care assistant
"wholesale merchant in machinery, industrial equipment, ships and aircraft","assistant wholesale merchant in machinery, industrial equipment, ships and aircraft|wholesale merchandiser in machinery, industrial equipment, ships and aircraft|wholesale buyer in machinery, industrial equipment, ships and aircraft|trainee wholesale merchant in machinery, industrial equipment, ships and aircraft|graduate wholesale merchant in machinery, industrial equipment, ships and aircraft|b2b sales consultant in machinery, industrial equipment, ships and aircraft|business to business sales consultant in machinery, industrial equipment, ships and aircraft|wholesale trader in machinery, industrial equipment, ships and aircraft|senior wholesale merchant in machinery, industrial equipment, ships and aircraft|business to business seller in machinery, industrial equipment, ships and aircraft|wholesaler in machinery, industrial equipment, ships and aircraft"
textile quality manager,textile quality supervisor|textile quality control manager
prison instructor,instructional officer|prison training officer|teacher in prisons|prison and correctional instructor|correctional training instructor|prison teacher|prison educator|instructor in prisons
synthetic materials engineer,plastics production engineer|synthetic materials production engineer|polymers production engineer|synthetic materials research engineer|polymers development engineer|plastics quality engineer|plastics engineer|plastics research engineer|synthetic materials development engineer|polymers quality engineer|plastics development engineer|polymers research engineer|polymers engineer|synthetic materials quality engineer
electronic equipment assembler,electrical and electronic equipment fabricator|assembler electronic equipment products|electronic equipment products production operative|electronic assembler|electronic equipment production operative|electronic equipment fabricator|electronic equipment production worker|electronic equipment products assembler|fabricator of electronic equipment|electronic equipment products assembly worker|electronics assembler|electronic equipment products wirer|electronic equipment products production worker|electronic equipment products assembly operative|assembler of electronics|assembler of electronic equipment|electrical and electronic equipment assembler|electronic equipment products wirer/assembler
bus route supervisor,bus dispatcher|bus service manager|bus route manager|transit supervisor|coach route supervisor|coach route manager|supervisor of bus routes
colour sampling technician,leather dyer|colour kitchen technician|colour kitchen worker|dyer|color kitchen worker|tanning solution preparer|pelt dyer|colour sampling technicians
singer,musical theatre performer|musical theatre actor|musical theatre actress|tenor singer|bass voice singer|baritone singer|lead vocalist|musical theater actor|session singer|opera singer|lead singer|contralto singer|solo singer|musical theater actress|opera choir singer|choir singer|musical theater performer|rapper|jingle singer|jazz singer|singer songwriter|soprano singer|vocalist|opera solo singer
venture capitalist,seed capital investor|angel investor|investor|financier
guide dog instructor,guide dog trainer|assistance dog instructor|hearing dog instructor|guide dog mobility instructor|seeing-eye dog trainer|guide dog for the blind instructor|gdmi
envelope maker,envelope making machine technician|envelope making machine operator|envelope machine worker|envelope machine specialist|envelope machine technician|envelope machine operator|envelope machine operative|envelope making machine specialist|envelope making machine worker
livestock worker,husbandry worker|stockman|farm animal worker|animal husbandry worker|stable worker
import export manager in dairy products and edible oils,senior import export manager in dairy products and edible oils|international trade manager in dairy products and edible oils|trainee import manager in dairy products and edible oils|graduate export manager in dairy products and edible oils|assistant import export manager in dairy products and edible oils|international trade compliance manager in dairy products and edible oils|trainee export manager in dairy products and edible oils|customs compliance manager in dairy products and edible oils|graduate import manager in dairy products and edible oils|assistant export manager in dairy products and edible oils|trainee import export manager in dairy products and edible oils|senior export manager in dairy products and edible oils|senior import manager in dairy products and edible oils|graduate import export manager in dairy products and edible oils|assistant import manager in dairy products and edible oils
employment programme coordinator,program coordinator employment|employment program manager|job creation advisor|employment programme manager|programme coordinator employment|return to work advisor
equine worker,horse worker|equine technician|horse and pony technician|horse and pony worker
"wholesale merchant in furniture, carpets and lighting equipment","wholesale trader in furniture, carpets and lighting equipment|business to business seller in furniture, carpets and lighting equipment|b2b sales consultant in furniture, carpets and lighting equipment|business to business sales consultant in furniture, carpets and lighting equipment|wholesale merchandiser in furniture, carpets and lighting equipment|trainee wholesale merchant in furniture, carpets and lighting equipment|assistant wholesale merchant in furniture, carpets and lighting equipment|senior wholesale merchant in furniture, carpets and lighting equipment|graduate wholesale merchant in furniture, carpets and lighting equipment|wholesaler in furniture, carpets and lighting equipment|wholesale buyer in furniture, carpets and lighting equipment"
floor and wall coverings shop manager,carpet and rug store manager|carpet store manager|carpet and rug shop manager|wallpaper and accessories shop manager|wallpaper shop manager|interior fitting store manager|interior decoration store manager|floor and wall store manager|wallpaper and accessories store manager|interior fitting shop manager|interior decoration shop manager|carpet superstore manager|wallpaper store manager
pastoral worker,parish worker|church pastoral worker|ministry pastoral worker|religious worker|lay worker
art studies lecturer,art studies teacher|art studies instructor|higher education art studies teacher|senior lecturer in art studies|lecturer in art studies|art studies professor|art studies lector|university lecturer in art studies|arts studies lector|art studies docent|professor of art studies|university art studies lecturer|specialist educator in art studies|arts studies lecturer
photographer,wedding photographer|illustration photographer|aerial photographer|graphical industry photographer|itinerant photographer|technical photographer|interior photographer|scientific photographer|portrait photographer|scene photographer|medical photographer|product photographer|fashion photographer|underwater photographer|photographer retoucher|industrial photographer|photography-based artist|travel photographer|event photographer|photo designer|backstage photographer|video photographer|photography assistant|art photographer|documentary photographer|architecture photographer|photographic artist|reportage photographer|still shooting photographer|microphotographer|culinary photographer|photography technician|corporate photographer|sports photographer|commercial photographer|wildlife photographer|portrayist|food photographer|school photographer|studio photographer|press photographer|cultural photographer|social photographer|still life photographer|photography studio manager|advertising photographer|landscape photographer
automotive electrician,auto technician|motor vehicle electrician|autoelectrical technician|vehicle body electrician|auto electrician|car electrician|truck electrician|auto electrical technician|motor vehicle electrical technician|van electrician|electrical installation technician
wedding planner,special events organizer|wedding organizer|wedding consultant|special events planner|events planner|matrimony planner
residential home young people care worker,residential support worker (young adults)|support worker (young people in care)|residential support worker (young people)|children's services worker|residential support worker (children)|residential home adolescent care worker
ombudsman,information commissioner|ombudswoman|children's ombudsman
hydrographic surveying technician,marine surveyor|hydrographic survey technologist|mapping technician|oceanographer|surveying technician|oceanographic scientist|marine surveying technician|hydrographic surveyor|oceanographic surveyor
metal nibbling operator,hand held nibbling drill operator|hand held nibbler drill operative|nibbling drill operative|nibbling drill operator|hand held nibbling drill technician|hand held nibbler drill operator|automatic nibbling drill operative|hand held nibbler drill technician|automatic nibbling drill operator|nibbling drill technician|automatic nibbling drill technician|hand held nibbling drill operative
chiropractic assistant,assistant etiopath|chiropractic support worker|assistant neuromusculoskeletal therapist|chiropractic's assistant|assistant to chiropractic|assistant to licensed chiropractor|assistant musculoskeletal therapist|assistant chiropractic|assistant osteopath
mineral processing operator,ore separator tender|process technician|gravel processing operator|sand processing operator|process plant operator|furnace charger|mineral processing technican|process operator|salt processing operator|mineral and stone processing dryer operator|battery carbonation operator|brine maker|cement mixer|calciner operator|coal preparation plant operator|blender tender
roofing supervisor,tinsmith supervisor|asphalt roofing supervisor|foreman roofer|cladding installation supervisor|house roofing supervisor|roof tiling supervisor|roofing carpentry supervisor|felt roofing supervisor|roof slating supervisor
market research analyst,market research manager|marketing research coordinator|marketing researcher|marketing research analyst|market researcher|customer insight manager|market analyst|demographic marketer|market research technician|market research specialist
pensions administrator,pensions technician|pension plans clerk|pension agent|pension fund administrator|responsible for pensions administrations|pensions administration officer|pension administrator|investments administrator|pension scheme administrator|administrator of pensions
cacao bean roaster,cocoa processor|cocoa roaster|bean roaster|cocoa bean processor
precious stone setter,jewelery stone setter|gem setter|diamond setter|precious stone craftworker|gemsetter|gem stone setter|gemstone setter|precious stone craftsman|precious stone craftswoman|jewellery stone setter
occupational health and safety inspector,safety officer|environmental health inspector|health and safety inspector|environmental health officer|factory inspector|hse inspector|regulatory health and safety inspector|workplace health and safety inspector
watches and jewellery distribution manager,watches and jewellery supply chain manager|watches and jewellery distribution planner|graduate watches and jewellery distribution manager|senior watches and jewellery distribution manager|trainee watches and jewellery distribution manager|assistant watches and jewellery distribution manager|watches and jewellery supply chain planner|watches and jewellery logistics manager|watches and jewellery logistics planner
jewellery assembler,jewellery craftsperson|jewelry craftswoman|earring assembler|assembler of jewelry|jewelry craftsman|jewelry repairer|assembler jewelry|jewelry bench worker|jewelry craftsperson|jewelry assembler|assembler jewellery|chain assembler|brooch assembler|jewellery craftswoman|jewellery craftsman|jewellery bench worker|necklace assembler|bracelet assembler|assembler of jewellery
outdoor animator,ski teacher|ski instructor|riding teacher|riding instructor|kayak and canoe instructor|canoeing teacher|quad bike instructor|outdoor activities trainer|outdoor adventure instructor|outdoor instructor|rafting instructor|outdoor activity instructor|climbing teacher|kayak & canoe instructor|paddlesports instructor|rafting teacher|quad bike teacher|climbing instructor|outdoor recreation instructor
honey extractor,extractor|honey extraction operative|honey process worker|honey production worker
manufacturing facility manager,manufacturing production manager|manufacturing plant manager|manufacturing director|manufacturing coordinator|manufacturing facility maintenance manager
manufacturing engineer,manufacturing engineering consultant|manufacturing technology engineering adviser|batterie manufacturing engineer|battery manufacturing engineer|manufacturing engineering adviser|manufacturing technology engineer|manufacturing process engineer|manufacturing technology engineering expert|manufacture engineer|manufacturing engineering specialist|manufacturing technology engineering consultant|manufacturing technology engineering specialist|manufacturing engineering expert|mfge
textile product developer,print design development assistant|fabric product development specialist|textile business developer|textile product development engineer|textile product specialist|technical application manager|textile and apparel product developer|textile product engineer
clay kiln burner,dry kiln operator|retort kiln operative|field kiln operator|periodic kiln burner|dry kiln burner|brick kiln operative|kilnman|roofing tile burner|gas kiln operative|kilnwoman|dry kiln operative|field kiln burner|retort kiln operator|field kiln operative|brick kiln burner|gas kiln operator|roofing tile kiln operator|brick kiln operator|retort kiln burner|kiln burner|roofing tile kiln operative
emergency medical dispatcher,medical dispatcher|emergency call operator|dispatcher of emergency medical vehicles|emergency medical services dispatcher|dispatch employee|emergency call handler|ambulance services dispatcher|control room worker|emd|dispatcher of emergency medical services|call handler
higher education lecturer,higher education senior lecturer|he lecturer|higher education instructor|principal lecturer|teaching fellow|professor|university reader|research lecturer|university professor|reader|university lecturer
consumer goods inspector,assembly inspector|consumer goods quality inspector|consumer goods quality control inspector|consumer goods assembly inspector|consumer products assembly line inspector|consumer goods assembly line inspector|consumer products quality control inspector|consumer goods quality compliance inspector|consumer products assembly inspector|stock parts inspector|surgical instruments inspector|consumer products compliance inspector|toys inspector|consumer goods compliance inspector|material inspector|consumer products quality inspector|final assembly inspector
dietetic technician,clinical dietetic technician|dietetic assistant|diet technician|clinical diet technician|medical dietetics technician|assistant nutrition practitioner|technician in dietetics|technician in medical dietetics|nutrition assistant practitioner|dietetic science technician
bioinformatics scientist,it researcher|senior bioinformatics scientist|data scientist|biology researcher|junior bioinformatics scientist|bioinformatics analyst|research scientist|computer scientist|environmental scientist|biotechnology scientist|computer analyst|bioinformatics researcher|it expert|bioinformatician
occupational railway instructor,metro driving instructor|tram driver instructor|trolley driver instructor|engine driver instructor|railway instruction practitioner|practitioner of railway instruction|train driver instructor|railway instructor
aquaculture biologist,aquaculture biology research analyst|expert in aquaculture biology|aquaculture biology expert|specialist in aquaculture biology|aquaculture biology scientist|aquaculture biology specialist|aquaculture biology scholar|aquaculture biology analyst|aquaculture biology researcher|aquaculture biology science researcher|consultant aquaculture biologist|aquaculture biology research scientist
food biotechnologist,food biotech technician|technician for food industry bioeconomy|food biotech specialist
computer software and multimedia shop manager,multimedia equipment store manager|computer software and multimedia store manager|computer software and multimedia storekeeper|computer software shop manager|computer software store manager|software shop manager|multimedia software shop manager
exhibition curator,exhibition superintendent|exhibits coordinator|art gallery curator|exhibits preparator|exhibits manager|curator of exhibitions|exhibits curator|museum curator|exhibition overseer
structural ironworker,structural steel fitters|steel fitters|structural iron and steel worker|structural steel erector|rebar workers|steel erector
forestry equipment operator,woodland equipment operator|logging equipment operator|woodcutter|woodman|logger|lumberjack|chainsaw operator|mobile sawmill operator
graphic designer,advertising artist|graphic design expert|graphic artist|graphics designer|graphic design specialist|commercial graphic designer|commercial designer
railway car upholsterer,multiple unit upholsterer|train coach upholstery worker|train carriage upholstery worker|train coach upholsterer|carriage upholsterer|train carriage upholsterer|carriage works trimmer|train upholstery worker
aircraft groomer,plane cleaner|groomer for aircraft|aeroplane cleaner|aeroplane groomer|cabin cleaner
airport environment officer,airport environmental officer|airport environmental expert|airport environmental planning expert
oil mill operator,oil mill operative|oil field mill worker|oil milling operative
motor vehicles specialised seller,used car specialised seller|motor vehicles specialized seller|salesperson motor trade|dealership salesperson|used car salesperson|franchise specialised seller|principal salesperson|senior salesperson|specialised seller motor trade|salesperson motor dealership|new car specialised seller|senior specialised seller|dealership specialised seller|new car salesperson|specialised seller motor dealership|principal specialised seller|franchise salesperson
clinical social worker,clinical social support worker
ship steward/ship stewardess,ferry stewardess|cruise ship guest services associate|ferry steward|ship guest services associate|ship steward|ship stewardess|cruise ship guest services officer|cruise ship steward|ship guest services officer|ship guest services professional|cruise ship stewardess|cruise ship guest services professional
business consultant,business process consultant
soil scientist,soil analyst|senior soil scientist|soil biology specialist|soil technician|soil wetland scientist|soil biologist|soil testing technician|lead senior soil scientist|acidity tester
construction painting supervisor,decorating supervisor|commercial painting and decorating supervisor|industrial painting supervisor|specialist painting supervisor|painting and decorating supervisor|commercial decorating supervisor|construction painting and decorating supervisor|construction decorating supervisor
homelessness worker,homeless care worker|homelessness support worker|homeless case worker|homeless guidance worker|homeless support worker|homelessness guidance worker|homeless team worker|housing options and advice worker|homeless advice worker|homelessness social worker|homeless social worker|homelessness care worker|homelessness case worker|homelessness advice worker|homelessness team worker
post office counter clerk,post office supervisor|post office customer service consultant|mail service clerk|post office customer service assistant|mail services counter clerk
probation officer,probation services officer|parole officer|prison department social worker
call centre supervisor,telemarketing manager|customer service supervisor|outbound call center supervisor|customer contact centre supervisor|outbound call centre supervisor|contact centre supervisor|inbound call centre supervisor|contact centre manager|call center supervisor|telemarketing supervisor|tele-sales supervisor|inbound call center supervisor|customer service centre manager|customer centre supervisor|telephone sales supervisor|direct sales supervisor
camping ground manager,camp-site manager|campground manager|campgrounds manager|camping manager|countryside manager|camping pitch manager
further education teacher,further education practitioner|further education lecturer|continuing education teacher|sixth form teacher|teacher of further education|sixth form tutor|tutor of further education|practitioner in further education
astrologer,astrologist|astrology expert|horoscope teller|horoscope expert
police trainer,law enforcement trainer|police officer trainer|trainer of police|specialist police trainer|police tutor|police firearms trainer|instructor in law enforcement|trainer of police officers|law enforcement instructor|police instructor
fisheries assistant engineer,assistant ship mechanic|fisheries engineer's assistant|fishing vessel assistant engineer|assistant naval mechanic
immigration policy officer,government policy manager|asylum policy officer|refugee policy officer|immigration policy analyst
director of photography,cinematographer|photography director|head of camera and lighting crew|lighting cameraman|camera and lighting director|senior director of photography
"wholesale merchant in sugar, chocolate and sugar confectionery",wholesale sugar trader
fish trimmer,fish processor|fish preparation worker
chief executive officer,managing director|president|ceo|company executive director|chairman|senior executive officer
forestry inspector,forestry auditor|forestry operations monitor|urban forestry inspector|forestry assessor|chief forestry inspector|forestry operations inspector|arboriculture inspector|forestry operations compliance inspector
office clerk,clerical assistant|correspondence clerk
public relations manager,communications manager|public relations specialist|communications officer|spokesperson|public affairs manager|corporate profiler|publicity manager|corporate affairs manager|press office manager|media relations manager|public information coordinator|marketing and communications manager|public information manager|​public relations consultant
v-belt finisher,belt finisher|v-belt finishing operator|friction belt finisher|belt brander|belt measurer|belt notcher
communication scientist,communication analyst|communication studies research scientist|communication science researcher|communication studies researcher|communication studies analyst|communications scientist|communication scholar|communication research scientist|communication research analyst|communication researcher|communication studies research analyst|communication studies scholar
tourism product manager,tourism distribution manager|tourism product developer
iot developer,iot software developer
ship duty engineer,maritime duty engineer|maritime engineering officer|maritime officer of engineering watch|ship engineering officer|duty engineer on a ship
mayor,council leader|mayoress|leader of the council|civic leader|lady mayoress|lord mayor|cabinet leader
event scaffolder,scaffolding installer|scaffolding team member|scaffolding worker|scaffolding crew member
occupational analyst,organizational structure analyst|corporate business consultant|corporate business analyst|job analyst
glass painter,stained glass painter|crystal painter|glass object pattern designer|window painter|pattern designer on glass|painter on glass
construction safety inspector,safety advisor|health and safety advisor|health and safety inspector|site safety inspector|construction health and safety inspector|health & safety inspector|safety controller on construction sites|site safety advisor|construction site safety inspector|safety inspector on construction sites|safety controller|construction safety controller|health and safety advisor on construction sites|safety inspector|construction health and safety advisor
religion scientific researcher,religious studies researcher|theologist|theologian|theology scholar|theology researcher|theology studies scholar|theology studies researcher|religious studies scholar
domestic housekeeper,housekeeper|house caretaker couple|house manager|private housekeeping director|domestic couple
brazier,conversion brazer|brazer production operative|hand brazer operative|copper smith|combination welder|hand brazer|hand brazer assembler|brazer production operator|machine operative brazer|brazer technician
textile colourist,colorist|colourist|textile colour maker|textile colorist|dyeing range operator|colour matcher|textile colourists|colorist dyer|colourist dyer|color matcher|textile color maker
solar power plant operator,solar power plant maintenance operative|solar electric power plant operator|solar array operative|solar farm worker|solar array worker|solar power plant safety operator|solar electricity power plant operator|solar farm operative|solar electricity power plant operative|solar energy plant worker|solar energy plant operator|solar electric power plant operative|solar power plant maintenance operator|solar power plant safety operative|solar farm operator|solar energy plant operative|solar array operator
knitting machine operator,knitting machine setter|knitter operator|knitting machinist|knitting machine tender|warp knitting machine operator|net-knitting machine operator|machine knitting mender
correctional services manager,chief detention officer|senior superintendent jail|chief prison officer|superintendent of jail|correctional institution director|senior superintendent of jail|superintendent jail|prison governor
metal rolling mill operator,powder mill operator|rolling mill control operator|steel mill operative|metal rolling mill operative|stopper grinder|hammer mill operative|steel rolling mill technician|hammer mill operator|hammer mill technician|grinder mill operator|grinder mill operative|metal rolling mill technician|powder mill operative
biochemist,biochemistry research scientist|chemical biotechnologist|biochemistry studies scholar|biochemistry science researcher|biochemistry studies research scientist|biochemistry studies scientist|biochemistry researcher|biochemistry studies researcher|biochemistry studies analyst|biological chemist|biochemistry scientist|biochemistry scholar|biochemistry research analyst|biochemistry studies research analyst|biochemistry analyst|bio-chemist
optician,contact lens specialist|spectacle dispensing optician|dispensing optician|optician expert|qualified optician|expert optician|corrective lens dispenser|contact lens optician
footwear stitching machine operator,shoe stitcher|binding stitcher|shoe sewing machine tender|shoe sewing machine operator
carbonation operator,beverage carbonation worker|sparkling machine operator|gasifier operator|drinks gasification processor
vacuum forming machine operator,thermo-forming machine tender|plastic molding machine setter|vacuum forming machine operative|vacuum molding machine operative|vacuum forming machine tender|vacuum moulding machine operative|plastic molding machine tender|plastic moulding machine tender|thermoforming operator|thermoforming machine operative|thermo-forming machine worker|thermoforming machine tender|moulder operator|vacuum former|thermo-forming machine setter|vacuum forming machine worker|vacuum moulding machine operator|thermo-forming machine operative|plastic moulding machine setter|thermoforming operative|vacuum molding machine operator|vacuum forming machine setter|molder operator|plastics production process worker|thermoforming machine operator
admissions coordinator,coordinator of student admissions|admissions officer|admissions coordinator in education|college admissions coordinator|admissions coordinator in university|coordinator of admissions|school admissions coordinator|university admissions coordinator|student admissions coordinator|student admissions officer
outdoor activities coordinator,activities coordinator|sports inclusion coordinator|senior outdoor instructor|activities manager|outdoor activities supervisor|outdoor activities manager
juvenile correctional officer,youth correctional officer|young offenders officer|detention centre youth worker|youth detention counselor|correctional youth security officer|youth detention worker|detention officer|juvenile corrections officer|juvenile detention officer|young offenders detention officer
technical sales representative in electronic and telecommunications equipment,graduate technical sales representative in electronic and telecommunications equipment|senior technical sales representative in electronic and telecommunications equipment|electronic and telecommunications equipment field salesperson|trainee technical sales representative in electronic and telecommunications equipment|electronic and telecommunications equipment inside technical sales representative|graduate technical sales engineer in electronic and telecommunications equipment|trainee technical sales engineer in electronic and telecommunications equipment|electronic and telecommunications equipment field saleswoman|assistant technical sales representative in electronic and telecommunications equipment|electronic and telecommunications equipment outside technical sales representative|electronic and telecommunications equipment field salesman|senior technical sales engineer in electronic and telecommunications equipment|electronic and telecommunications equipment technical field sales representative|assistant technical sales engineer in electronic and telecommunications equipment
numerical tool and process control programmer,numerical tool setting operator|numerical process control programmer|numerical tool programmer|numerical process control operator|numerical process control set up operator|numerical process control tool setting operator|numerical tool setter|numerical tool machine set up operator|numerical tool l programme setter|numerical tool and process control programer|numerical tool machine operator|numerical process control supervisor|numerical tool maker
office manager,office coordinator|administrative services manager|office supervisor|administrative manager|administrative supervisor|general office administrator
wholesale merchant in textile industry machinery,wholesale buyer in textile industry machinery|graduate wholesale merchant in textile industry machinery|business to business sales consultant in textile industry machinery|senior wholesale merchant in textile industry machinery|assistant wholesale merchant in textile industry machinery|wholesaler in textile industry machinery|wholesale merchandiser in textile industry machinery|trainee wholesale merchant in textile industry machinery|wholesale trader in textile industry machinery|business to business seller in textile industry machinery|b2b sales consultant in textile industry machinery
night auditor,overnight customer care manager|night time customer auditor|night customer care manager|overnight auditor
aircraft dispatcher,flight information expediter|aeroplane dispatcher|helicopter dispatcher|aircraft information expediter|flight dispatcher|airplane dispatcher|dispatcher of aircrafts|airline dispatcher
import export manager in textiles and textile semi-finished and raw materials,graduate export manager in textiles and textile semi-finished and raw materials|trainee export manager in textiles and textile semi-finished and raw materials|graduate import export manager in textiles and textile semi-finished and raw materials|assistant import manager in textiles and textile semi-finished and raw materials|international trade manager in textiles and textile semi-finished and raw materials|trainee import manager in textiles and textile semi-finished and raw materials|senior import manager in textiles and textile semi-finished and raw materials|international trade compliance manager in textiles and textile semi-finished and raw materials|graduate import manager in textiles and textile semi-finished and raw materials|assistant import export manager in textiles and textile semi-finished and raw materials|senior export manager in textiles and textile semi-finished and raw materials|senior import export manager in textiles and textile semi-finished and raw materials|customs compliance manager in textiles and textile semi-finished and raw materials|assistant export manager in textiles and textile semi-finished and raw materials|trainee import export manager in textiles and textile semi-finished and raw materials
photography shop manager,photographic shop manager|photography goods store manager|photographic equipment store manager|photographic articles shop manager|photographic articles store manager|camera accessories shop manager|camera shop manager|photography store manager|photographic goods shop manager|photography equipment store manager|photographic accessories shop manager
ict research consultant,it research consultant|ict research advisor|it research specialist|ict research consultants|it research advisor|ict research specialist
road sign installer,road sign worker|highway sign installer|road sign team worker|traffic sign installer|road sign operator|road sign erector|highway sign erector|traffic sign erector
biogas technician,landfill gas plant technician|biogas equipment technician|anaerobic digester technician|biogas production technician|biogas generation technician|biomass plant technician|biogas equipment maintenance technician|biomass gas generation technician
paper mill supervisor,paper mill overseer|overseer at paper mill|paper mill manager|controller at paper mill|paper mill operations controller|paper mill senior manager|manager at paper mill|paper mill controller|operations controller at paper mill|supervisor at paper mill
sewerage network operative,sewerage network inspection operative|wastewater systems operative|wastewater system operative|sewerage network operator|wastewater distribution equipment operative|wastewater network operative|sewerage network repair operative|wastewater infrastructure operator|wastewater infrastructure operative|sewerage network maintenance operative|sewerage network clearing operative|wastewater treatment works operative|sewerage system maintenance operative
taxi driver,private driver|chauffeur|driver of taxi|private hire driver|minicab driver|cab driver
recreation model maker,mock-up model maker|recreation model designer
nonwoven staple machine operator,non-woven staple processing machine operator|non woven worker|non woven staple processing machine operator|non-woven fabric machine operator|nonwoven staple machine operators|non-woven worker|producer of felts|non woven staple machinist|non-woven staple machinist|non woven fabric machine operator
"wholesale merchant in coffee, tea, cocoa and spices","senior wholesale merchant in coffee, tea, cocoa and spices|wholesaler in coffee, tea, cocoa and spices|graduate wholesale merchant in coffee, tea, cocoa and spices|business to business sales consultant in coffee, tea, cocoa and spices|b2b sales consultant in coffee, tea, cocoa and spices|assistant wholesale merchant in coffee, tea, cocoa and spices|trainee wholesale merchant in coffee, tea, cocoa and spices|wholesale merchandiser in coffee, tea, cocoa and spices|business to business seller in coffee, tea, cocoa and spices|wholesale trader in coffee, tea, cocoa and spices|wholesale buyer in coffee, tea, cocoa and spices"
design engineer,hvac design engineer|industrial expert|industrial specialist|product engineer|product design engineer|designing engineer
marketing manager,market manager|sales and marketing manager|marketing director|promotions manager|telemarketing manager|advertising sales manager|product marketing manager|marketing and promotions manager|marketing executive|market development manager
camera operator,videographer|towercam operator|remote head operator|cameraman|camerawoman|video camera operator|camera equipment operator|steadicam operator|camera crane operator|railcam operator
odds compiler,odds manager|sports odds compiler|betting expert|risk trader|sports trader|horse racing odds compiler|odds expert|odds trader|football odds compiler
sterile services technician,disinfection assistant
"textile, leather and footwear researcher","textile and leather researcher|textile, leather and footwear research worker|textile, leather and footwear research analyst|clothing and apparel researcher|textile and clothing researcher"
cattle pedicure,cattle pedicure specialist|cattle hoof trimmer
overhead line worker,linesman|overhead linesman|overhead transmission and distribution linesperson|high voltage lineworker|low voltage lineworker|overhead power line worker|overhead transmission and distribution linesman|overhead linesworker|overhead line technician|overhead lineworker|overhead line engineer
blanching operator,blanching process worker|blanching operative|blanching worker|blancher
data quality specialist,data integrity officer|data integrity specialist|data quality officer|data quality expert|data quality specialists
fish canning operator,fish canner|fish canning operative
sports journalist,sports journalist & commentator|sport journalist|sports journalist and commentator|digital sports journalist|sports correspondent|sports reporter|radio sports journalist|on-line sports journalist|sports commentator|sports broadcast journalist
wood fuel pelletiser,wood pelletiser|wood pelletiser worker|wood pellet machine worker|wood pellet machine specialist|wood pellet machine technician|wood pelletiser specialist|wood pelletiser operator|wood pellet machine operator|wood pelletiser technician
ground steward/ground stewardess,ground attendant|meet and assist agent|passenger service supervisor|ground stewardess|passenger service attendant|ground steward|passenger services supervisor|passenger services agent|ground attendant supervisor
agricultural inspector,agricultural production inspector|farm inspector|agriculture auditor|agriculture inspector|farm auditor|agriculture assessor|agricultural assessor|agricultural examiner|farm monitor|agriculture monitor|agricultural auditor|farm assessor|agricultural monitor
smart home engineer,domotics engineer|smart home project engineer|smart home software engineer|home automation specifier|home automation platform engineer|smart home designer|home automation integrator
photographic developer,photography lab technician|photo laboratory technician|photograph laboratory technician|photograph developer|photography laboratory technician|photo lab technician|photograph printer|photograph lab technician|photography developer|photo retoucher|photo developer
assistant video and motion picture director,director's right hand man|second assistant director|assistant director|director's right-hand woman|third assistant director|assistant video director|first assistant director|director's right hand woman|assistant motion picture director|director's right-hand person|director's right hand person|director's right-hand man
battery assembler,battery maker|dry cell production operative|welder specialised in battery components|battery welder|battery cell assembler|battery module assembly technician|fabricator of batteries|battery component welder|battery recycling technician|battery assembly worker|battery production operative|battery production operator|dry cell production operator|assembler of battery components|assembler of batteries|battery production worker|battery builder|battery component production assembler|battery component assembler|battery assembly operator|battery assembly operative|battery production assembler|battery fabricator|constructor of batteries|battery constructor|battery cell assembly technician|dry cell production worker
digital transformation manager,digital transformation officer|digital transformation director
paper stationery machine operator,paper stationery machinist|paper puncher technician|paper perforator technician|paper stationery machine specialist|paper stationery machine technician|paper creaser technician|paper products machine technician|paper products machine operator|paper stationery machine worker|paper creaser operator|paper perforator operator|paper stationery machine operative|paper creaser specialist|paper puncher specialist|paper products machine specialist|paper puncher operator|paper perforator specialist
building materials specialised seller,trade counter salesperson|do it yourself shop specialised seller|building materials do it yourself salesperson|diy shop specialised seller|building materials diy specialised seller|builders merchants shop specialised seller|construction materials shop specialised seller|building materials shop salesperson|builders merchants shop salesperson|construction materials salesperson|trade counter specialised seller|diy shop salesperson|building materials salesperson|do it yourself shop salesperson|builders merchants store specialised seller|building materials specialized seller|construction materials shop salesperson|building materials shop specialised seller|building equipment shop salesperson|builders merchants store salesperson|building equipment shop specialised seller|building materials do it yourself specialised seller|building materials diy salesperson|construction materials specialised seller
store detective,loss prevention agent|retail loss investigator|sd|asset protection officer|loss prevention officer
dredging supervisor,dredging project supervisor|dredge foreman|dredging site supervisor|dredge operator supervisor|dredging operations supervisor|dredging foreman
general practitioner,general medical practitioner
shoe and leather accessories specialised seller,shoe and leather accessories salesperson|sports shoes specialised seller|sports shoes salesperson|childrens shoes salesperson|leather accessories salesperson|shoe and leather accessories specialized seller|leather accessories specialised seller|footwear salesperson|footwear specialised seller|childrens shoes specialised seller
city councillor,elected representative|city councilor|councillor|county councillor|local councillor|local government councillor|cabinet member|town councillor
fruit-press operator,fruit presser|fruit press worker|fruit squeezer|fruit press operative
power production plant operator,power plant operator|power station operator|electricity generating plant operative|power station worker|electricity generation plant operator|electricity generating plant worker|electric power station operator|electricity generation operator|electric power station worker|biomass plant operator|electric power station operative|electricity generation plant worker|generating station operator|electricity generation worker|electricity generation operative|power station operative worker|wind plant operator
hair removal technician,beauty treatment specialist|epilation specialist|wax depilation specialist|hair removal specialist|depilation specialist|laser hair removal specialist|body waxing technician|electrolysis technician|laser hair removal technician
client relations manager,customer service manager|customer service representative|customer service executive|client manager|crm manager|client service manager|client service representative|client relationship manager|consumer relations manager
heating technician,coal fired heating inspector|electrical heating engineer|solid-fuel fired heating inspector|hvac heating mechanic|solid fuel heating inspector|coke fired heating inspector|heating engineer|oil fired heating inspector|hvac inspector
mathematician,logic research scientist|mathematicians|mathematics science researcher|logic researcher|logic science researcher|mathematics scholar|mathematics research scientist|mathematics scientist|logician|logic scholar|mathematics researcher|logic scientist
personal trust officer,personal trust manager|trustee officer|personal trust supervisor
froth flotation deinking operator,froth flotation deinking worker|froth flotation deinking technician|froth flotation deinking specialist|froth flotation deinking tank technician|froth flotation deinking tank operator|froth flotation deinking tank worker|froth flotation deinking tank specialist
emergency response coordinator,aid worker|humanitarian aid worker|charity coordinator|disaster coordinator|emergency coordinator|emergency planning officer|emergency preparedness coordinator|disaster preparedness coordinator
picture editor,photo editor|picture selector and organiser|picture selector and organizer|image editor|photograph editor
visual arts teacher,arts and crafts teacher|painting teacher|educator in visual arts|arts and crafts instructor|instructor of arts and crafts|specialist visual arts teacher|visual arts instructor|instructor of visual arts|sculpture teacher|visual arts educator|teacher of visual arts|specialist teacher in visual arts
leather goods artisanal worker,bespoke leather craftsman|leather craftsman|luxury leather artisan|leather repair worker|leather artisan|leather craft worker|leather articles artisanal worker|leather craftswoman|leather accessories artisanal worker|bespoke leather craftswoman|leatherwear artisanal worker
specialised goods distribution manager,specialized goods distribution manager
"import export specialist in sugar, chocolate and sugar confectionery","assistant export specialist in sugar, chocolate and sugar confectionery|customs compliance specialist in sugar, chocolate and sugar confectionery|graduate export specialist in sugar, chocolate and sugar confectionery|assistant import specialist in sugar, chocolate and sugar confectionery|trainee import specialist in sugar, chocolate and sugar confectionery|trainee export specialist in sugar, chocolate and sugar confectionery|assistant import export specialist in sugar, chocolate and sugar confectionery|international trade compliance specialist in sugar, chocolate and sugar confectionery|trainee import export specialist in sugar, chocolate and sugar confectionery|senior import specialist in sugar, chocolate and sugar confectionery|graduate import export specialist in sugar, chocolate and sugar confectionery|graduate import specialist in sugar, chocolate and sugar confectionery|senior export specialist in sugar, chocolate and sugar confectionery|senior import export specialist in sugar, chocolate and sugar confectionery"
instrument technician,roadie|bass technician|senior instrument technician|drum technician|piano technician|road crew member|guitar technician
malt kiln operator,malt kiln operative|malt kiln worker|malt worker|malt kiln specialist
room attendant,housekeeper|housekeeping worker|chamber maid|rooms person|chambermaid
ict integration tester,ict compatibility tester|compatibility tester|module compatibility tester|module integration tester|integration testers|it compatibility tester
embroiderer,hand decorator|embroidery digitiser|embroidery puncher|embroidery finisher|embroidery operator|embroidery worker
paper bag machine operator,paper bag machine specialist|paper bag constructing machine operator|paper bag machinist|paper bag machine technician|paper bag machine worker|paper bag manufacturing machine operator|paper bag making machine operator
sales processor,order entry and transfer co-ordinator|e-commerce sales order processor|order entry and transfer processor|graduate sales order processor|order processing salesperson|sales order administrator|senior order processor|graduate sales processor|senior sales processor|order processor|trainee order processor|sales order co-ordinator|sales order processor|order processing representative|order processing sales person|e-commerce sales processor|sales order assistant
laser marking machine operator,laser engraving mill technician|laser engraving mill operative|laser engraving drill technician|laser engraver mill operator|laser set up operative|laser marking operator|laser set up operator|laser engraving drill operative|laser engraving drill set-up technician|laser marking machine set-up operative|laser marking machine operative|cnc laser marking set-up technician|laser engraving operator|laser engraving drill operator|laser marking machine set-up operator
medical laboratory technology vocational teacher,instructor in medical laboratory technology|medical laboratory technology teacher|medical laboratory technology instructor|medical laboratory technology educator|vocational instructor in medical laboratory technology|medical laboratory technician instructor|vocational teacher in medical laboratory technology|teacher in medical laboratory technology|educator in medical laboratory technology
steam plant operator,steam boiler operator|steam heating operator|steam power plant maintenance operator|steam plant maintenance worker|steam plant safety operator|steam plant technician|steam plant maintenance operator|steam plant worker|steam plant operative|steam jet refrigeration operator|steam power plant operator|steam power heating plant operator|steam refrigeration operator
hospital social worker,social worker|palliative care social worker|hospital discharge social worker|medical social worker|public health social worker
insurance product manager,insurance product development manager|assurance branch manager|assurance lead|assurance office manager|insurance office manager|assurance relationship manager|assurance sales manager|insurance product development executive|assurance account manager|insurance product developer|insurance lead|insurance sales manager|insurance account manager|insurance relationship manager
social entrepreneur,eco-entrepreneur|green entrepreneur|social business founder|social business venture founder|social enterprise founder
precious stone cutter,lapidarist|gemstone cutter|gemcutter|lapidary|faceter|gem cutter|opal polisher|diamond cutter|jewelery fabricator
fruit and vegetables distribution manager,graduate fruit and vegetables distribution manager|assistant fruit and vegetables distribution manager|fruit and vegetables supply chain manager|fruit and vegetables logistics manager|fruit and vegetables distribution planner|senior fruit and vegetables distribution manager|fruit and vegetables supply chain planner|trainee fruit and vegetables distribution manager|fruit and vegetables logistics planner
senator,senate member|senate representative
research and development manager,market research manager|research and development associate|product research development manager|research and development director|researcher|research and development supervisor
rubber goods assembler,rubber goods production assembler|rubber goods production operative|rubber goods finishing operator|rubber products assembler|rubber goods finisher|rubber goods assembly worker
inland water transport general manager,inland waterway transport manager|manager of inland water transport|waterway transportation general manager|inland water transportation director|inland water transport director|inland water transportation general manager
sewer construction worker,waste water pipelayer|waste water infrastructure construction worker|sewer infrastructure construction worker|sewage pipe layer|sewage infrastructure construction worker|sewage system worker|waste water pipe layer|waste water system worker|sewer system construction worker|sewage system construction worker|sewage pipelayer|waste water system construction worker
interior designer,interior space planner|space planner & interior decorator|spatial designer|interior & spatial designer|spatial design expert|interior designer & planner|interior design expert|facility interior designer|designer of interiors|interior architectural designer|space planner|interiors designer|interior & spacial designer|spatial design specialist|spacial designer|interior design specialist
electrical power distributor,electrical power systems power dispatcher|distribution control operator|power line worker
lacquer spray gun operator,automatic paint booth operator|paint booth operator|spray gun operator|lacquer spray gun specialist|lacquer spraying machine operator|mastic sprayer|automatic paint sprayer operative|lacquer paint sprayer|paint booth technician|lacquer sprayer|automatic paint sprayer operator|lacquer spray painter|lacquer-sprayer|lacquer spraying machine technician|automatic paint booth operative|lacquer spraying machine specialist|lacquer spray gun operative|lacquer coating machine specialist|lacquer spray machine technician|lacquer coating machine technician|lacquer spray machine specialist|lacquer coating machine operator|machine sprayer|machine sprayer operator|lacquer spray machine operator|machine sprayer operative|lacquer spray gun technician
textile process controller,textile process supervisor|textile process coordinator|textile process inspector|quality assurance supervisor|textile process controllers|textile process checker
domestic butler,major-domo|butler|domestic house manager
dangerous goods safety adviser,dangerous goods safety person|dangerous goods safety guide|dangerous goods transport guide|hazardous goods safety adviser|dangerous goods transport adviser|dangerous goods transport person|dangerous goods safety consultant
product assembly inspector,assembly inspector|consumer goods quality inspector|assembled products quality control inspector|products|consumer goods quality control inspector|assembly quality compliance inspector|assembled products production inspector|assembled products quality inspector|product compliance inspector|products assembly inspector|consumer goods production inspector|goods compliance inspector
aromatherapist,traditional practitioner of aromatherapy|clinical aromatherapy practitioner|practitioner of aromatherapy|relaxation therapist|aromatherapy practitioner|aromatherapy specialist|traditional aromatherapist|master aromatherapist|specialist aromatherapist
bank manager,financial institution branch manager|bank executive officer|bank branch manager|financial services branch manager|retail bank manager|regional bank manager|bank director|banking operations manager|corporate bank manager|bank business development manager|bank branch administrative manager
conservator,furniture conservation officer|building conservation officer|furniture conservator|books conservator
rail maintenance technician,rail inspector|rail quality inspector|permanent way inspector|rail track inspector|rail repairer|track quality inspector|rail maintenance operator|rail track maintenance inspector
petroleum engineer,petroleum geologist|petroleum production technician|reservoir engineer|oil and gas engineer|petroleum engineers|gas engineer
graphologist,forensic document examiner|handwriting expert|graphologists|handwriting specialist|forensic handwriting expert
crisis situation social worker,crisis intervention counsellor|crisis situation counsellor|emergency social worker|crisis situation worker|crisis intervention social worker|crisis response social worker|disaster social worker
solar energy technician,photovoltaic system technician|solar energy system designer|solar farm technician|pv field technician|solar operations and maintenance technician|solar energy system constructor|photovoltaic cell technician|photo-voltaic cell technician|solar energy system technician|solar energy panel installer|solar energy system builder|photovoltaic energy installer|solar energy system installer|solar o and m technician|photovoltaic field technician|solar energy installation technician|photovoltaic energy panel installer|solar roofer|solar technician|solar energy panel technician|solar energy farm technician|solar energy harvesting technician|solar energy system maker|solar energy generation technician|solar energy plant technician|solar energy array technician
railway electronic technician,electrical train electrician|rail electrician|locomotive electrician|overhead power engineer|electrical rail electrician|electrician electric engines|railway line side equipment engineer|electrician diesel engines|railway electronic inspector|telecommunication electronic technician|telecommunication electronic inspector|railway overhead power engineer|rail electronic inspector
pipeline maintenance worker,gas pipeline operator|pipeline maintenance operator|gas pipeline maintenance operator|gas pipeline network technician|oil pipeline worker|water pipeline worker|gas pipeline maintenance centre technician|pipeline maintenance centre technician|pipeline network technician|gas pipeline worker|oil pipeline technician|oil pipeline operator|oil pipeline maintenance operator|water pipeline network technician|water pipeline maintenance centre technician|oil pipeline maintenance centre technician|oil pipeline network technician|water pipeline maintenance operator|pipeline technician|water pipeline technician
furniture shop manager,lighting equipment and accessories shop manager|home furnishings shop manager|furniture store manager|home furnishings store manager|garden furniture shop manager|outdoor furniture shop manager|outdoor furniture store manager|home articles store manager|garden furniture store manager|furniture and lighting shop manager|home articles shop manager|furniture and lighting store manager|lightning equipment and accessories store manager
clothing cad patternmaker,computer patternmaker|fabric cad pattern maker|clothing cad pattern maker|fabric cad patternmaker
radiographer,clinical radiographer|practitioner of radiography|medical radiation technologist|expert radiographer|clinical radiography practitioner|specialist radiographer
weight loss consultant,health and fitness consultant|health and wellness consultant|fitness and nutrition consultant|weight loss counsellor|nutritionist|health coach|weight loss advisor|weight loss coach|personal care consultant|nutrition and weight loss consultant
audio-visual technician,video technician|audio-visual assistant|audio & video operator|audio technician|audio-visual operator|audio-visual engineer|audio-video technician|audio and video operator|audio-video operator|audio-visuals technician|audiovisual assistant
battery system engineer,battery cell module engineer|power system protection engineers|electronic systems engineer|automotive vehicle electronics analysis specialist|battery storage consultants
wire weaving machine operator,wire weaving operator|wire worker apprentice|wire weaving operative|wire mesh knitter|wire bending operator|wire winding machine operative|wire worker|wire weaving loom operator|wire preparation weaving operative|wire mesh operator|wire preparation weaving operator|wire weaving loom operative|wire winding machine operator|wire bender
court jury coordinator,legal secretary|court usher|coordinators for court jury|bailiff|jury consultant|solicitor|paralegal|legal executive|trial administator|court legal advisor|trial assistant|trial consultant|coordinator for court jury|court adminsistrative officer|court consultant
motorcycle assembler,cycle assembler|bicycle builder|scooter builder|scooter constructor|bike builder|moped assembler|bike constructor|motorbike assembler|bicycle constructor|moped constructor|cycle constructor|motorbike builder|moped builder|cycle builder|scooter assembler|motorbike constructor
artillery officer,infantry officer|gunner|munitions officer|artillery technician
ict auditor manager,ict auditor managers|ict audit manager|information technology audit manager|it audit manager
montessori school teacher,montessori elementary teacher|multi-age classroom teacher|montessori primary teacher|montessori school teaching practitioner|teacher in a montessori school|montessori assistant to infancy|montessori school instructor|composite class montessori teacher|montessori educator|montessori multi-age classroom teacher|montessori teacher
commissioning engineer,test and commissioning engineer|commissioning and qualification engineer|installation and commissioning engineer|commissioning engineer machines
dental technician,maxillo-facial prosthetic technologist|chief dental technician|dental prosthetist|orthodontic technician|maxillo-facial prosthetic technician|prosthetic technologist|senior dental technician|orthodontic technologist|chief dental technologist|dental technologist|clinical dental technician|senior dental technologist
variety artist,musician|pantomime actor|burlesque artist|entertainer|sword swallower|lookalike artist|illusionist|ventriloquist|burlesque performer|variety performer|magical performer|magician|mime artist|variety arts perfomer|escape artist|hypnotist|fantasist|musical hall artist
ethical hacker,network security tester|cybersecurity specialist|cybersecurity tester|ict security tester|system security tester|red team expert|penetration tester|pentester|offensive cybersecurity expert|vulnerability analyst
jewellery mounter,bench jeweller|jewelry mount maker|gemstone mounter|jewellery mount maker|jewelry mounter|gem stone mounter|precious stone mounter|bench jeweler|jeweller/mounter|diamond mounter
orthoptist,practitioner of orthoptics|orthoptics specialist|specialist in orthoptics|qualified orthoptist|orthoptics expert|expert orthoptist|specialist orthoptist|orthoptics practitioner
recreational facilities manager,cinema manager|recreational camp manager|cultural facility manager|sports facility manager|recreational facilities director|amusement park manager|leisure facility manager|fitness manager|vacation facilities manager|recreation establishment manager|recreational facilities coordinator|recreational facilities executive|theatre manager
private detective,private dick|sleuth|private investigator|inspector|pi|private eye
passenger fare controller,fare controller|cable vehicle attendant|ticket controller|ticket conductor|ticket inspector|passenger ticket attendant|controller of cable vehicle fares|passenger ticket controller|controller
fibreglass machine operator,fiberglass-spraying machine operator|operator of fibreglass-spraying machine|lead machine operator|fibreglass-spraying machine operator|fibreglass spraying machine technician|operator of fiberglass-spraying machine
cosmetics and perfume specialised seller,beauty and aroma salesperson|make-up and cosmetics salesperson|perfume salesperson|cosmetics and perfume specialized seller|cosmetics and toilet articles salesperson|make-up and cosmetics specialised seller|cosmetics and perfume salesperson|cosmetics specialised seller|cosmetics and toilet articles specialised seller|cosmetics and toiletries salesperson|perfume specialised seller|beauty and aroma specialised seller|beauty salesperson|cosmetics and toiletries specialised seller|beauty specialised seller|cosmetics salesperson
forest worker,woodland assistant|silviculture worker|woodland worker|forestry assistant|forestry worker
interior planner,interior designer|interior architect|interior space planner|spatial planner|interior design consultant|interior and spatial planner|interior adviser|commercial space planner
nuclear technician,nuclear monitoring technician|nuclear equipment technician|nuclear equipment operation technician|radioactive equipment technician|nuclear safety technician|nuclear plant technician|radiation safety technician|nuclear power plant technician
cybersecurity risk manager,cybersecurity specialist|cybersecurity risk assurance consultant|information security manager|cyber risk manager|cybersecurity risk assessor|it security chief|ict security chief|ict security manager|ict technical security expert|security coordinator|cybersecurity impact analyst|it security manager|information security risk analyst
snowboard instructor,snowboard and ski instructor|snowboard & ski instructor|ski and snowboard instructor|ski & snowboard instructor|snowboard teacher|snowboard trainer|snowboard coach
photonics engineer,engineer specialised in photonic systems|photonic technology engineering consultant|photonic technology engineering specialist|photonics engineering expert|photonics systems engineer|photonic technology engineer|engineer in photonic systems|photonic engineer|electro-optical engineer|photonic technology engineering expert|engineer in photonics|optical systems engineer|photonics engineering specialist|photonics engineering consultant|laser engineer|photonics engineering adviser|photonic systems test engineer|photonic technology engineering adviser
regulatory affairs manager,compliance manager|regulatory manager|bank compliance officer|regulatory compliance officer|regulatory affairs specialist|regulatory affairs officer|chief compliance officer|regulatory compliance manager|regulatory affairs portfolio leader
wooden furniture machine operator,timber furniture machine operative|timber furniture machine worker|timber furniture machinist|wood furniture machine worker|wooden furniture machine specialist|timber furniture machine setter|wooden furniture machine technician|wood furniture machine specialist|wooden furniture machine worker|wood furniture machinist|wood furniture machine technician|wood furniture machine operator|wooden furniture machine setter|wooden furniture machine tender|wooden furniture machine operative|wooden furniture machinist|timber furniture machine tender
thread rolling machine operator,thread machine roller|thread rolling machinist|thread-mill roller|thread machine rolling machinist|thread rolling machine technician|thread mill rolling machinist|thread rolling operator|thread roller|thread mill roller|thread machine rolling operator
electromechanical engineer,electro-mechanical assembly engineer|electro-mechanical equipment engineer|engineering technician|electro-mechanical designer|electromechanical prototype developer|engineer of electro-mechanics|electromechanical systems engineer|electro mechanics engineer|electromechanical systems control engineer|electromechanical engineering consultant|engineer in electromechanics|electro-mechanical engineer|electromechanical design engineer|electromechanical assembly engineer|electro-mechanic engineer|electromechanic engineer|electromechanical technology engineering adviser|electromechanical technology engineering consultant|electromechanical engineering expert|electromechanical technology engineering specialist|electromechanical engineering specialist|electromechanical equipment engineer|electromechanical technology engineer|electrical machinery engineer|engineer of electromechanics|electromechanical technology engineering expert|electro-mechanical development engineer|mechanicals engineer|electromechanical development engineer|electric machinery engineer|electro-mechanical prototype developer|electro-mechanical design engineer|electro mechanical engineer|engineer in electromechanical systems|engineer in electro-mechanics|electro mechanic engineer|electromechanical designer|specialist in electromechanics|electro-mechanics engineer|specialist in electromechanical systems|electromechanical engineering adviser
fashion designer,accessory designer|fashion design specialist|swimwear designer|footwear designer|fashion stylist|high fashion designer|fashion design expert|textile specialist|fashion expert|sportswear designer|fashion specialist|childrenswear designer|textile expert|apparel stylist|fashion artist|apparel designer|fashion designers
reprographics technician,print room operator|print room technician|reprography technician|mailroom specialist|reprographics administrator|reprographics specialist|copy machine operator|reprographics operator|reprographic process technician|mailroom technician|reprographics assistant|print room specialist|reprographics associate|reprographic process specialist|reprography operator|reprography specialist
international relations officer,international manager|inter governmental cooperation officer|international development officer|international relations director
cloud software developer,cloud and infrastructure specialist|cloud solutions specialist|cloud consultant|cloud deployment specialist|cloud technical specialist|cloud administrator|full stack cloud software engineer|cloud infrastructure it specialist
desktop publisher,financial desktop publisher|desktop designer|electronic pre-press technician|dtp operator|advanced desktop publilsher|desktop-publishing editor|desktop publishing graphic designer|electronic-publishing specialist|publications specialist|electronic publisher|web publications designer|layout editor|senior desktop publisher
capsule filling machine operator,filling machine operator|pharmaceutical machine operator|capsule machine operative|pharmaceutical machine operative|capsule filler|capsule machine operator
robotics engineering technician,robotics engineering technologist|robot technician|technician in robotic systems|robot technologist|automation control engineering inspector|robotics inspector|technologist in robotics|robotics technician|robot engineering inspector|automation engineering inspector|robot engineering technologist|robotic systems technician|technologist in robotics engineering|robotics technologist|robotics mechanic|robotics systems technologist|technician in robotics engineering|robot inspector|technician in robotics|robotics engineering mechanic
market research interviewer,marketing recruiter|market research analyst|market research representative|phone interviewer|mystery shopper|survey interviewer|research interviewer|public opinion researcher
finished leather warehouse manager,finished leather warehouse operations manager|finished leather warehouse supervisor|finished leather warehouse managers|finished leather warehouse forewoman|finished leather warehouse foreman
motor vehicle parts assembler,motor vehicle parts tester|auto parts assembler|lorry parts assembler|motor vehicle parts inspector|car parts assembler|automotive parts assembler
pipeline superintendent,distribution network planner|distribution network monitoring manager|distribution network manager|pipeline project director|supervisor of pipeline|distribution network strategy planner|pipeline project manager
health and safety officer,public health inspector|health and safety advisor|occupational health nurse|occupational health and safety officer|occupational health officer|occupational hygienist|environmental and occupational heath officer|workplace health and safety advisor
wholesale merchant in waste and scrap,assistant wholesale merchant in waste and scrap|business to business seller in waste and scrap|b2b sales consultant in waste and scrap|senior wholesale merchant in waste and scrap|wholesaler in waste and scrap|business to business sales consultant in waste and scrap|wholesale trader in waste and scrap|wholesale merchandiser in waste and scrap|wholesale buyer in waste and scrap|graduate wholesale merchant in waste and scrap|trainee wholesale merchant in waste and scrap
dance therapist,movement therapist
public finance accountant,finance accountant|public finance officer|treasury accountant|treasury officer|public finance manager|finance accountant of government administration|treasury manager
extract mixer tester,extract mixer|spice sifter|tea blender|mechanical sifter operator
school bus attendant,school bus assistant|school bus transportation attendant|school bus chief attendant|school bus transportation aide|school bus aide|school bus transport aide|school bus transportation assistant
performing arts school dance instructor,dance conservatory trainer|dancing instructor in performing arts school|dance instructor in performing arts school|professor of dance|dance school teacher|performing arts dancing instructor|dance conservatory instructor|performing arts dance instructor|dance school instructor|conservatory dance lecturer|conservatory dance instructor
residential home adult care worker,adult services worker
blockchain architect,decentralized ledger technology specialist|dlt specialist|blockchain technology specialist|dlt architect
road marker,construction worker|road marking machine operator|road marking worker|road marking operative|white line marker|carriageway sign painter|road marking technician|road painter|construction worker (road marking)|road marking operator
sound designer,music and sound artist|sound designer and composer|sound designer and engineer|sound designer & composer|composer & sound designer|audio designer|composer and sound designer|audio engineer and sound artist|sound engineer & designer|sound designer and audio engineer|audio engineer & sound artist|sound designer and music composer|sound artist and audio engineer|sound designer & engineer|sound engineer and designer|music composer and sound designer|audio engineer and sound designer|music composer & sound designer|sound designer & audio engineer|sound designer & music composer
fruit and vegetables shop manager,greengrocers store manager|organic fruit shop manager|organic fruit and vegetable shop manager|greengrocery store manager|fruit shop manager|fruiterer|organic fruit store manager|fruit and vegetables store manager|greengrocer|vegetable shop manager|greengrocers shop manager|fruiterers shop manager|organic vegetable shop manager|greengrocery shop manager|organic fruit and vegetable store manager|greengrocery counter manager|fruiterers store manager|organic vegetable store manager
secondary school teaching assistant,teaching assistant in secondary schools|assistant in secondary school teaching|secondary school instructional assistant|secondary school teaching aide|high school teaching assistant|secondary school paraprofessional|secondary school assistant|secondary school ta|secondary education teaching assistant
heating and ventilation service installer,"hvac heating mechanic|heating instrument inspector|hvacr inspector|air conditioning and refrigeration inspector|ventilation and air-conditioning inspector|heating, ventilation, air conditioning (and refrigeration) service engineer|air conditioning inspector|heating, ventilation and air conditioning mechanic|hvac mechanic"
travel agent,reservations agent|travel booking agent|sales agent|travel sales agent
tooling engineer,tooling engineering expert|toolmaker/tooling engineer|manufacturing tooling engineer|tooling technology engineering adviser|tooling development engineer|tooling engineering specialist|tooling design engineer|press tooling engineer|toolmaker|tools engineer|tooling technology engineering specialist|tooling technology engineering expert|tooling engineering consultant|tooling engineering adviser|tooling technology engineer|tooling technology engineering consultant
licensing manager,assistant international licensing manager|trainee brand licensing manager|senior international licensing manager|graduate brand licensing manager|senior licensing manager|assistant brand licensing manager|trainee licensing and brand manager|graduate licensing and brand manager|trainee licensing manager|graduate international licensing manager|assistant licensing and brand manager|assistant licensing manager|graduate licensing manager|senior licensing and brand manager|senior brand licensing manager|trainee international licensing manager
tunnel boring machine operator,tunneller|tunnelling equipment operator|tbm operator|tunnelling machine operator|tunnelling equipment operative
prop maker,property maker and designer|property maker and set dresser|property maker & modeller|prop maker and modeller|prop modeller & maker|prop maker & modeller|property maker and scenic painter|scenic artist & property maker|property maker & set dresser|prop maker & designer|property modeller and maker|property designer and maker|property designer & maker|property maker and scenic artist|set dresser & prop maker|scenic painter & property maker|prop modeller and maker|prop builder|set dresser and prop maker|scenic painter and property maker|scenic artist and property maker|prop designer and maker|property maker & designer|property modeller & maker|scenic artist and prop maker|prop maker & scenic artist|prop designer & maker|property builder|scenic painter & prop maker|prop maker and scenic painter|prop maker and scenic artist|scenic painter and prop maker|property maker and modeller|prop & puppet maker|set dresser and property maker|prop maker and designer|scenic artist & prop maker|property maker & scenic artist|property maker|property maker & scenic painter|prop maker and set dresser|property & puppet maker|prop maker & scenic painter|set dresser & property maker|prop maker & set dresser
director of compliance and information security in gambling,manager of compliance and information security in gambling|gambing compliance and information security manager|gambling compliance and information security director
recycling specialist,solid waste division supervisor|trainee recycling co-ordinator|recycling and waste reduction specialist|recycling development co-ordinator|supermarket recycling co-ordinator|senior recycling co-ordinator|recycling research specialist|recycling equipment specialist|waste recycling co-ordinator|recycling manager|recycling and reclamation coordinator|recycling specialist advisor|recycling supervisor|recycling management specialist|recycling equipment technician|filling station recycling co-ordinator|recycling team supervisor|recycling and reclamation co-ordinator|waste recycling specialist|recycling programe manager|community recyling coordinator|garden centre recycling co-ordinator|recycling policy specialist|department store recycling co-ordinator|recycling co-ordinator|recycling director|recycling development coordinator|community recycling co-ordinator|hypermarket recycling co-ordinator|reycling development co-ordinator|recycling policy advisor|household recycling coordinator|waste consultant|recycling coordinator|recycling programme manager|outlet centre recycling co-ordinator|waste management consultant|recycling operations manager|recycling inspector|household recycling co-ordinator|waste recovery specialist
financial risk manager,budget and debt advisor|financial risk department manager|bank risk manager
welder,fitter|repair and maintenance technician|gas welder|oxyacetylene welder|repair fitter|naval welder|steel welder|maintenance technician|arc welder|aircraft welder|naval metalworker|construction welder|repair technician|underwater welder|aerospace welder|maintenance welder|marine welder|oxy welder|motor vehicle welder|repair welder|oxy-fuel welder|boiler welder|production welder|welding practitioner
groundwater monitoring technician,environmental protection technician|environmental conservation technician|groundwater protection technician|groundwater laboratory technician|groundwater sampling technician|groundwater monitoring system technician|groundwater technician
refinery shift manager,refinery coordinator|plant and equipment manager (refinery)|refinery shift supervisor|shift supervisor|head of oil refinery|refinery manager|shift manager|battery shift lead
chief technology officer,chief technology officers|it director|chief digital officer|information technology director|cto
microelectronics designer,microelectronics hardware engineer|microelectronics circuit system engineer|microelectronics manufacturing design engineer|microelectronics hardware designer|microelectronics circuit design engineer|microelectronics circuit designer|silicon engineer|microelectronics system engineer|microelectronics system designer|integrated circuit hardware engineer|microelectronics technology design engineer|microelectronics circuit engineer|microelectronics packaging design engineer|microelectronics packaging designer
sports programme coordinator,sports development officer|recreation officer|community development officer|recreation programme coordinator|sports development coordinator
pharmacy technician,technologist in pharmaceuticals|technologist in pharmacy|pharmacy technologist|pharmaceutical technician|pharmaceutical technologist|pharmacy technical assistant|technical assistant in pharmacy|technician in pharmacy|technician in pharmaceuticals
legislative drafter,researcher|parliamentary drafter|parliamentary draughtsman|parliamentary draftsman|parliamentary draftsperson|parliamentary councel
respiratory therapy technician,respiratory care supervisor|respiratory therapist|respiratory technician|breathing technician|oxygen therapy technician|respiratory care assistant
mine planning engineer,mining operations scheduler|mine planning supervisor|mine production scheduler|mine project engineer|surface mine planning engineer
gas distribution engineer,gas distribution system engineer|gas distribution engineering specialist|gas distribution network engineer|gas distribution technology engineering specialist|gas distribution technology engineering consultant|gas distribution process engineer|gas transmission system engineer|gas distribution engineering adviser|natural gas distribution engineer|gas distribution engineering consultant|gas distribution technology engineering expert|gas distributions engineer|lpg distribution engineer|gas distribution technology engineer|gas transmission engineer|gas distribution technology engineering adviser|gas distribution pipeline engineer|gas distribution engineering expert|gas distribution research engineer|natural gas transmission system engineer
insurance risk consultant,risk and insurance consultant|insurance analyst|insurance adviser|insurance consultant|insurance risk associate|insurance risk surveyor
video artist,interactive video artist|video effects artist|visual technician|graphics & video artist|visual manipulator|visuals artist|graphics and video artist|video graphics artist|video manipulator
leather goods quality technician,quality technologist|leather goods quality technologist|leather goods quality specialist|leather goods quality engineer
pharmacist,practitioner of pharmacy|pharmacologist|pharmacology practitioner|dispensing chemist|retail pharmacist|practitioner of pharmacology|pharmacy practitioner
road construction supervisor,supervisor of road construction|road construction project supervisor|clerk of works|supervisor of road construction operations|road construction foreman|highway construction supervisor|road construction clerk of works|surfacing supervisor
rolling stock engineer,locomotive engineer|rolling stock engineering consultant|carriage designer|multiple unit engineer|rail vehicle designer|wagon designer|wagon engineer|rolling stock technology engineer|rail vehicle engineer|rolling stock engineering specialist|rolling stock technology engineering specialist|rolling stock engineering adviser|railcar engineer|rolling stock technology engineering adviser|railway vehicle designer|rolling stock technology engineering expert|rolling stocks engineer|multiple unit designer|locomotive designer|rolling stock engineering expert|traction engineer|railcar designer|railway vehicle engineer|rolling stock technology engineering consultant|rolling stock designer|carriage engineer
pump operator,fire fighter assistant|fireman assistant|fire appliance pump operator|fire engine pump operator|firewoman assistant|firefighter assistant
zoo educator,learning officer|visitor educator|education instructor|schools engagement officer|educator|guest experience assistant|conservation educator|aquarium educator|engagement officer
mine control room operator,mining supervisor|panel controller|mine monitor|mining control room operator|mine operator|mining operations supervisor
glove maker,glove manufacturers|industrial leather gloves manufacturer|sports glove manufacturer|glove manufacturer
vehicle cleaner,automotive cleaner|rental fleet vehicle cleaner|truck cleaner|car cleaner|van valeter|truck valeter|van cleaner|vehicle body valeter|used vehicle cleaner|motor vehicle cleaner|motor vehicle valeter|vehicle body cleaner|new vehicle clearer|car valeter|automotive valeter
distillery miller,distillery grain mill worker|distilling miller|distillery grain miller|distillery mill worker
electrical transmission system operator,electricity transmission system worker|electric powerline system worker|electricity power line system worker|electricity transmission system technician
animal shelter worker,animal shelter helper|animal washer|animal shelter employee|animal shelter assistant|animal helper
diagnostic radiographer,expert diagnostic radiographer|practitioner of diagnostic radiography|senior diagnostic radiographer|specialist diagnostic radiographer|radiologic technologist|diagnostic imaging radiographer|diagnostic radiography practitioner|diagnostic imaging radiology technologist
head of workshop,head of scenic workshop|deputy workshop manager|workshop coordinator|scenic workshop manager|stage workshop supervisor|theater crafstmanship coordinator|head of set workshop|theatre craftsmanship coordinator|deputy workshop supervisor
sewing machine operator,custom sewer|garment maker|serger machine operator|computer stitcher|flat sewing machine operator|joiner|edging machine operator|fastener sewing machine operator|sewing machine tender|hook and eye machine operator|clothing machinist|stitching machinist|pleating machine operator|bartack machinist
aircraft gas turbine engine overhaul technician,aircraft gas turbine engine maintenance technician|aviation gas turbine engine maintenance technician|aviation gas turbine engine repair technician|aeroplane engine mechanic|aircraft gas turbine engine repair technician|aeroplane gas turbine engine maintenance technician|aeroplane gas turbine engine repair technician|aircraft gas turbine engine installation technician
interpretation agency manager,language translation agency director|language translation agency supervisor|translation service manager|language interpretation service manager|language interpreter|language translation service manager|language interpretation agency supervisor|language interpretation agency director|translation agency manager|interpretation agency director|interpretation agency supervisor|language translation agency manager|language interpretation agency manager|language translator
food safety inspector,quality controller|quality inspector|food quality inspector|food safety officer
metalworking lathe operator,spinning lathe operator|tool lathe|metal working lathe operator|tool lathe setter|metal spinning operator|brake drum operator|lathe scalper operator
leather finishing operator,milling drum operator|finishing machinist|plating machine operator|leather embossing machine operator|finishing range operator|leather finishing coating machine operator|finisher|finishing operators|spray booth operator
"import export manager in computers, computer peripheral equipment and software","senior import manager in computers, computer peripheral equipment and software|international trade manager in computers, computer peripheral equipment and software|senior export manager in computers, computer peripheral equipment and software|customs compliance manager in computers, computer peripheral equipment and software|trainee import manager in computers, computer peripheral equipment and software|graduate export manager in computers, computer peripheral equipment and software|assistant import manager in computers, computer peripheral equipment and software|trainee import export manager in computers, computer peripheral equipment and software|assistant import export manager in computers, computer peripheral equipment and software|trainee export manager in computers, computer peripheral equipment and software|international trade compliance manager in computers, computer peripheral equipment and software|assistant export manager in computers, computer peripheral equipment and software|graduate import export manager in computers, computer peripheral equipment and software|graduate import manager in computers, computer peripheral equipment and software|senior import export manager in computers, computer peripheral equipment and software"
polygraph examiner,polygraph instructor|polygraph operator|signals analyst|polygraphist|lie detector operator|polygraph technician|lie detector examiner
animal behaviourist,ethologist|animal behaviour expert|animal behaviour specialist|animal behavior specialist|animal behavior expert|animal behavior therapist|animal behaviorists|animal behaviour therapist
metal production supervisor,mechanical supervisor|metal fabricating supervisor|melter supervisor|metal production overseer|metal fabrication supervisor|metal fabrication manager|metal fabricating manager|mechanical operations supervisor|melter manager|metal-production superintendent|metal production superintendent
beverage filtration technician,beverage filtration worker|drink filter operator|beverage filtration expert|drinks filtration worker
composer,music producer|jingle writer|music composer and producer|film music composer|theater music composer|music producer & composer|sound track composer|songwriter|theatre music composer|computer composer|singer-songwriter|music composer|electronic music producer|music producer and composer|electro musician|music composer & producer
psychology lecturer,senior lecturer in psychology|university psychology lecturer|lecturer of psychology|instructor in psychology|psychology docent|lecturer in psychology|psychology professor|university lecturer in psychology|lector in psychology|specialist lecturer in psychology|professor of psychology|higher education psychology teacher|psychology instructor|psychology teacher|psychology lector
department store manager,department store general merchandise manager|retail sales manager|outlet store manager|senior department store manager|general retail manager|department store general store manager|department shop manager|assistant department store manager|graduate trainee department store manager|manager in department store|trainee department store manager
wood boring machine operator,wood drilling machine technician|wood boring worker|wood boring machine worker|wood boring machine setter|wood boring machine tender|wood boring machine technician|wood boring machine operative|wood boring technician|wood borer|wood boring machine specialist|wood boring mill operator|wood drilling machine operator|wood boring mill specialist|wood boring specialist|wood boring mill technician|wood drilling machine specialist
door supervisor,bouncer|disco doorman|nightclub doorman|bar doorman
meat preparations operator,meatworker|meat processing worker|abbatoir worker|meat worker
real estate investor,property investor|property entrepreneur|land investor|investor in real estate|land entrepreneur|real estate entrepreneur|real estate entrepreneurs|real estate investing expert
wood products assembler,wood products assembly worker|wood products constructor|wood products joiner|stair assembler|wood products fabricator|door assembler|staircase assembler|wood products maker|cabinet assembler|wood products builder|window assembler|windows assembler|wood products production worker
postman/postwoman,courier|in house courier|bike courier|motorcycle messenger|postman|postwoman|mailwoman|postal carrier|postal service worker|urban bike messenger|in house messenger|delivery man|bike messenger|mailman|bicycle messenger|driver messenger|delivery woman|mail carrier
hydropower technician,wave power technician|hydropower mechanical technician|tidal power technician|hydropower mechanical engineer|hydropower plant technician|hydroelectric mechanical engineer|hydroelectric technician|marine energy technician|hydroelectric plant technician
music and video shop manager,music and video store manager|musical instrument shop manager|cd shop manager|musical instrument store manager|music shop manager|record store manager|sheet music store manager|video shop manager|record shop manager|music superstore manager|cd store manager
broadcasting programme director,television program director|broadcasting program director|content director|radio program director|program planner|television programme director|broadcasting program manager|radio programme director|tv programme director|programme controller|broadcasting programme manager|programme planner|broadcasting program coordinator|program controller|tv program director
microsystem engineer,engineer in microsystems|microsystems engineer|specialist in microelectromechanical systems|engineer in micro-systems|advanced mems engineer|microsystem technology engineering adviser|microsystem engineering specialist|engineer of microsystems|microsystem engineering consultant|mems engineer|senior mems engineer|microsystem technology engineer|microsystem engineering expert|microelectromechanical systems engineer|microsystem technology engineering expert|microsystem technology engineering consultant|micro system engineer|micro systems engineer|microsystem technology engineering specialist|microsystem engineering adviser|micro-system engineer|micro-systems engineer
physicist,physics scholar|forensic physicist|neurologist|physics analyst|physics scientist|physics researcher|medical physicist|petrophysicist|nuclear physicist|ballist physicist|biophysicist|physics research scientist|physics science researcher
usher,court usher|event usher|usher supervisor|groomsman|ticket taker|church usher
book-sewing machine operator,thread book sewing machine technician|paper stitching machine technician|thread book-sewing machine operator|paper stitching machine operator|thread book sewing machine operator|thread book sewing machine specialist|book-sewing machine tender|thread book-sewing machine tender|paper stitching machine specialist|paper stitcher|stitching machine operator|book-sewing machine specialist|book-sewing machine technician
power electronics engineer,power electronics design engineer|power electronics engineering consultant|power electronics engineering specialist|engineer of power electronics|power electronics testing engineer|power electronics engineering expert|solar inverter power electronics engineer|power electronics technology engineer
aircraft marshaller,aeroplane signal crewman|aeroplane ground handler|aeroplane marshaller|aircraft ground handler|ground marshaller|aircraft signal crewman|marshaller|marshaller of aircraft|aircraft ground marshaller
water plant technician,water plant quality technician|water plant maintenance technician|water plant monitoring technician|water plant equipment maintenance technician|water plant repair technician|water plant measurement technician|water plant worker|water plant operative|water treatment plant operative|water treatment plant worker|water treatment plant operator|water plant operator|water treatment technician
gravure press operator,rotogravure technician|gravure technician|engraving press operator|gravure press operative|gravure printing press tender|rotogravure press operator|gravure press worker|rotogravure printing machine tender|gravure press technician|rotogravure specialist|rotogravure press specialist|gravure press specialist|rotogravure press technician|gravure printing machine operator|rotogravure printing press operator|rotogravure press rolltender|gravure press tender|gravure press rolltender|gravure printing machine tender|rotogravure operator|gravure operator|engraving press tender|gravure specialist
wholesale merchant in office machinery and equipment,office furniture wholesale trader|wholesale broker in office machinery and equipment|wholesale representative in office machinery and equipment
"hides, skins and leather products distribution manager","graduate hides, skins and leather products distribution manager|trainee hides, skins and leather products distribution manager|hides, skins and leather products supply chain manager|hides, skins and leather products distribution planner|assistant hides, skins and leather products distribution manager|hides, skins and leather products logistics manager|hides, skins and leather products logistics planner|senior hides, skins and leather products distribution manager|hides, skins and leather products supply chain planner"
speech and language therapist,psychomotor specialist|logopaedist|paediatric speech and language therapist|language therapist|logopaedics therapist|speech-language pathologist|speech therapist|language therapy practitioner|speech pathologist|practitioner in speech and language therapy|speech therapy practitioner|paediatric speech therapist|specialist speech and language therapist
wholesale merchant in watches and jewellery,wholesale merchant in watches and jewelry|business to business sales consultant in watches and jewellery|trainee wholesale merchant in watches and jewellery|b2b sales consultant in watches and jewellery|wholesaler in watches and jewellery|wholesale trader in watches and jewellery|wholesale merchandiser in watches and jewellery|wholesale buyer in watches and jewellery|graduate wholesale merchant in watches and jewellery|business to business seller in watches and jewellery|senior wholesale merchant in watches and jewellery|assistant wholesale merchant in watches and jewellery
printmaker,printmaking artist|lithographer|illustrator & printmaker|illustrator and printmaker|screen printer|artist printmaker|relief printer|silk screen printer|printmaking etcher|designer printmaker
aquaculture rearing technician,fish rearing technician|technician in aquaculture rearing|fish culturist
dryer attendant,food products dryer operator|drying attendant|dryer|drying worker
poultry sexer,sexer|chicken sexer|poultry sex identification specialist|turkey sexer|chick sexer|poultry gender tester
co-pilot,aircraft co-pilot|multi-crew pilot|aircraft first officer
assayer,chemical analyst|gold assayer|precious metal assayer|metal tester|geo-science technician|silver assayer|assay laboratory technician|fire assayer|mining assayer|metal assayer|mineralogy assayer
materials handler,storage worker
import export specialist in live animals,senior import export specialist in live animals|senior export specialist in live animals|graduate import specialist in live animals|senior import specialist in live animals|international trade compliance specialist in live animals|assistant export specialist in live animals|trainee import specialist in live animals|graduate export specialist in live animals|assistant import specialist in live animals|graduate import export specialist in live animals|trainee import export specialist in live animals|customs compliance specialist in live animals|trainee export specialist in live animals|assistant import export specialist in live animals
traditional chinese medicine therapist,tcm specialist|therapist in traditional chinese medicine|therapist in tcm|chinese medicine therapist|specialist in traditional chinese medicine|traditional chinese medicine practitioner|tcm practitioner|tcm therapist|practitioner of traditional chinese medicine
rolling stock engine tester,multiple unit engine tester|rail vehicle engine tester|diesel engine tester|electric engine tester|railcar engine tester|locomotive engine tester|railway vehicle engine tester
business studies and economics teacher secondary school,business studies and economics teacher|teacher of economics in high school|business studies and economics teacher high school|high school business studies and economics teacher|high school business studies teacher|teacher of business studies and economics in secondary schools|teacher of business studies and economics in high school|teacher of business studies in high school|secondary school economics teacher|high school economics teacher|secondary school business studies and economics teacher|secondary school business studies teacher
nature conservation officer,forester|park ranger|fish and game warden|countryside ranger|zoo field conservation officer|heritage coast warden|wildlife control agent|conservation programmes officer|conservation officer|heritage coast ranger|environmental enforcement officer
leather raw materials purchasing manager,leather purchasing and inventory co-ordinator|leather raw materials purchaser|leather raw materials purchase officer|hide purchasing manager|leather raw materials procurement manager|leather raw materials purchasing managers|hide raw materials purchasing executive|leather raw materials buyer|hide purchasing expediter
art teacher secondary school,art teacher|teacher of art in high school|high school art tutor|secondary school art teacher|high school art teacher|art teacher in high school|art tutor in high school|art tutor in secondary school|art teacher high school|teacher of art in secondary school|secondary school art tutor
jewellery and watches specialised seller,diamond specialised seller|diamonds and precious metal jewellery specialised seller|diamond salesperson|jewelry and watches specialized seller|jewellery salesperson|luxury watches and diamond jewellery specialised seller|diamonds and precious metal jewellery salesperson|jewellery specialised seller|jewellery and watches salesperson|diamonds and jewellery salesperson|luxury watches and diamond jewellery salesperson
ict information and knowledge manager,chief technology officer|ict knowledge manager|ict information manager|it information manager|it information and knowledge manager|it knowledge manager
fluid power engineer,fluid power assembler|fluid power engineering operator|fluid power maintenance supervisor|fluid power assembly engineer|fluid power engineering specialist|fluid power engineering adviser|fluid power technology engineer|fluid power engineering inspector|fluid power engineer installer|fluid power technology engineering expert|fluid power engineering consultant|fluid power tester|fluid power maintenance engineer|fluid power technology engineering adviser|fluid power engineering supervisor|hydraulic fluid power engineer|fluid power assembly supervisor|fluid power engineers|fluid power engineering expert|fluid power technology engineering consultant|fluid power technology engineering specialist|fluid power testing engineer
ski instructor,ski teacher|ski and snowboard instructor|ski & snowboard instructor|ski coach|skiing instructor|ski trainer|cross-country ski instructor
knowledge engineer,linked data engineer|taxonomist|knowledge officer|information engineer|knowledge engineers
kitchen and bathroom shop manager,kitchen superstore manager|home improvements shop manager|diy superstore manager|kitchen and bathroom store manager|bathroom store manager|home improvements superstore manager|kitchen and bathroom showroom manager|bathroom showroom manager|bathroom superstore manager|kitchen showroom manager|home improvements store manager|kitchen and bathroom superstore manager|bathroom shop manager|kitchen store manager|kitchen shop manager
ict network administrator,network manager|network specialist|network administrators|network support|networks administrator
milk reception operator,milk dairy worker|milking operator|milk worker|milk reception operative
aircraft maintenance engineer,aviation systems technician|air transportation engineer
chemical plant manager,chemical plant technial manager|chemical plant operations executive|manager of chemical plant|chemical production plant managing director|chemical production facility manager|plant managing director|chemical plant technical director|chemical processing plant manager|chemical plant operations manager|chemical production plant manager|manager of chemical processing plant|chemical plant managing director|chemical production process manager|chemical plant supervisor|chemical plant superintendent
train driver,engine driver|locomotive engineer|metro driver|passenger train driver|train operator|passenger engine driver|driver of trains
vocational teacher,vocational college lecturer|vocational instructor|vocational university tutor|vocational educator|vocational college teacher|vocational tutor|vocational teaching assistant|career and technology teacher|technical institute teacher|vocational education teacher|technological institute teacher|vocational university teacher|vocational lecturer
fertiliser mixer,fertilizer mixing machine operative|fertilizer mixing machine operator|mixer of fertilizer|mixer of fertiliser|fertiliser mixing machine operator
hospitality establishment receptionist,reception worker|reservations clerk|hotel receptionist|reception assistant|reception area clerk
monitoring and evaluation officer,monitoring and reporting analyst|mel officer|social impact assessment specialist|economic impact assessment officer|evaluator|m&e officer|monitoring and evaluation specialist|social impact assessment analyst|impact assessment manager|meil officer|research and evaluation officer|evaluation officer|mel project officer
airport maintenance technician,specialist in airport maintenance|airport maintenance technical officer|technician in airport maintenance|airport maintenance officer|maintenance technician at airports|airport maintenance specialist|maintenance specialist at airports
refrigeration air condition and heat pump technician,refrigeration mechanic|refrigeration service technician|heat pump service technician|heat pump technician|air conditioning technician|heat pump installation technician|refrigeration installation technician|air conditioning installation technician|air conditioning service technician
logistics and distribution manager,logistics director|logistics supply chain coordinator|distribution and logistics manager|logistics manager|manager of logistics and distribution|supply chain logistics manager|planning and logistics manager|distribution logistics manager|distribution & logistics manager|logistics coordinator|logistics operations manager|distribution coordinator|logistics and distribution director|director of logistics and distribution|logistics & distribution manager
terrazzo setter supervisor,terrazzo team supervisor|terrazzo layer supervisor|terrazzo setter foreman|terrazzo flooring supervisor|concrete flooring supervisor|epoxy terrazzo setter supervisor|poured flooring supervisor|terrazzo worker supervisor|terrazzo team foreman
sport facility manager,swimming pool manager|sport hall manager|stadium manager|sport venue manager|fitness club manager|director
microelectronics smart manufacturing engineer,microelectronics manufacturing professional|microelectronics technology expert|microelectronics technology engineer|engineer of microelectronics technology|microelectronics production adviser|microelectronics production supervisor|microelectronics productions specialist|microelectronics production engineer|smart production expert|smart manufacturing engineer|microelectronics technology consultant|microelectronics manufacturing engineer
toys and games specialised seller,toy and game superstore specialised seller|toy salesperson|toy and game superstore salesperson|kids toy shop specialised seller|models and games salesperson|kids toy shop salesperson|games specialised seller|kids toys and games specialised seller|games and toys specialised seller|models and games specialised seller|toy superstore salesperson|models and collectibles shop salesperson|toy specialised seller|models and collectibles specialised seller|toys and games specialized seller|toy superstore specialised seller|kids toys specialised seller|models and collectibles salesperson|kids toys salesperson|games and toys salesperson|games salesperson|kids toys and games salesperson
auxiliary nursing and midwifery vocational teacher,vocational teacher in auxiliary nursing and midwifery|auxiliary nursing and midwifery teacher|auxiliary nursing and midwifery instructor|auxiliary nursing and midwifery vocational trainer|educator in auxiliary nursing and midwifery|auxiliary nursing and midwifery vocational instructor|trainer in auxiliary nursing and midwifery|vocational educator in auxiliary nursing and midwifery|instructor in auxiliary nursing and midwifery
clinical trial assistant,clinical research assistant|clinical research associate
occupational therapy assistant,technician in occupational therapy|occupational therapy rehabilitation assistant|ot assistant|assistant in occupational therapy|ot support worker|support worker in occupational therapy
non-destructive testing specialist,non-destructive testing technology expert|non-destructive testing technologist|nondestructive test specialist|nondestructive testing specialist|non-destructive testing technician|non-destructive testing technology specialist|non-destructive testing assistant|non-destructive test specialist
hair stylist,hair & wig stylist|hair and wig stylist|hair & wig artist|hair and wig artist|hair artist|hair stylist & make up artist
palaeontologist,palaeontology scholar|palaeontology science researcher|micropalaeontologist|palaeontology scientist|palaeontology researcher|palaeoecologist|palaeontology research scientist|palaeontology analyst|ichnologist|palaeontology research analyst
guitar maker,guitar technician|stringed instrument inspector|stringed instrument tester|guitar quality inspector|guitar tester|stringed instrument builder|guitar inspector|stringed instrument quality inspector|stringed instrument quality tester|guitar craftsman|guitar craftswoman|guitar quality tester|guitar builder
chief information officer,it director|chief information officers|cio
election agent,campaign manager|parliamentary agent|electorate officer|elections officer
electronics production supervisor,production line supervisor|electronics production line supervisor|supervisor in electronics manufacturing|supervisor of electronics production line|production supervisor in electronics manufacturing|electronics production manager|manager in electronics manufacturing|electronics manufacturing manager|electronics manufacturing supervisor
car driving instructor,driving instructor|driver education instructor|car driver instructor|car driver training instructor|automobile driving instructor|car driving training instructor
translation agency manager,language translation agency director|language translation agency supervisor|translation service manager|language interpretation service manager|language translation service manager|language interpretation agency supervisor|language interpretation agency director|interpretation agency director|interpretation agency supervisor|language translation agency manager|language interpretation agency manager
tool grinder,lead tool grinder|precision tool grinder|tool sharpener|operator of tool and cutter grinder|grinder|tool cutter and grinder|toolgrinder|cnc operator of tool and cutter grinder
contract engineer,subcontractor engineer|contract engineering expert|contractor engineer|contract engineering consultant|contract engineering specialist|contract engineering adviser
engine minder,on board engine minder|canal narrowboat engine minder|narrow boat crew member|narrowboat crew member|narrow boat engine minder|vessel engine operator|canal boat crew member|canal boat engine minder|canal narrowboat crew member|barge crew member|barge engine minder|narrowboat engine minder|ship engine operator|engine minder on vessels
rolling stock assembler,rolling stock builder|locomotive builder|carriage builder|wagon builder|railway vehicle builder|rail vehicle builder|railcar builder|multiple unit builder|carriage assembly worker|railcar assembly worker|multiple unit assembly worker|rail vehicle assembly worker|railway vehicle assembly worker|rolling stock assembly worker|rail vehicle assembler|railcar assembler|locomotive assembler|railway vehicle assembler|locomotive assembly worker|multiple unit assembler|wagon assembly worker|wagon assembler|carriage assembler
"import export specialist in computers, peripheral equipment and software","senior import export specialist in computers, peripheral equipment and software|international trade compliance specialist in computers, peripheral equipment and software|assistant import export specialist in computers, peripheral equipment and software|senior export specialist in computers, peripheral equipment and software|trainee import export specialist in computers, peripheral equipment and software|trainee export specialist in computers, peripheral equipment and software|graduate export specialist in computers, peripheral equipment and software|customs compliance specialist in computers, peripheral equipment and software|assistant import specialist in computers, peripheral equipment and software|graduate import specialist in computers, peripheral equipment and software|graduate import export specialist in computers, peripheral equipment and software|senior import specialist in computers, peripheral equipment and software|trainee import specialist in computers, peripheral equipment and software|assistant export specialist in computers, peripheral equipment and software"
family planning counsellor,sexual health lead|family planning advisor|reproductive health advisor|family planning social counsellor|sexual health advisor|senior sexual health advisor|pregnancy advisor|family planning counselor|family planning clinic advisor
fish production operator,fish products production operative|fish products manufacture specialist|fish production worker|fish products operator
news anchor,newscaster|business news anchor|news broadcaster|news presenter|tv news anchor|anchor|chief anchor|tv news presenter|broadcast news analyst|newsreader|radio news presenter|anchorman|lead anchor|anchorwoman|television news anchor
rolling stock engine inspector,traction engineering technician|locomotive engine inspector|wagon engine inspector|railway depot repair inspector|railway vehicle engine inspector|rolling stock repair inspector|railway workshop repair inspector|carriage engine inspector|rail vehicle engine inspector|rail depot repair inspector|depot repair inspector|rail vehicle repair inspector|multiple unit engine inspector|rail workshop repair inspector|workshop repair inspector|railcar engine inspector
gate guard,gateman|gate keeper|security gate attendant|security entrance attendant|gate attendant|plant gatekeeper|gatewoman
aquatic animal health professional,aquaculture health specialist|marine animal health expert|aquatic animal health adviser|aquaculture health professional|aquatic marine health specialist|aquatic animals health professional|aquatic marine health adviser|aquaculture health expert|aquaculture health adviser|aquatic animal health expert|aquaculture health consultant|aquatic animal health specialist|aquatic marine health consultant|aquatic animals health specialist|aquatic animal health consultant
cost analyst,quantity surveyor|cost accountant|cost accounting clerk|cost recovery estimator|cost and budget analyst|cost accounting officer|cost estimator
event assistant,events assistant|event coordinator|conference and event coordinator|special event assistant|conference and event assistant
clothing cad technician,clothing cad specialist|clothing computer-assisted designer technician|clothing computer aided designer technician|clothing cad operator|fashion cad technician|cad fashion designer
soil surveying technician,geologist|mineral technician|geological technician|soil technician|soil scientist|land survey technician|field survey technician|surveyor|mineral technologist|field surveyor|survey technician|geological technologist
pet sitter,pet sitters|companion animal sitter|dog sitter|dog walker|cat sitter|animal sitter|animal carer|dog visitor
plastic furniture machine operator,plastic furniture production process worker|plastic furniture maker|plastic furniture production operative|plastic furniture assembly worker|plastic furniture machine setter|plastic furniture manufacturer|plastic furniture assembler|plastic furniture machine tender|plastic furniture machine operative|plastic furniture machine worker
prepared meat operator,meat process worker|meat machine operator|meat processor|meat manufacturer
"import export manager in mining, construction and civil engineering machinery","senior export manager in mining, construction and civil engineering machinery|graduate import manager in mining, construction and civil engineering machinery|assistant import manager in mining, construction and civil engineering machinery|senior import manager in mining, construction and civil engineering machinery|assistant import export manager in mining, construction and civil engineering machinery|graduate export manager in mining, construction and civil engineering machinery|graduate import export manager in mining, construction and civil engineering machinery|international trade compliance manager in mining, construction and civil engineering machinery|trainee import manager in mining, construction and civil engineering machinery|customs compliance manager in mining, construction and civil engineering machinery|senior import export manager in mining, construction and civil engineering machinery|assistant export manager in mining, construction and civil engineering machinery|international trade manager in mining, construction and civil engineering machinery|trainee import export manager in mining, construction and civil engineering machinery|trainee export manager in mining, construction and civil engineering machinery"
stunt performer,film and television stunt performer|stunt action performer|stunt fight performer|film and tv stunt performer|film & television stunt performer|stunt man|stunt artist|stunt woman|equine stunt performer|stunt double|daredevil|stuntwoman|film & tv stunt performer|fight performer
tax clerk,tax compliance officer|tax collection clerk|fiscal clerk|tax collection officer|tax collection assistant|tax revenue officer
sales engineer,coach sales engineer|pcv sales engineer|bus sales technician|bus and coach sales technician|heavy vehicle sales technician|lgv sales technician|light vehicle sales technician|lgv sales engineer|bus and coach sales engineer|coach sales technician|heavy vehicle sales engineer|bus sales engineer|pcv sales technician|light vehicle sales engineer
armed forces training and education officer,military training and education officer|armed forces instructor|military trainer|military academy instructor|military instructor|armed forces educator|armed forces trainer|training and education officer in armed forces
community care case worker,independent living coordinator|community care social worker|domiciliary care manager|domiciliary care supervisor
funeral services director,crematorium supervisor|funeral home worker|mortician|cemetery caretaker|crematorium operator|bereavement manager|cemetery manager|crematorium technician|burial ground custodian|funeral director
textile technologist,textile manufacturing department manager|analytical textile technologist|textile engineer|fabric technologist|textile technology officer
textile quality inspector,quality textile inspector|textile quality analyst|textile quality assurance inspector|textile products inspector
sensory scientist,sensory and consumer research scientist|consumer and sensory scientist|sensory science consultant|sensory research scientist|chocolate scientist|perfumery sensory scientist|sensory science specialist|bakery scientist|sensory science advisor
deburring machine operator,burring bench operator|deburrer|deburring and tooling machine technician|burring wheel operative|burr bench operator|burr bench hand|burring wheel technician|deburr machine operative|burring wheel operator|tooling machine technician|burr tooling operator|deburring and tooling machine operator|tooling machine operator
sawmill operator,sawmill supervisor|sawmill operative|sawing machine operator|cross cut operator|sawmill machine operator|sawmill worker|sawmill tender
user interface developer,user interface engineer|user interface developers|ui programmer|front end developer|ui developer|ui developers
automated assembly line operator,production line worker|production line maintenance operative|automated assembly line team member|automated assembly line worker|production line maintenance worker|production line operative|automated assembly line operative
mineralogist,environmental mineralogist|offshore mineralogist|mineralogy expert|mineralogy consultant|process mineralogy consultant|process mineralogist|applied mineralogist
roustabout,oil rig leasehand
warfare specialist,electronic warfare specialist|electronic warfare operator|defence analyst|surveillance operator|defence specialist
electrical engineer,electrical technology engineering consultant|electrical engineering specialist|engineer in electrical systems|electrical engineering consultant|electrical systems engineer|engineer in electrical design|practitioner of electrical engineering|electrical technology engineer|senior electrical engineer|electricity engineer|automotive electrical engineer|electrical technology engineering specialist|electric engineer|electrical equipment engineer|electrical technology engineering adviser|advanced electrical engineer|electrical engineering expert|stationary applications electrical engineer|electrical design engineer|battery electrical engineer|electrical engineering practitioner|electrical engineering adviser|mine electrification electrical engineer|electrical technology engineering expert
concrete products machine operator,pre-cast concrete products machine operator|concrete pipe machine operator|concrete moulding machine operator|cement plant worker|cement and concrete plant worker|concrete precast moulder
mountain guide,climbing guide|alpine guide|mountain holiday leader|mountain walking guide|outdoor leader|hiking guide|mountain leader|ski-touring guide|mountain safety coach|outdoor activities centre worker|rock climbing guide|expedition guide|ski guide|expedition leader
domestic appliances specialised seller,electrical home appliances salesperson|electrical appliances specialised seller|domestic appliances superstore salesperson|home and electrical appliances shop specialised seller|electrical household goods specialised seller|electrical household goods salesperson|electrical superstore specialised seller|domestic appliances specialized seller|home and electrical appliances shop salesperson|electrical appliances salesperson|electrical superstore salesperson|domestic appliances salesperson|domestic appliances superstore specialised seller|electrical home appliances specialised seller
chemical products distribution manager,chemical products supply chain planner|chemical products distribution planner|chemical products supply chain manager|graduate chemical products distribution manager|chemical products logistics manager|trainee chemical products distribution manager|chemical products logistics planner|assistant chemical products distribution manager|senior chemical products distribution manager
set designer,"scene designer|scenic artist and designer|scenographer|exibition designer|scenery artist|scenic artist|scenic designer|scenic designer and artist|theater designer|scenic designer & artist|set designer, builder & dresser|scenic artist & designer|theatre designer"
carpenter supervisor,joiner supervisor|carpentry overseer|carpentry foreman|joinery supervisor|supervisor of carpentry operations|timber workshop supervisor|joinery shop supervisor|carpentry supervisor|framer supervisor
chemistry technician,chemistry laboratory assistant|chemistry lab technician|nuclear laboratory technician|nuclear chemistry technician|chemistry assistant|production chemistry technician|manufacturing chemistry technician|radiochemistry technician|chemical test technician|chemical analysis technician|chemistry laboratory technician
clothing finisher,clothes finisher|clothing packer
dairy products manufacturing worker,dairy products worker|dairy plant worker|dairy production worker|dairy plant employee
nurse assistant,healthcare nurse|state enrolled nurse|assistant nurse|nursing auxiliary|auxiliary nurse|assistant nursing practitioner|sen|nursing assistant|nurse auxiliary
betting manager,casino manager|betting shop coordinator|bingo manager
light board operator,lighting board operator and programmer|lighting operator|lighting board programmer and operator|lighting board programmer & operator|sound & lighting board operator|board operator|lx board operator|lx operator|lighting board controller|light board controller|sound and lighting board operator
ammunition shop manager,hunting equipment shop manager|firearm shop manager|ammunition storekeeper|hunting equipment store manager|weapon store manager|fire weapon store manager|fire weapon shop manager|firearms store manager|weapon shop manager|gun shop manager|ammunition store manager
human rights officer,human rights project officer|human rights program officer|human rights lawyer|human rights programme officer
parking valet,car parker
textile dyer,textile dye colorist|dyeing machine tender|cloth dyer|textile dye colourist|package dyer|textile colourist dyer|beam dye operator|textile dye operator|textile color formulator|fabric dyer|dye colorist|beam dyer|textile colorist dyer
marine mechanic,cargo ship mechanic|container ship mechanic|mechanic on a ship|ship machinist|merchant ship mechanic|cruise ship mechanic|passenger ship mechanic
electrical supervisor,electrical maintenance supervisor|foreman electrician|electrical systems supervisor|electrical service supervisor|electrical maintenance manager|electrician supervisor|electrical installation supervisor
wash deinking operator,deinking operator|wash deinking technician|deinking technician|deinking worker|wash deinking worker|deinking operative|wash deinking operative|wash deinking specialist|deinking specialist
firefighter,fire brigade officer|operational firefighter|senior firefighter|firewoman|fireman|airfield firefighter
miniature set designer,miniature set builder|miniature model set designer|miniature model set designer and builder|miniature set constructor|miniature maker|model designer and maker|miniatures builder|miniature model maker|miniature designer and maker|model set designer|miniature model set designer and maker|model designer and builder|miniature set designer and builder|model set designer and builder
music instructor,specialist music educator|instructor of music in higher education|music conservatory teacher|music conservatory professor|conservatory music teacher|higher education music instructor|music school instructor|music conservatory trainer|specialist practitioner in music instruction|music school lecturer|music conservatory lecturer|music school teacher|music conservatory instructor|specialist instructor of music|conservatory music instructor
vessel engine assembler,dual fuel engine assembler|marine steam engine assembler|marine engine builder|boat engine builder|boat engine assembler|boat engine assembler/tester|electric motor assembler|marine engine assembler/tester|outboard motor assembler|two-stroke diesel engineer assembler|four-stroke diesel engine assembler|lng engine assembler|gas turbine engine assembler|liquid natural gas engine assembler|marine engine assembler|nuclear reactor assembler
filament winding operator,frp winding machine operator|fiberglass container winding operator|fibreglass container winding operator|filament winder operator|winding machine operative|filament winding machine operator|fibreglass pipe winding operator|fibreglass tank winding operator|grp pipe winding operator|filament winder operative|fiberglass pipe winding operator|filament winding machine operative|fiberglass tank winding operator|filament winding machine tender
leisure attendant,pool attendant|fitness club attendant|club attendant|leisure club assistant|weight room attendant|wellness & fitness attendant|fitness assistant|sports attendant|leisure centre assistant|sports assistant|sports club attendant|wellness attendant|fitness attendant
clay products dry kiln operator,dryer kiln operative|drying tunnel operator|dryer kiln operator|clay dryer kiln operator|drying tunnel kiln operative|clay drying tunnel operator|clay roaster|dryer operator|clay kiln operator|clay dryer kiln operative|drying tunnel kiln operator|kiln tender|tunnel drier operator|kiln worker
water traffic coordinator,coordinator in water traffic|waterway traffic planner|marine traffic co-ordinator|water traffic planner|port traffic coordinator|marine traffic planner|dock traffic coordinator
import export manager in electronic and telecommunications equipment and parts,trainee import export manager in electronic and telecommunications equipment and parts|assistant export manager in electronic and telecommunications equipment and parts|senior import export manager in electronic and telecommunications equipment and parts|senior import manager in electronic and telecommunications equipment and parts|trainee import manager in electronic and telecommunications equipment and parts|graduate import manager in electronic and telecommunications equipment and parts|international trade manager in electronic and telecommunications equipment and parts|international trade compliance manager in electronic and telecommunications equipment and parts|customs compliance manager in electronic and telecommunications equipment and parts|graduate export manager in electronic and telecommunications equipment and parts|assistant import manager in electronic and telecommunications equipment and parts|assistant import export manager in electronic and telecommunications equipment and parts|graduate import export manager in electronic and telecommunications equipment and parts|senior export manager in electronic and telecommunications equipment and parts|trainee export manager in electronic and telecommunications equipment and parts
doll maker,porcelain doll maker|dollmaker|doll repairer|porcelain dollmaker|dolls accessories maker|plastic doll maker|dolls house furniture maker|dolls clothes maker|dolls house maker|plastic dollmaker|dolls fashion designer|wooden dollmaker|antique doll repairer|wooden doll maker
import export specialist in watches and jewellery,senior import specialist in watches and jewellery|assistant import export specialist in watches and jewellery|trainee import specialist in watches and jewellery|trainee import export specialist in watches and jewellery|assistant import specialist in watches and jewellery|graduate import export specialist in watches and jewellery|assistant export specialist in watches and jewellery|trainee export specialist in watches and jewellery|senior export specialist in watches and jewellery|import export specialist in watches and jewelry|graduate export specialist in watches and jewellery|senior import export specialist in watches and jewellery|customs compliance specialist in watches and jewellery|graduate import specialist in watches and jewellery|international trade compliance specialist in watches and jewellery
grants management officer,grants officer|proposals manager
gas production engineer,gas production engineers|gas production technology engineering expert|gas production technology engineer|gas production technology engineering specialist|gas production engineering specialist|gas production engineering consultant|gas production technology engineering adviser|gas production technology engineering consultant|petroleum production engineer|gas production engineering adviser|gas production engineering expert
fitter and turner,tool and die fitter|tool turner|machine tool turner|electrical turner|machine tool fitter|tool engineering fitter|tool and die turner|assembly line fitter|assembly line turner|tool engineering turner|tool fitter|engineering turner
location manager,film and tv location manager|location coordinator|film location coordinator|film location manager|tv location manager|location director|location scout|film & tv location manager|series location manager|location assistant|set location manager
geography teacher secondary school,geography teacher|geography tutor secondary school|geographical studies high school teacher|high school geography teacher|geographical studies teacher in secondary school|secondary school teacher of geography|geography teacher high school|secondary school geography tutor|teacher of geography in secondary schools
septic tank servicer,septic tank service worker|septic tank emptier|septic tank emptying machine worker|septic tank emptying machine operative|septic tank emptying machine operator|septic tank cleaner|septic tank service operator|septic tank repairer
ict account manager,it service delivery manager|ict key account manager|ict account managers|it account manager|it key account manager
ecologist,environmental scientist|conservationist scientist|aquaculture ecologist|ecologists|wildlife ecologist|conservationist ecologist
goldsmith,gold ring maker|gold earrings fabricator|gold earrings maker|boutique goldsmith|goldsmiths|gold jewellery fabricator|gold ring fabricator|gold jewel smith|silver smith|gold jewellery maker
chief product officer,chief product director|chief product manager|cpo
footwear quality technician,footwear quality engineer|footwear quality control technician|footwear quality analyst
securities underwriter,securities administrator|distribution administrator|security underwriter
private pilot,light aircraft pilot|private airplane captain|private airplane pilot|private aircraft captain|corporate pilot|non commercial flights pilot|air taxi pilot|pilot of private aircraft|pilot of private aeroplanes|private aeroplane pilot|private aeroplane captain|pilot of light aircraft|light air craft charter pilot|pilot of light air-craft|air-taxi pilot|charter pilot|light aircraft charter pilot
stage director,theatre director|stage supervisor|circus director|theater director|scene director
dietitian,dietician|specialist dietician|public health nutritionist
chromatographer,chromatography technician|gas chromatographer|chromatography machine technician|gel permeation chromatographer|chromatography machine operator|thin layer chromatographer|mass spectrometry technician|ion-exchange chromatographer|high performance liquid chromatographer|liquid chromatographer|mass spectrometry specialist|lc-ms specialist|chromatography machine operative
food and beverage packaging technologist,food and beverage packaging expert|food and beverage packaging specialist|food and drinks packaging technologist|food and drinks packaging expert
landfill supervisor,waste disposal compliance supervisor|solid waste processing supervisor|landfill site supervisor|solid waste collection supervisor|solid waste treatment supervisor|waste disposal site compliance supervisor|waste sortation supervisor|solid waste remediation supervisor|solid waste disposal supervisor|waste treatment equipment supervisor
shipwright,shipfitter|ship fitter|ship repair engineer|ship construction worker|boat builder|boat repair engineer|boatbuilder|ship builder|naval engineer/shipwright|submarine shipwright|boat fitter|naval vessel shipwright|ship repairer|boat repairer|shipbuilder|boat construction worker|boatfitter
space science lecturer,professor of astrophysics|higher education space science teacher|lecturer in space sciences|space science docent|space sciences lector|space science instructor|university space science lecturer|university lecturer in space science|space science lector|university space science teacher|space science teacher|lector in space science|senior lecturer in space science|space science professor|lector in space sciences|professor of planetary science|lecturer in space science|professor of astronomy
defence administration officer,civil servant|defense administration officer|defence administration manager|administration officer of defence|administration manager of defence
paint mixer,paint mixer operative|paint mixer worker|paint maker|paint mixer operator|paint production worker|paint production assistant|maker of paint
metal engraver,engraving set up technician|engraving drilling operative|precious metal engraver|engraving drill technician|engraving set up operative|engraving drill operator|engraving mill technician|engraving set up operator|metal hand engraver|engraving set-up operator|engraving mill operator|hand metal engraver|engraving drill operative|engraving mill operative|engraving set-up operative|engraving set-up technician
vineyard manager,manager of a vineyard|winery manager|manager of a winery
motor vehicle engine inspector,electric motor inspector|gas motor inspector|vehicle engine compliance inspector
ict project manager,it projects manager|web project manager|scrum master|it project manager|blockchain manager
pipeline compliance coordinator,pipeline safety inspector|roadside pipeline coordinator|pipeline inspector|pipeline compliance inspector|pipeline compliance and safety inspector|pipeline compliance and safety coordinator|pipeline safety coordinator
power tool repair technician,power compressor inspector|machine repairer|power compressor repairman|power tool maintainer|power tool equipment repairer|power tool repairman|power tool maintenance operative|power tool equipment operative|tool repair inspector|power tool equipment inspector|machine tool repair technician|power tool equipment operator|power tool mechanic|power tool craftsman|power compressor mechanic|power tool maintenance worker|power compression repairer|tool repair technician|hand tool repair technician
carpet handicraft worker,handemade carpet worker|carpet worker|traditional carpet worker|traditional carpet maker|hand carpet maker|carpet maker|carpet weaver
blow moulding machine operator,plastic process machine operator|blow moulding machine operative|plastics production machine operative|blow moulding technician|plastic blow moulding machine operative|plastic blow molding machine operative|plastic blow molding machine operator|blow molding machine operative|plastics production machine operator|plastic blow moulding machine operator|plastics process machine operative|blow molding technician
plastic rolling machine operator,plastic rolling machine worker|plastics processing machine operative|plastic rolling machine tender|plastic rolling machine setter/operator|plastic roll-forming machine operative|plastic rolling machine setter|plastic roll-forming machine tender|plastic roll-forming machine operator|plastic processing machine operator|plastic rolling machine operative|plastic roll-forming machine setter
orthopaedic supply shop manager,surgical suppliers shop manager|orthopaedic supplies store manager|orthopaedic articles shop manager|orthopedic supply shop manager|surgical supplies store manager|orthopedic supply shop manager|orthopaedic articles store manager|orthohouse manager
industrial tool design engineer,industrial tool technology engineering adviser|industrial tool designer|industrial tool technology engineering specialist|industrial tool engineer|industrial tool test engineer|industrial tool engineering expert|industrial tool technology engineering consultant|industrial tool technology engineer|industrial tool production supervisor|industrial tool engineering specialist|tool design engineer|industrial tool developer|industrial tool graphic designer|industrial tool engineering consultant|industrial tool production specialist engineer|industrial tool design producer|industrial tool design quality control supervisor|industrial tool production designer|industrial tool technology engineering expert|industrial tool engineering adviser|industrial tool development engineer|industrial tool design developer
shipping agent,ships agent|owners charterers agent|liner agent|shipping representative|shipping proxy|ship representative|cargo agent|water clerk|port agent|ship local representative|boarding clerk
copy editor,editorial assistant|language editor|senior copy editor|copy-editor
freinet school teacher,freinet teacher|freinet class school teacher|freinet primary school teacher|mouvement de l'école moderne teacher|teacher in freinet school|freinet school instructor|modern school movement methodology teacher|modern school movement teacher|freinet school educator|freinet school teaching practitioner|freinet pedagogy teacher|teacher in freinet primary school
political affairs officer,political consultant|political aide|political advisor|political campaign officer|campaigner|lobbyist|advocacy and political affairs officer|political-military affairs officer|senior political affairs officer|prime minister adviser|president adviser
"wholesale merchant in agricultural raw materials, seeds and animal feeds","business to business seller in agricultural raw materials, seeds and animal feeds|wholesale buyer in agricultural raw materials, seeds and animal feeds|wholesaler in agricultural raw materials, seeds and animal feeds|business to business sales consultant in agricultural raw materials, seeds and animal feeds|senior wholesale merchant in agricultural raw materials, seeds and animal feeds|b2b sales consultant in agricultural raw materials, seeds and animal feeds|graduate wholesale merchant in agricultural raw materials, seeds and animal feeds|wholesale merchandiser in agricultural raw materials, seeds and animal feeds|wholesale trader in agricultural raw materials, seeds and animal feeds|trainee wholesale merchant in agricultural raw materials, seeds and animal feeds|assistant wholesale merchant in agricultural raw materials, seeds and animal feeds"
import export manager in office machinery and equipment,graduate export manager in office machinery and equipment|senior import manager in office machinery and equipment|senior import export manager in office machinery and equipment|graduate import export manager in office machinery and equipment|trainee export manager in office machinery and equipment|trainee import export manager in office machinery and equipment|international trade compliance manager in office machinery and equipment|assistant import export manager in office machinery and equipment|graduate import manager in office machinery and equipment|international trade manager in office machinery and equipment|senior export manager in office machinery and equipment|assistant export manager in office machinery and equipment|assistant import manager in office machinery and equipment|trainee import manager in office machinery and equipment|customs compliance manager in office machinery and equipment
microelectronics engineer,microelectronics technology engineering adviser|microelectronic engineering specialist|microelectronic technology engineering expert|engineer of microprocessors|microelectronic technology engineering specialist|micro electronics engineer|microprocessor engineer|micro-electronic engineer|micro electronic engineer|micro-electronics engineer|microelectronic technology engineering consultant|microelectronic technology engineer|microelectronic engineer|microelectronics design engineer|engineer of microelectronics|microelectronic engineering expert|microelectronic engineering adviser|engineer of micro-electronics|microelectronic engineering consultant
architect,architectural planner|commercial architect|building designer|urban architect|architects|residential architect|architectural designer
database administrator,data base administrators|database administrators|data administrator|dba|database configurator|data base administrator|data manager|database manager
tent installer,tent installer/warehouse worker|tent installation crew member|tent installer & warehouse worker|tent crew installer|tent installation worker|party tent installer|recreational tent installer|field installer|commercial tent installer|tent builder|installation crew member|installer
medical practice manager,medical practice director of operations|general practice manager|health centre administrator|medical practice administrator|medical practice supervisor|practice manager|health centre manager|general practice administrator|practice administrator
aviation surveillance and code coordination manager,aviation surveillance and code coordinator|aviation surveillance and code compliance co-ordinator|manager of aviation surveillance and code coordination|aviation surveillance and code compliance officer|aviation surveillance and code compliance supervisor|aviation surveillance and code coordination officer|aviation surveillance and code compliance manager
technical communicator,technical writer|documentation specialist|scientific communicator|technical documentation author|technical documentation specialist|technical editor|scientific and technical communicator|user experience designer|usability expert|advanced technical communicator|senior technical communicator|technical content developer|technical illustrator|information architect|api writer|technical author|e-learning author|tech communicator|technical communicators
tourist animator,holiday entertainer|resort entertainment attendant|hospitality entertainer|hospitality entertainment officer|holiday camp entertainment attendant|entertainment attendant|cruise entertainment attendant
management assistant,office administrator|assistant manager|project assistant|management aide|office assistant
ground lighting officer,airfield lighting officer|ground lighting engineer|airport ground lighting engineer|airport lighting officer|airfield ground lighting engineer|leader of airport lighting team|airport lighting supervisor|airport lighting team leader|airport lighting team manager|airfield ground lighting officer
belt builder,belt technician|rubber belt builder|conveyor belt vulcaniser|belt maintenance engineer|conveyor belt technician|belt maintenance technician|conveyor belt builder|conveyor belt fitter|belt splicer|transmission belt builder
biology teacher secondary school,biology teacher|high school tutor of biology|teacher of biology in secondary school|biology teacher high school|high school biology tutor|high school biology teacher|high school teacher of biology|secondary school teacher of biology|secondary school biology tutor|secondary school biology teacher|teacher of biology in high school|biology tutor in secondary school
upsetting machine operator,heading machine operative|upsetting machine operative|upsetter|heading machine operator|upset forging machine operative|crank press operator|upset operator|upset forging machine operator|upsetter apprenticeship
nurse responsible for general care,healthcare nurse|district nurse|learning disability nurse|practice nurse|mental health nurse|adult nurse|healthcarer|ward sister|ward nurse|community staff nurse
precast moulder,hand tile-moulder|pre-cast moulder|pre-cast molder|cement-tile maker|brick veneer maker
automotive engineer,coach production process engineer|aces engineer|automotive design specialist|vehicle production production process engineer|bus production process engineer|automotive designer|auto engineer|motorcycle designer|motorcycle production process engineer|vehicle production designer|automotive design expert|bus designer|car production process engineer|motor vehicle designer|lorry designer|coach designer|motor vehicle engineer|truck production process engineer|lorry production process engineer
smart city consultant,smart cities specialist|smart city specialist|smart cities advisor|smart city advisor
armoured car driver,armoured vehicle driver|armoured truck driver|driver of armoured cars|armored car driver|driver of armoured vehicles
financial analyst,economic analyst|credit analyst|financial markets report writer|financial markets analyst|treasury analyst|financial markets specialist|banking analyst|stock market analyst|m&a analyst|company analyst|structured finance analyst|financial markets researcher|financial researcher|capital markets analyst|financial markets forecaster
social care worker,care worker|senior care worker|senior social care worker|social care assistant|community social care worker
roughneck,chainhand
database designer,database designers|data architect|secure could-edge computing system architect|data base designer|data model designer|data base designers|database architect|database design engineer
specialist pharmacist,clinical pharmacist|expert pharmacist|clinical pharmacologist|advanced pharmacist|pharmacy expert|expert in pharmacy|specialist in pharmacy|pharmacy specialist
rental service representative in construction and civil engineering machinery,rental sales supervisor in construction and civil engineering machinery|rental service team leader in construction and civil engineering machinery|rental sales worker in construction and civil engineering machinery|rental service desk agent in construction and civil engineering machinery|rental sales desk supervisor in construction and civil engineering machinery|rental sales team leader in construction and civil engineering machinery|rental sales desk clerk in construction and civil engineering machinery|rental specialist in construction and civil engineering machinery|rental service supervisor in construction and civil engineering machinery|rental service desk clerk in construction and civil engineering machinery|rental service manager in construction and civil engineering machinery|rental service assistant in construction and civil engineering machinery|rental sales assistant in construction and civil engineering machinery|rental sales desk agent in construction and civil engineering machinery|rental service worker in construction and civil engineering machinery|rental service desk supervisor in construction and civil engineering machinery|rental advisor in construction and civil engineering machinery|rental sales manager in construction and civil engineering machinery
packaging production manager,assistant operations manager|packaging consultant|trainee operations manager|graduate mail and packaging manager|packaging manager|trainee mail and packaging manager|graduate packaging manager|packaging development manager|packaging technologist|senior mail and packaging manager|assistant mail and packaging manager|packaging production engineer|trainee packaging manager|packaging specialist|assistant packaging manager|technical packaging manager|graduate operations manager|senior operations manager|senior packaging technologist|senior packaging manager
loan officer,loans adviser|loans controller|loan processor|commercial lender|loans consultant|loans agent|credit officer
horticulture production team leader,horticultural team manager|horticultural foreman|horticultural production team leader
stock broker,stocks and shares broker|stockbroker|stockbroking dealer|institutional stock broker
real estate agent,lettings agent|real estate sales agent|residential real estate agent|estate agents|commercial building rental agents|commercial building rental agent|letting agent|letting agents|title examiners|estate managers|real estate dealers|associate real estate broker|estate agent|commercial real estate agents|real estate salespersons|lettings agents|residential real estate agents|real estate rental agents|realtor|realtors|property agents|associate real estate brokers|property rental agent|real estage agent mediator|real estate broker|real estate sales representative|real estate salesperson|commercial real estate salespersons|property agent|real estate rental agent|apartment rental agent|real estate sales agents|commercial real estate salesperson|real estate dealer|title examiner|commercial real estate agent|real estate brokers|apartment rental agents|real estate sales representatives|property rental agents|real estage agent mediators
v-belt builder,rubber v-belt skiver|v-belt forming machine operator|v-belt former and cutter|v-belt builder|v-belt skiver|v-belt forming machine operative
predictive maintenance expert,predictive maintenance engineer|machineries predictive maintenance expert|factories predictive maintenance expert|railroads predictive maintenance expert|cars predictive maintenance expert|expert in predictive maintenance
pastry chef,pastry cook|baker|confectioner|glacier|confectionary chef|confiseur|patissier|décorateur|dessert chef|pastry decorator
exhibition registrar,museum objects cataloguer|museum cataloguer|museum registrar
leather goods finishing operator,leather finishing operator|leather wrapping operator
laminating machine operator,laminater|laminator operator|coating machine specialist|coter|papermaking laminate coating machine technician|laminating machine technician|laminator technician|paper making laminate coating machine operator|laminating machine specialist|laminator specialist|laminating assistant
coking furnace operator,industrial coke oven worker|coking oven operator|coke quencher operator|coking furnace technician|coker|coke oven operator
orthopaedic supplies specialised seller,orthopaedic articles specialized seller|orthopaedic supplies specialized seller|surgical supplies specialized seller|orthopedic supplies specialized seller|orthohouse specialized seller|orthohouse salesperson|orthopaedic supplies salesperson|surgical supplies salesperson|orthopaedic articles salesperson
move manager,relocation manager|industrial move manager|removal coordinator|company move manager|corporate move manager|moving manager|removal manager
automated cable vehicle controller,automated cable vehicle operator|cable propelled vehicle operator|cable car operator|cable car controller|controller of automated cable vehicles|cable propelled vehicle controller
crowd controller,steward|spectator controller|crowd control worker
electrolytic cell maker,electrolytic cell builder|cell maker|concrete electrolytic cell maker|electrolytic cell operations worker|cover maker|polymer concrete electrolytic cell maker
intercultural communication consultant,intercultural consultant|intercultural mediator|intercultural communication expert|intercultural communication adviser|intercultural communications consultant|intercultural communication specialist
victim support officer,victims caseworker|domestic abuse support worker|victim support social worker|relief worker|victim care officer|victim service manager|support coordinator|senior victims support officer|restorative justice officer|victim service officer|victim assistance social worker|victime and witness support officer
transport technology vocational teacher,vocational teacher in transportation technology|transportation technology vocational instructor|transportation technician instructor|vocational instructor in transportation technology|teacher in transportation technology|transportation technology teacher|instructor in transportation technology|automotive technology instructor|automotive technology teacher
cook,grill cook|roast cook|under chief of the kitchen|sauté cook|chief of the kitchen|food keeper|fry cook|culinary operative|deputy kitchen chef|second kitchen chef|apprentice|vegetable cook|communard|senior chef|food cook|chief of the group|fish cook|saucemaker|soup cook|junior cook|pantry supervisor|entrée preparer|kitchen chef
aircraft maintenance technician,aircraft instrument operator|aviation maintenance technician|aeroplane technician|avionics mechanical technician|avionics instrument inspector|aircraft systems maintenance technician|aeroplane preventative maintenance technician|aircraft technician|aircraft instrument operative|cabin mechanic|aviation instrument inspector|airworthiness technician|avionics line inspector|aviation line inspector|aeroplane systems maintenance technician|aircraft engineer|aircraft preventative maintenance technician
starch extraction operator,refinery starch operator|refinery starch extractor
import export specialist in agricultural machinery and equipment,graduate import export specialist in agricultural machinery and equipment|trainee import export specialist in agricultural machinery and equipment|assistant export specialist in agricultural machinery and equipment|trainee import specialist in agricultural machinery and equipment|international trade compliance specialist in agricultural machinery and equipment|senior import specialist in agricultural machinery and equipment|senior export specialist in agricultural machinery and equipment|customs compliance specialist in agricultural machinery and equipment|assistant import specialist in agricultural machinery and equipment|graduate export specialist in agricultural machinery and equipment|trainee export specialist in agricultural machinery and equipment|senior import export specialist in agricultural machinery and equipment|graduate import specialist in agricultural machinery and equipment|assistant import export specialist in agricultural machinery and equipment
"agriculture, forestry and fishery vocational teacher","agriculture, forestry, and fishery vocational instructor|vocational teacher in agriculture, fishery, and forestry|vocational teacher of agriculture, forestry and fishery|agriculture, forestry, and fishery vocational trainer|trainer in agriculture, forestry and fishery|agriculture, forestry, and fishery instructor|agriculture, fishery, and forestry educator|agriculture, forestry, and fishery teacher|vocational educator in agriculture, fishery and forestry|instructor in agriculture, forestry and fishery"
leather goods industrial engineer,manufacturing engineer|industrial engineer|engineering technician|leather goods manufacturing technician|industrial engineering technician|head leather goods manufacturing operations|leather goods engineer|industrial process engineer|industrial engineering supervisor|manufacturing operations manager|process improvement engineer
printed circuit board designer,pcb design specialist|printed circuit board (pcb) designer|circuit board designer|pcb design expert|pcb designer|printed circuit board design expert|printed circuit board design specialist
procurement department manager,procurement officer|head of procurement department|procurement director|procurement coordinator|head of procurement unit
social work lecturer,university social work teacher|university social work lecturer|university lecturer in social work|academic social work educator|social work lector|lecturer in social work|senior lecturer in social work|professor of social work and social policy|social work docent|university lecturer in social work and social policy|professor of social work|lecturer in social work and social policy|professor of social policy|lector in social work|social work instructor|social work professor|social work teacher|university social work and social policy lecturer|higher education social work teacher
rail intermodal equipment operator,intermodal rail equipment operator|railway intermodal equipment operator|railway equipment operator|railroad heavy equipment operator|intermodal equipment handler|intermodal railroad equipment handler|chassis estimator|railroad equipment operator|rail equipment operator|operator of rail intermodal equipment|transfer table operator|intermodal helper|intermodal equipment operator|container and chassis estimator
clothing cutter,cloth cutting machine operator|bespoke clothing cutter|garment cutter|clothing marker|clothing cutter operator|fabric cutter|leather pattern cutter|production pattern cutter|fur cutter|creative pattern cutter
prosthetist-orthotist,prosthetic technologist|certified prosthetist|technologist in prosthetics|prosthetic technician|expert prosthetist|clinical prosthetist|orthotist|specialist prosthetist|artificial limb technician
legal assistant,paralegal|law clerk|public administration legal assistant|judicial assistant|legal aide|corporate law assistant|corporate legal assistant|paralegal specialist
camping ground operative,camping facility worker|camp-site operator|camp-site worker|camp-site operative|campgrounds operative|countryside operative|camping pitch operative|camp-site staff
geothermal technician,geothermal power plants technician|geothermal energy installer|geothermal heating installer|geothermal installer|geothermal energy technician
computer hardware engineer,it hardware specialist|computer hardware technology engineering specialist|engineer of pc hardware|computer hardware engineering consultant|computer hardware engineering expert|computer network and hardware engineer|computer hardware and network engineer|computer hardware technology engineering consultant|hardware engineer|computer hardware technology engineer|pc hardware engineer|engineer of it hardware|computer engineer|specialist it hardware engineer|computer hardware engineering specialist|engineer in computer hardware and network|engineer in computer hardware|it hardware engineer|computer hardware engineering adviser|computer hardware technology engineering expert|computer hardware technology engineering adviser
waiting list coordinator,senior waiting list coordinator|waiting list manager|hospital waiting list coordinator|surgical waiting list coordinator|manager of hospital waiting lists|coordinator of waiting lists|manager of waiting lists|healthcare waiting list manager|medical care waiting list coordinator|coordinator of hospital waiting lists
window cleaner,building maintenance and cleaning worker|janitress|window washer
mattress maker,mattress builder|soft furnishing maker|mattress-making machine operative|mattress-making machine setter|mattress-making machine operator|mattress- making machine worker|mattress-making machine tender operator
crisis helpline operator,crisis helpline worker|crisis hotline operator|distress helpline operator|telephone crisis support|telephone crisis counselor|distress hotline operator
environmental geologist,environmental mineralogist|environmental consultant|environmentalist|environmental geology analyst|environmental geology researcher|environmental geology research analyst|environmental geology studies research analyst|environment geologist|environmental geology studies scientist|environmental geology studies researcher|environmental geology science researcher|geologicial engineer|environmental geology studies research scientist|environmental geology studies scholar|environmental geology scientist|environmental geology scholar|environmental geology studies analyst|environmental geology geological consultant|environmental geology research scientist|mineralogical analyst|minerals analyst
wholesale merchant in china and other glassware,wholesale trade manager in china and other glassware|wholesale trader in china and other glassware|wholesale broker in china and other glassware|wholesale buyer in china and other glassware
hand luggage inspector,airport security worker|hand baggage inspector|airport customs controller|airport luggage worker|hand baggage examiner|baggage inspector|airport baggage worker|hand baggage checker|baggage checker|hand luggage examiner|airport customs agent|airport customs worker|hand-luggage inspector|airport cargo worker|cargo examiner|hand luggage checker|baggage examiner|cargo checker
investment fund management assistant,investment fund clerk|investment fund office clerk|investment fund specialist|investment fund assistant
travel agency manager,travel call centre manager|tourism agency manager|tourism sales manager|travel sales manager
canning and bottling line operator,canner|canning operative|canning and bottling worker|canning and bottling operative
weaving machine operator,weaving tender|weaving machinist|weaving loom operator|weaver apprentice
drop forging hammer worker,drop forge operator|drop forge hand|drop forge operative|drop forger|forge operative|die forger|forging roll technician|forging roll operator|forging press operator|drop forge set up operator|forger tender
footwear patternmaker,pattern designer and cutter|pattern designer and maker|footwear pattern designer and cutter|footwear pattern-maker|footwear pattern cutter|footwear pattern designer and maker|footwear pattern designer
container equipment design engineer,container equipment sub engineer|container equipment mechanical engineer|container equipment engineering expert|container equipment assembly machinist|container equipment engineering specialist|container equipment engineer|container equipment machine engineering apprentice|container equipment designer|container equipment assembly inspector|container equipment technology engineering expert|container equipment engineering consultant|container equipment electronic engineer|container equipment manufacturing engineer|container equipment technology engineering adviser|container assembly line engineer|container equipment technology engineer|container equipment technology engineering consultant|container equipment assembly line machinist|container equipment technology engineering specialist|container equipment bench precision engineer|container equipment engineering adviser
animal facility manager,aquarium ceo|aquarium managing director|zoo coo|aquarium coo|zoo managing director|zoo ceo|aquarium chief executive officer|zoo chief executive officer|zoo chief operating officer|aquarium chief operating officer
transport planner,road traffic planner|transport planning development engineer|development planning transport planner|traffic planner|highway and drainage engineer|traffic engineer|traffic and highway engineer|transportation business change manager|transport modeller|senior transport planner|junior transport planner
hairdressing vocational teacher,vocational hairdressing teacher|barbering instructor|vocational hairdressing instructor|hairdressing educator|hairdressing teacher|barber instructor|hair stylist trainer|hair stylist instructor|educator in hairdressing|vocational teacher of hairdressing|hairdressing instructor|barbering teacher
insurance claims manager,insurance claims service manager|head of insurance claims office|insurance claims director|claims director|insurance claims administrator|insurance claims coordinator|claims manager|insurance claim supervisor|insurance and claims manager
marine electrician,marine design electrician|vessel electronics repair technician|naval electrician|electro-technical maritime officer|marine installation electrician|vessel electronics design technician|marine systems electrician|vessel electronic systems technician|vessel electrician|vessel electronic networks technician|vessel electronics installation technician|marine repair electrician|marine electronic networks electrician|marine diagnostic electrician
massage therapist,deep tissue massage therapist|clinical masseur|medical masseur|swedish massage therapist|professional massage therapist|masseur|medical massage therapist|body massage therapist|professional masseur|masseuse|acupressure treatment specialist|thai massage therapist|shiatsu massage therapist|reflexology massage therapist
equality and inclusion manager,access and equality manager|equity and inclusion specialist|equity and diversity manager|manager equality and inclusion|equality & inclusion worker|equality and inclusion worker|civil rights manager|employment equity director|equal opportunities manager|equal rights manager|anti-discrimination manager|equal employment opportunity officer|diversity and equality manager|equity program director|equity programme director|equality manager|equity and inclusion manager|diversity and inclusion manager|diversity leader|equality and inclusion director|senior equality and inclusion manager
wicker furniture maker,rattan furniture manufacturer|wicker furniture assembler|wicker furniture weaver|wicker furniture creator|wicker furniture manufacturer|rattan furniture assembly worker|wicker furniture assembly worker|rattan furniture maker|wicker furniture fabricator|wicker-furniture creator|wicker-furniture fabricator|wicker-furniture producer|rattan furniture assembler|rattan furniture production process worker|wicker furniture production process worker|rattan furniture production operative|wicker-furniture manufacturer|willow furniture weaver|wicker furniture production operative|rattan furniture weaver|wicker furniture producer
nanoengineer,nanoscience specialist|nanotechnology specialist|nanoscience expert|nano-engineer|nano engineer|nanotechnologist|nanoscientist|nanosystems expert|nanoscience engineer|nanosystems engineer|nanotechnology expert|nanotechnology engineer|nanosystems specialist|nano scientist|nano systems engineer
prompter,prompt|theatre prompter|souffleur|opera prompter|theater prompter
shipbroker,shipping broker
sculptor,clay sculptress|metal sculptor|metal sculptress|ice sculptor|welded steel sculptor|wood sculptress|clay sculptor|sculpting artist|marble sculptress|wood sculptor|stone sculptor|sculptress|stone sculptress|ice sculptress|welded steel sculptress|marble sculptor
department manager,business unit manager|unit manager|business unit coordinator|department coordinator|unit director|division manager
animation layout artist,2d layout animator|3d layout artist|animation layout designer|3d layout animator|2d layout artist|layout technical director|senior layout artist|lead layout artist|set up technical director|layout animator|background layout artist|layout artist
live animal transporter,animal transporter|animal travel provider|animal conveyance|animal transport service|animal carriage|animal travel service
dairy processing technician,dairy employee|dairy process technician|dairy technician
biochemistry technician,biochemistry lab technician|biology technician|biochemistry laboratory technician|biology technologist|chemist|chemistry technologist|biochemistry technologist|chemistry technician|biologist
mining equipment mechanic,heavy machines operators|mining processing engineer|mining mechanic|heavy machines mechanic|fitter|mine machinery technician|mine machinery technicians|mine operations mechanic|heavy machines operator|mining equipment mechanics|mine machinery mechanic|heavy machinery technician
engineering assistant,technical supporter|technical support worker|technical aide|technology assistant|project support worker|project supporter|engineering project assistant|tech assistant|project support|technological assistant|project aide|technical assistant|technical support
slitter operator,slitting machinist|steel slitter operative|paper slitter operator|paper slitter operative|slitting line setter|shearer|slitting machine setter|slitting machine operator|steel slitter operator|splitter rewinder machine operator|slitting machine operative|slitting machine worker|slitting machine tender|slitting rewind machine operator|slitter tender|slitter operative|slitter setter|aluminium bending operator
upholsterer,chair maker|seat builder|mattress builder|mattress maker|chair builder|chairmaker|seat maker|heritage upholsterer|soft furnishing maker|craftsman upholsterer|craft upholsterer|craftsperson upholsterer|craftswoman upholsterer|commercial upholsterer
brewmaster,brewing manager|master brewer|beer production manager|brewery manager
midwife,community midwife|foetal nurse|neonatal nurse practitioner|consultant midwife|obstetric nurse|intensive care neonatal nurse|head of midwifery services|pre-natal nurse|maternity nurse|midwife researcher|childbirth assistant
family social worker,family services social worker|family support worker
footwear assembly supervisor,assembly team leader|assembly line supervisor|lasting supervisor|assembly room forewoman|footwear lasting supervisor|assembly room supervisor|assembling team leader|footwear assembling room supervisor|assembly room foreman|assembling room forewoman|assembling room supervisor|assembling room foreman|assembly supervisor
import export manager in china and other glassware,assistant import export manager in china and glassware|graduate import manager in china and glassware|trainee export manager in china and glassware|international trade manager in china and glassware|senior export manager in china and glassware|senior import manager in china and glassware|graduate import export manager in china and glassware|senior import export manager in china and glassware|assistant export manager in china and glassware|international trade compliance manager in china and glassware|trainee import manager in china and glassware|trainee import export manager in china and glassware|assistant import manager in china and glassware|graduate export manager in china and glassware|customs compliance manager in china and glassware
manufactured wooden building assembler,prefab house joiner|prefab house builder|manufactured wooden building joiner|prefabricated building assembler|prefab house assembler|manufactured wooden building fabricator|manufactured wooden building builder|manufactured wooden building constructor|prefab house constructor|manufactured building assembler|prefab house fabricator|prefab home assembler|truss assembler
cabin crew manager,manager of cabin crew|inflight service manager|customer service director|flight service manager|cabin service director|chief purser|cabin crew head|head of cabin crew|cabin service manager
wood painter,decorator of wooden items|wooden items decorator|wood painter and designer|wood painter & designer|wood painting specialist|wooden items painter|wood decorator
casino cashier,casino head cashier|casino income auditor|game cashier|main banker|gaming cashier|booth cashier|casino cage cashier|cage cashier|casino banker
house sitter,custodian|house caretaker|estate caretaker
cake press operator,plastic production process operative|plastic cake press worker|plastic cake press operative|plastic cake press operator|cake press operative|hydraulic cake press operator|hydraulic press tender|plastic cake press tender|hydraulic press worker|plastic cake press setter|hydraulic press setter|hydraulic press operative|plastic production process operator|plastic production process worker|cake press setter|cake press worker|cake press tender
railway passenger service agent,railway station customer service representative|railway customer service agent|railway transportation service representative|railway passenger agent|railway customer transit agent|railway station customer service agent|customer transit agent|passenger representative|railway customer service representative
conceptual artist,conceptual creator|concept artist
quick service restaurant crew member,crepes maker|fast food crew member|pancakes maker|quick service crew member|fast-food crew member|snack maker|fast food worker
collection manager,conservator|museum technician|curator|collections manager
"machinery, industrial equipment, ships and aircraft distribution manager","graduate machinery, industrial equipment, ships and aircraft distribution manager|trainee machinery, industrial equipment, ships and aircraft distribution manager|machinery, industrial equipment, ships and aircraft logistics planner|assistant machinery, industrial equipment, ships and aircraft distribution manager|senior machinery, industrial equipment, ships and aircraft distribution manager|machinery, industrial equipment, ships and aircraft supply chain manager|machinery, industrial equipment, ships and aircraft distribution planner|machinery, industrial equipment, ships and aircraft logistics manager|machinery, industrial equipment, ships and aircraft supply chain planner"
aircraft assembly supervisor,aeroplane assembly supervisor|aircraft quality compliance inspector|aeroplane engineering compliance supervisor|aeroplane assembly safety supervisor|helicopter engineering compliance supervisor|aeroplane quality compliance supervisor|aircraft assembly safety supervisor|aircraft assembly quality inspector|aircraft quality compliance supervisor|aeroplane quality compliance inspector|helicopter assembly safety supervisor|aircraft engineering compliance supervisor|aircraft assembly quality supervisor
user interface designer,ui designer|accessibility designer|user interface designers
employee volunteering programme coordinator,coordinator for corporate volunteering programmes|coordinator for employee volunteering programmes|corporate volunteering coordinator|corporate volunteering manager|corporate volunteering programme coordinator
sporting and outdoor accessories shop manager,sports goods store manager|sporting accessories shop manager|sports shop manager|sports store manager|sports equipment shop manager|sporting equipment shop manager|sports equipment store manager|store manager sport and camping equipment|sporting articles store manager|sporting articles shop manager|business leader sporting and outdoor equipment shop|sports goods shop manager|branch owner sporting and outdoor equipment shop|sporting equipment store manager
language school teacher,language school instructor|teacher in a language school|teacher of english to speakers of other languages|tesol practitioner|instructor in language school|tesol teacher|language school lecturer|language school educator|esol teacher|english for speakers of other languages teacher
data centre operator,data centre employee|data centre administrator|data center operator|data centre operators|data center administrator
import export manager in textile industry machinery,graduate export manager in textile industry machinery|trainee import export manager in textile industry machinery|senior export manager in textile industry machinery|assistant import export manager in textile industry machinery|graduate import export manager in textile industry machinery|assistant export manager in textile industry machinery|international trade compliance manager in textile industry machinery|senior import manager in textile industry machinery|customs compliance manager in textile industry machinery|assistant import manager in textile industry machinery|trainee export manager in textile industry machinery|trainee import manager in textile industry machinery|international trade manager in textile industry machinery|senior import export manager in textile industry machinery|graduate import manager in textile industry machinery
wastewater engineer,waste water pipeline engineer|waste water system designer|sewer pipeline engineer|wastewater engineering specialist|wastewater technology engineer|wastewater technology engineering adviser|wastewater process engineer|wastewater technology engineering consultant|wastewater engineering consultant|wastewater system designer|sewer system designer|wastewater processing engineer|wastewater technology engineering specialist|waste water system engineer|waste-water engineer|sewage engineer|wastewater pipeline engineer|wastewater system engineer|wastewater technology engineering expert|wastewater engineering expert|waste water engineer|sewage system engineer|wastewater engineering adviser
meat and meat products specialised seller,butchery store salesperson|butchers assistant|meat and meat products store specialised seller|butchery department salesperson|butchery store specialised seller|meat counter salesperson|meat store specialised seller|meat store salesperson|meat and meat products specialized seller|meat counter specialised seller|meat and meat products store salesperson|butchery department specialised seller|meat specialised seller|meat salesperson
bookshop manager,antiquarian book shop manager|book and stationery shop manager|comic book store manager|press and bookstore manager|magazine and bookshop manager|book and stationery store manager|cookery book shop manager|press and bookshop manager|antique book store manager|stationer and bookseller|book superstore manager|comic book shop manager|bookstore manager|stationer|antique book shop manager|magazine and bookstore manager|antiquarian book store manager|bookseller|cookery book store manager
lawyer,social law lawyer|barrister|medical lawyer|industrial property lawyer|procurement law lawyer|administrative law lawyer|information technology lawyer|fiscal lawyer|agricultural lawyer|property law lawyer|property law attorney|employment lawyer|family law lawyer|bank and capital market lawyer|labour lawyer|patent law lawyer|building and construction dispute lawyer|building lawyer|traffic law lawyer|prosecutor assistant|commercial and company lawyer|counsellor|advocate|inheritance law lawyer|intellectual property lawyer|attorney|copyright and media lawyer|international business law lawyer|personal law lawyer|financial lawyer
distillery worker,distiller|spirits production worker|spirit beverage worker|distillery production worker
anthropology lecturer,university anthropology teacher|professor of anthropology|anthropology teacher|anthropology docent|higher education anthropology teacher|specialist lecturer in anthropology|university anthropology lecturer|anthropology lector|instructor in anthropology|university lecturer in anthropology|lecturer of anthropology|lecturer in anthropology|anthropology professor|anthropology instructor
chipper operator,wood chipper technician|chipper machine operator|chipper|wood chipper|chipper specialist|chipper technician|chipper machine technician|wood chipper operator|chipper machine specialist|wood chipper specialist
health psychologist,health psychology researcher|research health psychologist|practitioner of healthcare psychology|consultant health psychologist|consultant in health psychology|specialist healthcare psychologist|healthcare psychologist|expert healthcare psychologist
special educational needs teacher,educator in special educational needs|autism teacher|special education resource teacher|special educational needs professional|special education teacher|sen teacher|special needs educator|special needs teacher|teacher for hearing impaired children|teacher of special educational needs|teacher in special education needs
patient transport services driver,medical transport vehicle driver|patient transportation services driver|driver of patient transport vehicle|ambulance care assistant|patient transport driver|pts driver|driver of medical transportation vehicle|driver in patient transport services|medical transport service assistant
production potter,craft potter|ceramics maker|abrasive wheel moulder|pottery and porcelain modeller|potter|pot maker
tailor,seamstress|suit maker|alterations sewer|seamster|couturier|custom sewer|cloakmaker|sartor|garment maker|garment worker|couture alterations dressmaker|tailoress|dressmaker|custom dressmaker|e-tailor|dressmaker of men|outfitter|custom tailor|alterations expert|bespoke tailor
gas service technician,gas plant engineer|gas inspector|gas supply engineer|gas treater|gas plant dispatcher|gas distributor|gas plant inspector|gas equipment service technician|gas distribution inspector|gas installer|gas supply technician|gas distribution supervisor|gas service controller|gas distribution controller|gas test technician|gas technician|gas system operator|gas system operative|gas producer|gas service supervisor|gas service operative|gas service operator
leather production planner,leather production planner and scheduler|leather production planners|leather production control planner|leather materials planner|leather orders planner|leather production scheduler
spot welder,welder fabricator|construction welder|welder-fitter|electric arc welder|flash welder|fitter-welder|butt welder|resistance welder|welder-fabricator|sheet metal welder|sheet-metal welder|ultrasonic metal welder|robotic welder|tack welder|weld technician|electric spot welder|stitch welder|spot welding machine operator
piano maker,piano technician|piano tester|piano craftswoman|piano craftsman|piano maker/technician|piano maker/tuner|piano maker/inspector|piano builder
clothing shop manager,bridal store manager|children's fashion store manager|kids fashion store manager|maternity fashion shop manager|children's fashion shop manager|professional wear shop manager|plus size fashion shop manager|clothes shop manager|clothes store manager|men's fashion shop manager|fashion shop manager|bridal shop manager|fashion store manager|maternity fashion store manager|baby fashion shop manager|athletic fashion store manager|clothing store manager|athletic fashion shop manager|kids fashion shop manager|baby fashion store manager|women's fashion store manager|men's fashion store manager|professional wear store manager|plus size fashion store manager
router operator,router setter|multi-spindle routing machine tender|router tender|cnc router operative|cnc router operative|cnc router tender|cnc router setter|cnc router operator|multi-spindle routing machine setter|multi-spindle routing machine operative|multi-spindle routing machine operator|multi-spindle routing machinist|cnc router setter|cnc router tender|router operative
activism officer,activism and events officer|campaigner|campaign worker|charity officer|activism and engagement officer|activist|activism & engagement officer|activism coordinator|activism & events officer|events officer
medical records manager,supervisor of medical records|health records manager|manager of patient records|patient records manager|medical records supervisor|manager of medical records|manager of health records|patient records supervisor|senior medical records officer|health records supervisor|supervisor of patient records|director of medical records
thanatology researcher,thanatologist|researcher in the psychology of death and dying|thanatological researcher|researcher in thanatology|fellow in thanatology|thanatological scholar
beer sommelier,beer selection advisor|beer advisor
import export specialist in pharmaceutical goods,graduate import export specialist in pharmaceutical goods|trainee import specialist in pharmaceutical goods|senior export specialist in pharmaceutical goods|assistant import export specialist in pharmaceutical goods|graduate export specialist in pharmaceutical goods|trainee import export specialist in pharmaceutical goods|customs compliance specialist in pharmaceutical goods|international trade compliance specialist in pharmaceutical goods|senior import export specialist in pharmaceutical goods|assistant export specialist in pharmaceutical goods|graduate import specialist in pharmaceutical goods|trainee export specialist in pharmaceutical goods|senior import specialist in pharmaceutical goods|assistant import specialist in pharmaceutical goods
rail operations manager,train operations specialist|railway operations specialist|train operations manager|railway operations manager|rail control operator
interior landscaper,interior gardener|experts in interior landscaping|interior landscapers|indoor gardener|indoor landscaper|expert in interior landscaping
military welfare worker,air force social worker|military and veterans social worker|navy social worker|army welfare officer|forces welfare worker|forces social worker|military families welfare worker|army social worker|air force welfare officer|navy welfare officer|military families support worker|forces family support worker
system configurator,system configurators|system setup professional|system configuration professional|ict system configurator|it system configurator|systems configurator
tyre fitter,machinist|fitter and turner|tire fitter|tyre inspector|garage assistant|wheel machinist|wheel fitter
after-sales service technician,after-sales support technician|field technician|workshop technician|sales support technician|help-desk technician|after-sales installation technician|after-sales rectification technician|after-sales team member|after-sales repair technician|customer service technician|after-sales maintenance technician|field support technician
agricultural policy officer,agronomist|agriculture policy officer|agriculture policy manager|policy manager agriculture|farming advisor|agricultural consultant|policy officer agriculture|agriculture policy coordinator|agriculture policy advisor
press and stationery shop manager,newspapers and magazines store manager|newsagents shop manager|newsagent retail manager|newspaper kiosk manager|kiosk manager|stationery shop manager|newsagents store manager|magazines and stationery shop manager|paper shop manager|newspapers and magazines shop manager|stationery store manager
wholesale merchant in machine tools,wholesale trader in machine tools|b2b sales consultant in machine tools|assistant wholesale merchant in machine tools|senior wholesale merchant in machine tools|wholesale buyer in machine tools|business to business seller in machine tools|graduate wholesale merchant in machine tools|trainee wholesale merchant in machine tools|business to business sales consultant in machine tools|wholesaler in machine tools|wholesale merchandiser in machine tools
food science lecturer,professor of food science and nutrition|food sciences professor|university lecturer in food science|professor of food science|university food sciences teacher|food sciences teacher|food science professor|food science teacher|food sciences instructor|higher education food sciences teacher|food science docent|lecturer in food science|university food science lecturer|food science and nutrition lecturer|food science instructor|lecturer in food science and nutrition|food science lector|food sciences lector|food sciences docent
block machine operator,block machine operative|block-making machine operator|block moulding machine operator|concrete block machine operative|block moulding machine operative|concrete block machine operator|concrete block production operative|concrete block production worker|concrete plant operative
asbestos abatement worker,asbestos removal team operative|asbestos abatement team operative|asbestos contamination assessor|asbestos removal team worker|asbestos abatement team worker|hazardous material abatement worker|asbestos abatement operative|hazardous materials removal worker|hazardous material removal worker|asbestos abatement assessor|asbestos removal operative|asbestos operative|asbestos abatement advisor|asbestos worker
economist,econophysicist|economics scholar|economics scientist|economics researcher|econometrician|economics research analyst|interest analyst|economics research scientist|macro analyst|economics science researcher|social economist|labour economist|economics analyst
precision engineer,precision engineering expert|precision engineering specialist|precision engineering adviser|precision engineers|precision engineering consultant
airport operations officer,airport director|operations officer|aerodrome operations supervisor|head of airport operations|airport operations manager|airport operations chief|ground operations officer|aerodrome operations coordinator|aerodrome operations officer|chief of airport operations|airport operations coordinator|airport operations supervisor
glass annealer,lehr kiln operative|lehr kiln operator|lehr operative|glass annealing kiln operative|glass annealing kiln worker|glass annealing oven worker|pot annealer|lehr tender|glass annealing kiln operator|lehr kiln tender|lehr operator
quality engineering technician,battery quality technician|quality technologist|quality technology specialist|quality specialist|quality technician|quality technology expert|quality expert
script supervisor,script coordinator|continuity supervisor|commercials script supervisor|pre-production script supervisor|continuity coordinator|continuity script supervisor|tv script supervisor|film script supervisor|tv script coordinator|digital script supervisor
"import export specialist in furniture, carpets and lighting equipment","international trade compliance specialist in furniture, carpets and lighting equipment|trainee import export specialist in furniture, carpets and lighting equipment|trainee export specialist in furniture, carpets and lighting equipment|graduate export specialist in furniture, carpets and lighting equipment|customs compliance specialist in furniture, carpets and lighting equipment|senior export specialist in furniture, carpets and lighting equipment|senior import specialist in furniture, carpets and lighting equipment|graduate import specialist in furniture, carpets and lighting equipment|assistant import export specialist in furniture, carpets and lighting equipment|senior import export specialist in furniture, carpets and lighting equipment|assistant import specialist in furniture, carpets and lighting equipment|trainee import specialist in furniture, carpets and lighting equipment|graduate import export specialist in furniture, carpets and lighting equipment|assistant export specialist in furniture, carpets and lighting equipment"
veterinary technician,veterinary assistant|veterinary auxiliary|veterinary practice technician|vet technician|vet's technician|vet practice technician|veterinary technicians
waste management officer,waste diversion manager|waste disposal officer|waste management compliance officer|waste recycling officer|waste management safety officer|recycling officer|waste disposal operative|waste management development officer|waste management coordination officer
sign language interpreter,business sign language interpreter|remote sign language interpreter|police sign language interpreter|interpreter of sign language|conference sign language interpreter|community sign language interpreter|television sign language interpreter|court sign language interpreter|medical sign language interpreter|social sign language interpreter|sworn sign language interpreter|guide sign language interpreter|public service sign language interpreter
special educational needs coordinator,inclusive education coordinator|sen officer|special education coordinator|sen director|special educational needs director|special education officer|coordinator of special educational needs|special educational needs officer|sen coordinator
insurance clerk,insurance agent|insurance management assistant|insurance reconciliation clerk|insurance accounts clerk|personal lines insurance clerk|insurance officer|insurance office clerk|indemnity administrator|insurance assistant|insurance administration clerk
aircraft pilot,aircraft first officer|aeroplane pilot|aircraft captain|aircraft second officer|helicopter pilot|cargoplane first officer|aeroplane captain|helicopter chief pilot|cargoplane pilot
business and marketing vocational teacher,marketing teacher|vocational teacher of marketing and business|sales and marketing vocational teacher|business and marketing teacher|instructor in sales and marketing|vocational instructor in business and marketing|instructor in business and marketing|business and marketing vocational instructor|teacher of marketing and business|marketing instructor
university literature lecturer,literature teacher|literature instructor|literature professor|senior lecturer in literature|university literature professor|lecturer of literature|literature lector|literature docent|higher education literature lecturer|he literature teacher|higher education literature teacher|professor of literature|university lecturer in literature|lecturer in literature|literature lecturer|he literature lecturer
motor vehicle assembly inspector,assembly inspector|motor vehicle quality control inspector|motor vehicle quality compliance inspector|motor vehicle assembly line inspector|motor vehicle quality inspector|motor vehicle production inspector|motor vehicle compliance inspector
railway sales agent,railway station agent|railway station counter agent|agent for railway ticket sales|counter sales agent|railway tickets salesman|railway tickets saleswoman|railway ticket sales representative|railway transportation sales agent|railway station cashier
criminal justice social worker,family court advisor|prison social worker|probation social worker|family court adviser
electrical engineering technician,electrical technician|electrical equipment technician|technician in electrical systems|electrical installations inspector|electrical engineering assistant|electrical systems technician|technician in electrical engineering
vending machine operator,vending route operator|vending machine monitor|laundrette operator|vending machine servicer|coin-operated personal service machine operator|vending machine technician|photo booth operator|coin-operated locker operator|weighing machine operator|coin-operated washing machine operator|vending machine supervisor
file clerk,filing office helper|documentation specialist|record filing clerk|file keeper|digitalisation assistant|archive clerk|filing clerk|file and classification clerk|technical records clerk|filing system clerk|records clerk|copying clerk
diet cook,nursing home cook|dietary cook|diet chef|health care cook|dietary aide|nursery cook|special diet cook
performance lighting technician,lighting and video technician|lighting & video technician|lighting technician coordinator|audio and lighting technician|lighting and audio technician|lighting technician assistant|lighting technician|lighting engineer|light technician|video and lighting technician|lighting technician manager|audio & lighting technician|video & lighting technician|lighting & audio technician
fat-purification worker,fat purifier|fat-purification operator|fats purifier|fat-purification operative
dairy processing operator,dairy operator|dairy processor
fashion model,photographic model|editorial model|advertising model|promotional model|hair model|commercial model|runway model|plus-size model|glamour model
geographic information systems specialist,earth observation expert|gis specialist|geomatics technician|gis technician|geographic information systems consultant|gis application specialist|specialist in geographic information systems|gis data specialist|gis mapping technician|geographic information systems expert|geographic information systems adviser|gis analyst|gis mapping assistant
tourist information officer,tourist assistant|tourist information agent|tourist point information officer|tourist receptionist|tourist centre officer
set buyer,assistant production buyer|property buyer|set decoration buyer|production buyer
education inspector,education institution inspector|school inspector|inspector of schools|her majesty's inspector of education|education authority officer|inspector of education|ofsted inspector|inspector of education institutions
specialised doctor,specialized medical doctor|specialized doctor|hospital specialized doctor|specialised medical doctor|hospital specialised doctor
sales assistant,department store sales assistant|hypermarket sales assistant|senior sales assistant|supermarket sales assistant|filling station sales assistant|counter assistant|seller|outlet centre sales assistant|saleswoman|trainee sales assistant|garden centre sales assistant
textile shop manager,mercers shop manager|mercers store manager|fabric store manager|drapers shop manager|house linen shop manager|drapers store manager|textile store manager|drapery shop manager|drapery store manager|house linen store manager|draper|fabric shop manager
army captain,captain armed services|armed forces captain|armed services captain|captain armed forces|captain royal marines|troop commander|company commander|battery commander|army chief officer
marine firefighter,marine fire technician|harbour firefighter|ship's firefighter|shipboard firefighter|vessel firefighter|boatmaster firefighter
disability support worker,learning disability support assistant|disability carer|disability support assistant|disability care personal assistant|disability care worker|disability care assistant|disability support carer|learning disability support carer
brush maker,mop factory operative|broom production plant worker|broom production plant operative|brush production plant worker|brush assembler|brush assembly worker|brush factory worker|broom production worker|mop assembler|mop production plant worker|mop production plant operative|broom assembler|broom factory operative|mop maker|brush production plant operative|broom factory worker|mop assembly worker|mop factory worker|mop production worker|brush production worker|broom maker|brush factory operative|broom assembly worker
security alarm investigator,alarm investigator|surveillance-system monitor|alarm specialist|alarm system specialist|alarm signal investigator|fire safety inspector|residential alarm system specialist
customer experience manager,guest relations specialist|guest relations manager|guest relations officer|hospitality customer experience manager|guest experience manager|guest experience specialist
marriage counsellor,marriage and family counsellor|family therapist|marriage guidance counsellor|marriage counselling team member|marital crisis counsellor|marriage guidance and relationship counsellor|marriage and family therapist|marriage guidance advisor|couples counsellor|relationship counsellor|marriage counselor|marriage guidance and advice counsellor|marriage counselling team leader|family counsellor|relationship coach|marriage guidance worker|marriage crisis counsellor
mine surveying technician,mine technician|assistant mine surveyor|mine survey linesman|mine survey lineswoman|mine surveyors assistant|mine cartographer|surveyors assistant|mine investigator|assistant surveyor
chief conductor,train conductors supervisor|chief guard|train chief conductor|conductor crew supervisor|chief train conductor|train conductor|train crew supervisor
contact centre supervisor,customer service supervisor|contact center employees supervisor|contact center supervisor|contact centre employees supervisor|customer service employees supervisor
ict research manager,technology innovation manager|ict research managers|it innovation manager|it research manager|ict innovation manager
ship assistant engineer,third assistant engineer|assistant maritime engineer|junior engineer|assistant ship engineer|junior ship engineer|maritime assistant engineer|second assistant engineer|assistant shipping engineer|junior chief engineer|shipping assistant engineer
sewerage systems manager,sewerage control engineer|water and sewer manager|wastewater infrastructure design lead|wastewater manager|sewerage system construction manager|wastewater infrastructure manager|sewerage manager|sewerage network manager|water and sewer engineer|head engineer in wastewater systems|lead engineer in wastewater infrastructure|wastewater systems manager|wastewater network manager|wastewater treatment works manager|wastewater distribution systems and equipment manager
demolition supervisor,demolition and dismantling supervisor|demolition site supervisor|demolition manager|dismantling foreman|demolition project manager|demolition foreman|demolition operations supervisor|demolition project supervisor
design and applied arts vocational teacher,art and design instructor|vocational design and applied arts educator|vocational teacher in art and design|design and applied arts teacher|teacher of applied arts and crafts|applied arts and crafts vocational teacher|educator in design and applied arts|design and applied arts instructor|vocational teacher in design and applied arts|vocational instructor in design and applied arts|art and design teacher
economic development coordinator,economist|economic development consultant|economic development officer|socio economic development coordinator|regeneration manager|development officer|development consultant|planning officer
public affairs consultant,public affairs agent|lobbyist|public affairs officer|public information consultant|public affairs specialist|corporate and public affairs consultant|external relations consultant|public affairs & communication consultant|public affairs and communication consultant|press and public affairs specialist|public affairs activist|public relations specialist|public relations consultant|external relations specialist|corporate & public affairs consultant|communication and public affairs specialist
ict system administrator,sysadmin|it system administrator|it systems administrator|server administrator|network administrator|system and networks administrator|system and network administrator|ict sysadmin|ict sysadmins|enterprise administrator
central bank governor,national bank governor|national bank governors|central bank managers|central bank directors|central banker|central bank manager|main bank governor|central bankers|central bank director
aerodynamics engineer,cfd engineer|aerodynamics test engineer|aerodynamic engineering consultant|aerodynamics design engineer|aerodynamics performance engineer|aerodynamic technology engineering specialist|aerodynamic technology engineering adviser|air vehicle dynamics engineer|aerodynamic technology engineering expert|aerodynamic technology engineer|computational fluid dynamics engineer|aerodynamic engineering specialist|aerodynamic technology engineering consultant|aerodynamic engineering expert|aerodynamic engineer|wind tunnel engineer|aerodynamics research engineer|aerodynamicist|aerodynamic engineering adviser
ict trainer,distance-learning trainer|system trainer|ict trainers|it trainer|blended learning trainer|ict instructor
shop manager,retail shop manager|retail store manager|boutique manager|shop general manager|store manager|deputy store manager
digital games developer,digital games developers|digital game developer|computer games developer|games programmer|video games developer|virtual games developer
artisan papermaker,artisan paper creator|artisan paper producer|paper creator|artisan paper manufacturer|artisan paper fabricator|small-scale paper manufacturer|small-scale paper producer|paper fabricator
resource manager,resource administrator|resources manager|resource specialist|resource coordinator
innovation officer,technology innovation manager|innovation specialist|open innovation manager|innovation process manager|innovation implementation coordinator|innovation consultant|coordinator of innovation|innovation project manager|business innovation specialist|technology innovation consultant|technology innovation specialist|strategy and innovations project coordinator|innovation programs project manager|innovation solutions lead|innovation manager|product innovation officer|innovation advisor|innovation growth adviser|innovation project coordinator
product manager,product marketing manager|research and development manager|sports product engineer|product development manager|product developer
leaf tier,manual leaf tier|tobacco leaf bundler|tobacco processing operative|hand leaf tier|leaf bundling attendant|cigar leaf tier|cigar bunch maker|tobacco leaf binder|tobacco leaf tier|cigar buncher|leaf tier (tobacco)|cigarette leaf tier
import export manager in beverages,international trade compliance manager in beverages|assistant import manager in beverages|assistant export manager in beverages|senior import manager in beverages|international trade manager in beverages|trainee export manager in beverages|graduate export manager in beverages|trainee import manager in beverages|assistant import export manager in beverages|customs compliance manager in beverages|trainee import export manager in beverages|graduate import manager in beverages|senior import export manager in beverages|graduate import export manager in beverages|senior export manager in beverages
waste and scrap distribution manager,waste and scrap supply chain planner|waste and scrap distribution planner|waste and scrap logistics manager|senior waste and scrap distribution manager|graduate waste and scrap distribution manager|waste and scrap logistics planner|waste and scrap supply chain manager|trainee waste and scrap distribution manager|assistant waste and scrap distribution manager
stone splitter,stone fabricator|cobble stone splitter|stone sawyer|splitting machine operative|block-maker|splitting machine worker|stone splitting machine worker|stone breaker|stone splitting machine operator|stone splitting machine operative
energy manager,green policy manager|smart energy specialist|environmental compliance manager|energy and sustainability manager|energy procurement manager|energy monitoring manager|environmental sustainability manager|energy policy manager|energy demand forecasting manager
pizzaiolo,pizza chef|pizza maker|pizza cook|pizza-chef|pizza-cook
financial fraud examiner,fraud analyst|fraud examiner|fraud prevention analyst|fraud investigations manager|financial fraud investigator|forensic accountant|certified fraud examiner
chief fire officer,chief fire and rescue officer|fire lieutenant|chief fireman|fire captain|fire chief|chief firefighter|marshal|fire department chief
wholesale merchant in electrical household appliances,business to business seller in electrical household appliances|business to business sales consultant in electrical household appliances|graduate wholesale merchant in electrical household appliances|trainee wholesale merchant in electrical household appliances|assistant wholesale merchant in electrical household appliances|wholesaler in electrical household appliances|wholesale buyer in electrical household appliances|senior wholesale merchant in electrical household appliances|wholesale trader in electrical household appliances|b2b sales consultant in electrical household appliances|wholesale merchandiser in electrical household appliances
environmental health inspector,public health inspector
pyrotechnic designer,pyrotechnician & choreographer|pyrotechnical designer|pyro designer|pyro-designer|pyrotechnic operator & choreographer|pyrotechnic operator and choreographer|pyrotechnician and choreographer
extrusion machine operator,extrusion operator|extruding machine technician|metal extrusion machine operator|plastic extrusion operator|extrusion press operator|extruder operating apprentice|extruding machine operator|plastic extrusion machine operator|extrusion machine setter|extruder operating technician|extruder tender|hot extrusion machine operator|extruder operative|cold extrusion machine operator|extruder operator|cold extrusion press operator|extruder machine tender|extrusion press technician|extrusion machine worker|extruder machine operator|extruder tender operative|extrusion machine tender|hot extrusion press operator|extruder machine setting operative|extrusion machine operative|extruder machine tendering operator|extruder machine setter
audio and video equipment specialised seller,home entertainment shop salesperson|audio and video specialised seller|hi-fi specialised seller|audio and video equipment specialized seller|audio and video equipment salesperson|audio-visual salesperson|audio-visual specialised seller|multimedia equipment specialised seller|home entertainment specialised seller|home entertainment shop specialised seller|hi-fi salesperson|hi-fi shop specialised seller|audio-visual shop salesperson|audio-visual shop specialised seller|audio and video shop salesperson|home entertainment salesperson|hi-fi shop salesperson|audio and video shop specialised seller|multimedia equipment salesperson|audio and video salesperson
physical education teacher secondary school,physical education teacher|secondary school physical education tutor|secondary school teacher of physical education|high school physical education teacher|pe teacher in secondary school|physical education teacher high school|high school pe teacher|teacher of physical education in secondary schools|physical education tutor secondary school|pe teacher
garden labourer,gardening assistant|garden worker|landscaping labourer|landscaping operative|gardener|manual garden labourer|landscape labourer|garden maintenance trainee|garden laborer|gardening worker
health and safety engineer,industrial health and safety engineer|health and safety consultant engineer|occupational health and safety engineer|health engineer|health and safety engineering specialist|health and safety specialist|health and safety engineering consultant|health and safety engineering expert|health and safety expert|safety case lead author|environmental health and safety engineer|safety case expert|health and safety engineering adviser|safety engineer
leather goods designer,leather goods drawer|leatherware designer|leather goods fashion designer|leather goods drafter|fashion leather goods designer|leather goods designer and developer|leather goods cad designer|leather goods creator|leatherware drafter|leather goods designer & developer
corporate training manager,training development director|training manager|training and development coordinator|education and training manager|training coordinator|training and development manager|learning and development manager|corporate training director|learning manager|talent development coordinator|staff development director|in-company training manager|corporate sector training manager|employment training manager|corporate skills and training manager|professional development training manager|skills development manager|corporate education manager|learning programmes manager|workplace training manager|corporate training and development manager|manager of corporate training
insurance broker,insurance agent|property and casualty insurance agent and broker|life insurance broker|insurance sales person|commercial insurance broker|insurance seller|life insurance representative|retail insurance broker|insurance sales consultant|sales insurance supervisor|household insurance broker|insurance intermediary|insurance sales agent|insurance sales advisor|insurance sales representative|personal lines insurance broker|insurance sales adviser
catcher,poultry gatherer|chicken herder|chicken catcher|poultry catcher|chicken gatherer|poultry herder
specialised outdoor animator,special needs outdoor instructor|personal instructor|outdoor education specialist|scuba diving instructor|skydiving instructor|paragliding instructor|specialized outdoor animator|outdoor instructor for disabled people|outdoor personal development tutor|outdoor education instructor
sign maker,traffic sign maker|road sign maker|road sign installer|signboard writer|advertising sign maker|road sign maintenance worker|sign installer|signwriter|sign maintenance worker|signboard maker|sign writer
restaurant host/restaurant hostess,maître d'hôtel|front of house host|restaurant hostess|front of house hostess|restaurant host|meeter and greeter
labour market policy officer,labour policy officer|labor market policy analyst|labour policy consultant|labour policy analyst|labour market policy analyst|labor policy advisor|policy officer at labour group|labor policy consultant|labor policy researcher|labour policy advisor|lobour policy researcher|policy officer at labour programme|labor policy officer|labor policy analyst
milling machine operator,cnc miller|numerical controlled milling machine technician|numerical controlled milling operator|vertical machining centre operator|milling machine set-up operator|cnc turner/setter|numerical control milling operative|cnc miller|cnc programmer/operator|cnc milling operative|horizontal machining operator|numerical controlled lathe operator|cnc milling machine operative|numerical controlled milling machine operator|numerical controlled lathe technician|cnc setter/operator|computer numerical controlled milling machine operative|cnc milling machine operator|horizontal machining centre operator|horizontal machining operative|numerical control milling operator|computer numerical controlled milling machine operator|numerical controlled milling machine inspector|milling machine tender
wholesale merchant in textiles and textile semi-finished and raw materials,wholesaler in textiles and textile semi-finished and raw materials|assistant wholesale merchant in textiles and textile semi-finished and raw materials|trainee wholesale merchant in textiles and textile semi-finished and raw materials|b2b sales consultant in textiles and textile semi-finished and raw materials|business to business seller in textiles and textile semi-finished and raw materials|senior wholesale merchant in textiles and textile semi-finished and raw materials|wholesale buyer in textiles and textile semi-finished and raw materials|business to business sales consultant in textiles and textile semi-finished and raw materials|wholesale trader in textiles and textile semi-finished and raw materials|graduate wholesale merchant in textiles and textile semi-finished and raw materials|wholesale merchandiser in textiles and textile semi-finished and raw materials
survey enumerator,census worker|census taker|commercial census taker|street surveyor|census interviewer|census official|census clerk|enumerator
fortune teller,crystal gazer|tarot card reader|numerologist|palm reader|mind reader|tea leaf reader
rental service representative in trucks,rental sales manager in trucks|rental sales worker in trucks|rental service worker in trucks|rental service assistant in trucks|rental service manager in trucks|rental sales desk supervisor in trucks|rental service supervisor in trucks|rental service team leader in trucks|rental sales desk clerk in trucks|rental advisor in trucks|rental service desk clerk in trucks|rental sales assistant in trucks|rental sales desk agent in trucks|rental specialist in trucks|rental service desk supervisor in trucks|rental sales supervisor in trucks|rental service desk agent in trucks|rental sales team leader in trucks
aesthetician,facial treatment operator|cosmetician|skin care specialist|beautician|facialist|skin care technician|beauty specialist
head sommelier,wine manager|head of wines|master sommelier|head wine waiter
chemical processing plant controller,process plant operator|chemical plant and systems operator|chemical plant and systems monitoring technician|chemical operator|chemical plant and systems monitor|chemical plant process operator|chemical plant operations technician|chemical plant and system operator|chemical plant systems technician
embassy counsellor,embassy counselor|cultural attache|defence attache|embassy officer|economic attache|counsellor of embassy|attache|political attache
private chef,private culinary expert|culinary expert|private cook
weaving textile technician,weaving loom operator|textile weaver|passementerie production machine operator|lace weaving technician|weaving textile operator|weaving textile supervisor|cotton machine operator|weaving department manager|jacquard weaving technician|willow machine operator|warping machine operator|rope weaving machine operator|mesh weaving technician
ict quality assurance manager,it quality assurance manager|ict quality manager|ict principal testing manager|ict quality assurance managers|ict test manager|principal test manager
master coffee roaster,head coffee roaster
paperhanger,wallpaper decorator|wall paperer|wallpaper hanger|paper hanger|decorator paper hanger
aftersales service manager,after sales service manager|aftersales coordinator
insurance fraud investigator,insurance fraud auditor|insurance policy processing worker|insurance auditors|insurance fraud examiner|insurance fraud inspector
leather finishing operations manager,finishing area supervisor|drying supervisor|drying manager|staking|pressing|buffing manager|finishing manager|spraying manager|moistening|finishing department supervisor|plating manager
chimney sweep,funnel sweeper|smoke-stack sweeper|chimney-sweeping technician|sweeper|chimney sweeper|lump sweeper|chimney-sweeping engineer|flue sweeper
train dispatcher,platform assistant|platform dispatch assistant|railway dispatcher|train dispatch controller|engine dispatcher
intermodal logistics manager,multi-modal services manager|transportation logistics manager|multi-modal transport service manager|intermodal transport logistics manager|logistics and traffic manager|manager of intermodal logistics|manager of multi-modal services|manager of intermodal transportation logistics|multi-modal logistics manager|manager of intermodal transport logistics
hospital porter,porter|general porter|hospital stretcher bearer|hospital portering staff member|hospital stretcher carrier|stretcher carrier|hospital portering service provider|general hospital porter|stretcher bearer|hospital portering
advanced physiotherapist,physiotherapy team leader|clinical lead physiotherapist|physiotherapy lead|lead neuromuscular physiotherapist|lead remedial physiotherapist|lead occupational physiotherapist|physiotherapy team lead|senior physiotherapist|lead neuromusculoskeletal physiotherapist|lead cardiovascular physiotherapist|senior specialist physiotherapist|lead respiratory physiotherapist|senior occupational health physiotherapist|physiotherapy manager|specialist physiotherapist|lead neurological physiotherapist|lead manipulative physiotherapist
onshore wind farm technician,wind turbine service technician|wind farm technician|onshore wind turbine repair technician|onshore wind plant operator|onshore wind turbine maintenance technician|onshore wind plant technician|onshore wind farm operator
process officer,chief process officer|process improvement officer|process management coordinator|business process improvement coordinator|business process advisor|process administration specialist|processing officer|coordinator process management|process support officer|customer process coordinator|process coordinator|continuous improvement officer|business process officer|process improvement coordinator|process administrator|process improvement advisor
aquaculture recirculation manager,aquaculture recirculation supervisor|manager of aquaculture recirculation systems|fish farm recirculation manager
history lecturer,history teacher|lecturer of history|history instructor|professor of modern history|lecturer in history|history lector|professor of history|modern history lecturer|university history teacher|history docent|university lecturer in history|professor of ancient history|professor of medieval history|history professor|ancient history lecturer|university history lecturer|higher education history teacher|medieval history lecturer
drainage engineer,"drainage engineering specialist|water and drainage engineer|water resources engineer|drainage engineering adviser|drainage engineering consultant|irrigation engineer|flood risk engineer|drainage technology engineer|drainage technology engineering expert|drainage engineering expert|storm water drain engineer|drainage technology engineering adviser|drainage systems engineer|drain engineer|sewer engineer|drainage system engineer|drainage technology engineering consultant|plumbing and drainage engineer|drainage technology engineering specialist|project engineer, drainage"
customs and excise officer,clearing agent|customs clearance agent|shipping agent|export documentation officer|customs broker|customs agent
industrial waste inspector,industrial waste tester/inspector|industrial waste disposal inspector|industrial waste management inspector|industrial waste control inspector|industrial waste compliance inspector
landscape designer,landscaper|landscaping designer|garden advisor|garden designer|landscape advisor|landscape consultant
aircraft de-icer installer,aircraft de-icing equipment installer|aircraft de-icing equipment technician|aircraft de-icing equipment installation technician|aeroplane de-icer installer|spacecraft de-icer installer|aircraft de-icing equipment fitter
ict security technician,it security officer|ict security technicians|cybersecurity solutions expert|cybersecurity developer|development and operations security engineer|cybersecurity implementer|ict security officer|it security technician|devsecops engineer|information security implement
vessel assembly inspector,boat assembly quality inspector|boat assembly safety inspector|ship quality compliance inspector|ship engineering compliance inspector|boat assembly inspector|boat engineering compliance inspector|vessel assembly safety inspector|vessel quality compliance inspector|ship assembly quality inspector|ship assembly safety inspector|ship assembly inspector|boat quality compliance inspector|vessel assembly quality inspector|vessel engineering compliance inspector
journalist,financial journalist|business journalist|correspondent|commentator|web editor|news anchor|crime journalist|investigative journalist|political journalist|sports journalist|news writer|science journalist|reporter
drafter,cad draughter|drafting specialist|drafting expert|drafting consultant|computer aided design draughter|draftsperson|draughtsperson|drafting adviser|draughter
wholesale merchant in office furniture,sales agent of office furniture
groundsman/groundswoman,park keeper|groundsman|groundswoman|landscape gardener|horticulturist|grounds staff|lawn care specialist|lawnswoman|lawnsman|greenkeeper|landscape worker|groundskeeping worker
game keeper,gamekeeper|game warden|estate supervisor
household goods distribution manager,household goods supply chain manager|trainee household goods distribution manager|household goods logistics planner|household goods logistics manager|graduate household goods distribution manager|assistant household goods distribution manager|household goods supply chain planner|senior household goods distribution manager|household goods distribution planner
optical disc moulding machine operator,optical disc moulding machine tender|molding machine tender|optical disc moulding machine worker|optical disc moulding machine specialist|optical disc molding machine tender|optical disc moulding machine technician|optical molding machine operator|injection moulding machine tender|optical disc injection moulding machine technician|optical disc molding machine operator|optical disc moulding machine operative|optical disc injection moulding machine specialist|moulding machine tender|injection molding machine tender
rigging supervisor,rigging manager|lifting supervisor|rigging and lifting supervisor|rigging superintendent|lifting and rigging supervisor
chaplain,university chaplain|lay representative|imam|military chaplain|hospital chaplain|rabbi|prison chaplain
wood caulker,wooden hull caulker|wooden ship caulker|wooden boat caulker
moving truck driver,removal van driver|removal van operator|removal truck driver|moving lorry driver|moving truck operator|moving van driver|removal lorry driver
terrazzo setter,concrete flooring worker|terrazzo team worker|terrazzo team member|poured flooring worker|epoxy terrazzo setter|terrazzo worker|terrazzo flooring worker|terrazzo layer
heat treatment furnace operator,billet heating technician|heat treat furnace operative|heat treat furnace operator|heat treating bluer|heat treating technician|heat treat operative|heat treat apprentice|heat treating bluer apprentice|mining oven technician|batch heat operative|casting furnace technician|heat regulator operative|heat treating setter|heat treating furnace operator|billet heater|billet heating operator|heat treating machine operator|billet heater operator|heat regulator operator|heat treating furnace tender|batch heat treat operator
building information modelling consultant,bim consultant|building information modelling specialist|bim specialist
metal planer operator,metal milling machine operator|lathe and turning machine tool operator|planer set up operator|lathe and turning machine tool setter|lathe and turning machine tool tender
rental service representative in recreational and sports goods,rental advisor in recreational and sports goods|rental service team leader in recreational and sports goods|rental service manager in recreational and sports goods|rental service desk clerk in recreational and sports goods|rental sales desk agent in recreational and sports goods|rental sales desk supervisor in recreational and sports goods|rental sales worker in recreational and sports goods|rental sales supervisor in recreational and sports goods|rental specialist in recreational and sports goods|rental sales desk clerk in recreational and sports goods|rental service assistant in recreational and sports goods|rental sales manager in recreational and sports goods|rental service supervisor in recreational and sports goods|rental service desk supervisor in recreational and sports goods|rental service desk agent in recreational and sports goods|rental service worker in recreational and sports goods|rental sales assistant in recreational and sports goods|rental sales team leader in recreational and sports goods
specialist dentist,prosthetic dentist|periodontologist|gerodontic specialist|periodontician|prosthodontic specialist|dental specialist|oral health care specialist|postgraduate dentist|restorative dentist|endodontic specialist|paedodontist|oral and maxillofacial pathology specialist|hospital dentist|orthodontician|dental health specialist|consulting dentist|dentofacial orthopaedic specialist|oral and maxillofacial specialist|consultant dentist|special needs dentist|special care dentist|dental public health specialist|pedodontist
aquaculture husbandry manager,aquatic animals husbandry manager|fish farm on-growing supervisor|aquaculture on-growing manager|aquaculture on-growing supervisor|fish farm on-growing manager
video technician,audio-video technician|audio/visual technician|audio-visual specialist|graphics/video technician|audio video specialist|image technician|video/graphics technician|video conference technician|av technician|audio visual technician|audio visual specialist|visuals technician|audio-video specialist
"wholesale merchant in hardware, plumbing and heating equipment and supplies","wholesaler in hardware, plumbing and heating equipment and supplies|trainee wholesale merchant in hardware, plumbing and heating equipment and supplies|graduate wholesale merchant in hardware, plumbing and heating equipment and supplies|wholesale buyer in hardware, plumbing and heating equipment and supplies|assistant wholesale merchant in hardware, plumbing and heating equipment and supplies|b2b sales consultant in hardware, plumbing and heating equipment and supplies|senior wholesale merchant in hardware, plumbing and heating equipment and supplies|wholesale merchandiser in hardware, plumbing and heating equipment and supplies|wholesale trader in hardware, plumbing and heating equipment and supplies|business to business sales consultant in hardware, plumbing and heating equipment and supplies|business to business seller in hardware, plumbing and heating equipment and supplies"
agricultural equipment design engineer,agricultural systems specialist|agricultural equipment engineering consultant|agricultural landscape enginer|agricultural equipment engineer|agricultural equipment designer|agricultural equipment engineering expert|agricultural equipment technology engineer|agricultural equipment technology engineering adviser|agricultural systems engineer|agricultural equipment engineering adviser|agricultural automation enginer|agricultural equipment technology engineering specialist|agricultural equipment technology engineering consultant|agricultural research enginer|agricultural equipment engineering specialist|agricultural equipment technology engineering expert|agricultural irrigation engineer
host/hostess,hostess|host|airport host|airport hostess|airport host/hostess
structural ironwork supervisor,structural ironworks supervisor|structural steelwork supervisor|structural steel fitting supervisor|steel erection supervisor|steel fitting supervisor|rebar supervisor|structural ironwork foreman|construction ironwork supervisor
building exterior cleaner,building restoration operative|exterior cleaner|floor sweeper|building restoration worker|building cleaning worker|graffiti remover|building cleaning operative worker|floor polisher|façade cleaner|pressure washer operator
museum scientist,conservationist scientist|museum researcher|museum administrator
leather goods manufacturing technician,leather goods worker|leather goods industry forewoman|leather goods technician|leather goods cutting & finishing technician|leather goods cutting and finishing technician|leather goods industry foreman|leather goods manufacture technician
e-learning architect,e-learning architects|distance learning designer|e-learning specialist|elearning architect|elearning developer|elearning designer|distance learning expert|e-learning designer|distance learning specialist|e-learning expert|distance learning architect
performance artist,performer|actor & performance artist|performance poet|mime|multimedia performance artist|impersonator|actor and performance artist|actress and performance artist|actress & performance artist|mimic|drag queen|performance maker|imitator|performance & installation artist|performance and installation artist|live performance artist
footwear production supervisor,footwear finishing room supervisor|footwear production foreman|rubber footwear moulding supervisor|footwear closing room supervisor|footwear product inspection supervisor|footwear manufacturing supervisor|footwear production inspector|footwear production forewoman|footwear cutting room supervisor
straightening machine operator,straightening machinist|straightening machine tender|adjusting machine operator|straightening press operative|straightening press operator|straightener|straightening machine technician|straightening machine operative|straightening machine apprentice
ict system analyst,ict system analysts|ict systems analysts|ict systems analyst|system analyst|it system analyst|network analyst|systems analyst|it systems analyst
hop farmer,hop producer|hop tender|hop grower|hop cultivator|hops cultivator|organic hops cultivator|organic hops grower|hops grower|hops farmer|hops producer|organic hop farmer|hops tender
talent acquisition manager,talent acquisition specialist|talent acquisition partner|talent acquisition recruiter
"import export manager in furniture, carpets and lighting equipment","graduate import manager in furniture, carpets and lighting equipment|assistant import export manager in furniture, carpets and lighting equipment|graduate export manager in furniture, carpets and lighting equipment|trainee export manager in furniture, carpets and lighting equipment|trainee import manager in furniture, carpets and lighting equipment|international trade compliance manager in furniture, carpets and lighting equipment|senior import export manager in furniture, carpets and lighting equipment|assistant export manager in furniture, carpets and lighting equipment|senior import manager in furniture, carpets and lighting equipment|senior export manager in furniture, carpets and lighting equipment|assistant import manager in furniture, carpets and lighting equipment|graduate import export manager in furniture, carpets and lighting equipment|customs compliance manager in furniture, carpets and lighting equipment|international trade manager in furniture, carpets and lighting equipment|trainee import export manager in furniture, carpets and lighting equipment"
osteopath,osteopathic practitioner
environmental expert,geologist|environmental scientist|soil scientist|mineral technologist|geological technologist|green infrastructure analyst|ecosystem restoration project manager|environmental specialist|environmental sustainability expert|environmental compliance expert|environmental consultant|technological environmentalist|environmental technologist|environmental health manager|environmental advisor|climate change specialist
web content manager,content specialist|web content specialist|web content curatorspecialist|web content administrators|digital content|content curator
sales manager,sales commercial manager|sales director|sales executive|group sales manager|area sales manager|inside sales manager|sales coordinator|international sales manage
alternative fuels engineer,alternative fuels expert|alternative non-fossil fuels engineer|alternative non-fossil fuels expert|hydrogen engineer|biodiesel engineer|fuel cell engineer
mental health social worker,social worker (mental health)|approved mental health professional|mental health social support worker|mental health community social worker|care coordinator (mental health)|mental health advocate|care coordinator|mental health gateway worker
wood pallet maker,pallet nailing machine operator|pallet nailing machine technician|pallet nailing machine worker|pallet machine technician|pallet machine specialist|wooden pallet maker|pallet nailing machine specialist|pallet machine operator|pallet machine worker
transport equipment painter,vessel painter|automotive refinisher|automotive paint technician|motor vehicle painter|vehicle paint sprayer|railway carriage painter|truck painter|vehicle body painter|vehicle paint technician|truck refinisher|van refinisher|van painter|aircraft painter|vehicle painter|car painter|car refinisher|automotive painter|motor vehicle refinisher|automotive paint sprayer
taxidermist,bird taxidermist|animal taxidermist|taxidermy technician
ict product manager,ict product managers|it product manager|it products manager|ict products managers|ict products manager
retail department manager,department sales manager|retail department head|head of department (retail)|departmental manager|general merchandise department manager|section manager|concession shop departmental manager|general retail section manager|outlet store department manager|general store department manager
youth programme director,youth development program coordinator|youth program coordinator|youth programme coordinator|inclusion director|youth development director|youth mentoring director|youth development programme coordinator
microbiologist,virologist|microbiology research analyst|histologist|bacteriologist|microbiology studies research analyst|microbiology researcher|microbiology studies scientist|microbiology science researcher|microbiology scholar|microbiology studies analyst|helminthologist|microbiology studies researcher|microbiology biotechnologist|microbiology studies scholar|parasitologist|microbiology scientist|microbiology analyst|microbiology studies research scientist|microbiology research scientist
photographic equipment assembler,assembler of projectors|video camera assembler|assembler of photographic equipment|assembler of photo equipment|projector assembler|camera assembler|photography equipment assembler|assembler of photography equipment|assembler of cameras
ict system developer,systems programmer|ict system developers|systems developer|it system developer|chief ict system developer|ict systems developer|system developer|component developer|system software developer|ict systems developers
food production manager,food production team leader|food production supervisor|production manager food and beverages
court administrative officer,court usher|tribunal administration officer|court administration officer|court clerk|court administrator|tribunal administrative officer|court registrar
aquaculture hatchery worker,fish farm hatchery worker|aquatic animals hatchery worker
chemical tester,metal chemical tester|chemical quality control analyst|chemical element analyst
consul,chargé d'affaires|consul-general|honorary consul|attaché
concrete finisher,cement mason|powerfloat finisher|concrete layer|concrete finisher and layer|concrete flooring operative|concrete renovator|floor finisher|concrete floor finisher|concrete floor finisher and layer|flooring operative|concrete finisher ganger|layer and finisher|power floater|cement finisher|wet concrete finisher
geophysicist,geophysical engineer|project geophysicist|consultant geophysicist|field seismologist|exploration geophysicist|petroleum geophysicist
conveyance clerk,conveyance law clerk|paralegal clerk|property law clerk|conveyancing clerk|conveyancer
band saw operator,vertical bandsaw operator|vertical band saw operator|band saw worker|head saw specialist|horizontal band saw operator|double-cut saw operator|timber bandsaw operator|band saw technician|production saw operator|band scroll saw operator|band saw user|automated bandsaw operator|band scroll saw specialist|band saw operative|band saw sawyer|resaw technician|head saw technician|contour band saw operator|automated band saw operator|cnc bandsaw operator|metal band saw operator|head saw operator|band saw specialist|band scroll saw technician|contour bandsaw operator|bandsaw operator|resaw specialist|resaw operator|timber band saw operator|metal bandsaw operator|cnc band saw operator|horizontal bandsaw operator
compliance engineer,compliance engineering consultant|compliance engineering expert|compliance engineering specialist|compliance engineering adviser|compliance engineers
screen printer,screen print technician|silk-screen printing machine specialist|silk-screen printing machine oeprator|silk-screen printing machine technician|screen printing operator|silk-screen printing operator|silk-screen printer|silk-screen printing machine operator|screen printing machine technician|screen printing machine specialist|screen-printer|silk-screen printing machine worker|screen printing machine operator
ict resilience manager,it resilience manager|manager for vulnerability|manager for it resilience|vulnerability manager|disaster recovery manager|manager for disaster recovery
migrant social worker,social worker|cultural mediator social worker|asylum advice worker|migrant re-settlement worker|immigrant advice worker|immigration support worker|asylum support worker|refugee social worker|migrant advice worker|migrant advice and support worker|immigration social worker
industrial maintenance supervisor,machine setter supervisor|maintenance machining department supervisor|maintenance machining and assembly manager|maintenance machine charge hand|lead maintenance operative|maintenance machine shop supervisor|maintenance machine and assembly maintenance team leader|leading maintenance machinist|maintenance and assembly team leader|maintenance machine shop manager|maintenance machine team leader|maintenance machine adjuster supervisor|maintenance machining supervisor|maintenance work supervisor|maintenance machining and assembly supervisor
physics technician,reprographics technician|physics lab technician|health physics technician|physics assistant|physicist assistant|radiation health technician|medical physics technician|physics laboratory technician|nuclear physics technician
instructional designer,designer of training courses|instructional designers|instructional engineer|instructional course design practitioner|training designer|designer of corporate training|instructional design specialist|learning process designer|instructional design professional|practitioner of instructional course design|instructional course designer|corporate training designer|instructional systems designer|designer of instructional courses|training course designer|instructional developer
linguist,americanist|latinist|linguists|linguistic research scientist|slavist|linguistic scholar|tibetologist|africanist|linguistic researcher|germanist|arabist|anglist|japanologist|scandinavist|semitist|sinologist|hellenist|romanist|philologist|computational linguist|terminologist|koreanist|linguistic science researcher|linguistic scientist|baltist|phonetics specialist|indologist
water-based aquaculture worker,water-based fish culture worker|worker in water-based aquaculture|water-based fish farm worker|water-based fisheries worker
drill press operator,drill operator|metal cnc-press operator|drill operative|drill-press operative|plastic cnc press operative|metal drill-press operator|metal cnc press operator|tapper operator|drill press tender|plastic drill-press operator|automatic drilling technician|automatic reaming machine operator|automatic drill punch operator|automatic drilling machine operative|drill operating technician|metal drill press operative|drill presser|drill press operative|metal cnc press operative|cnc press operative|plastic cnc-press operative|plastic drill press operator|reamer operator|drill press operator for metal|plastic drill-press operative|metal drill press operator|automatic driller and reamer|metal cnc-press operative|cnc-press operative|plastic drill press operative|metal drill-press operative|plastic cnc-press operator|barrel reamer|automatic drilling machine operator|plastic cnc press operator
recording studio technician,sound mixer|audio editor|sounds technician|recording sound engineer|recording studio sound technician|studio sound engineer|studio technician|audio post-production technician|recording engineer|recording technician|audio restorer|recording studio audio engineer|re-recording mixer|special effects sound technician|recording sound technician|recording audio technician
import export specialist in clothing and footwear,senior import export specialist in clothing and footwear|assistant import specialist in clothing and footwear|trainee import specialist in clothing and footwear|senior import specialist in clothing and footwear|trainee import export specialist in clothing and footwear|assistant export specialist in clothing and footwear|trainee export specialist in clothing and footwear|graduate import export specialist in clothing and footwear|assistant import export specialist in clothing and footwear|international trade compliance specialist in clothing and footwear|graduate import specialist in clothing and footwear|senior export specialist in clothing and footwear|graduate export specialist in clothing and footwear|customs compliance specialist in clothing and footwear
medical goods specialised seller,medical goods salesperson|pharmacy salesperson|drugstore specialised seller|chemist shop specialised seller|retail chemist shop salesperson|medical supply store salesperson|chemist shop salesperson|medical goods specialized seller|drugstore salesperson|medical supply store specialised seller|retail chemist shop specialised seller|pharmacy specialised seller
locksmith,key and lock specialist|key maker|key and lock expert|key and lock installer
publications coordinator,publications director|corporate publications manager|operational publications coordinator|international publications coordinator|head of publications|senior publication coordinator|technical publications coordinator|digital communication coordinator|print publications coordinator|technical publications manager|publications manager|global publications manager|publications planning coordinator
cemetery attendant,burial site attendant|burial site worker|burial ground worker|cemetery worker|cemetery labourer|graveyard attendant|churchyard attendant|undertaker's helper|burial grounds custodian|burial ground attendant|graves digger|graveyard worker
steam turbine operator,steam boiler operator|steam turbine generator operator|steam turbine monitoring operator|steam turbine machinery operator|steam-electric power operator|steam turbine safety operator|steam generator operator|turbine hall worker
supply chain manager,global sourcing manager|supply chain specialist|supply chain coordinator|supply chain project manager|supply and distribution manager|supply chain procurement manager
transport engineer,traffic engineer|transportation project engineer|transport infrastructure engineer|transportation engineering adviser|transportation engineer|highways engineer|transportation engineering consultant|chartered transport engineer|roads engineer|transportation engineering specialist|transport projects engineer|transport project engineer|transportation engineering expert|transportation infrastructure engineer
"wholesale merchant in mining, construction and civil engineering machinery","wholesaler in mining, construction and civil engineering machinery|wholesale trader in mining, construction and civil engineering machinery|wholesale buyer in mining, construction and civil engineering machinery|trainee wholesale merchant in mining, construction and civil engineering machinery|b2b sales consultant in mining, construction and civil engineering machinery|business to business sales consultant in mining, construction and civil engineering machinery|assistant wholesale merchant in mining, construction and civil engineering machinery|business to business seller in mining, construction and civil engineering machinery|senior wholesale merchant in mining, construction and civil engineering machinery|graduate wholesale merchant in mining, construction and civil engineering machinery|wholesale merchandiser in mining, construction and civil engineering machinery"
ict help desk agent,it support technician|it help desk agent|ict service desk agent|ict helpdesk agent|ict help desk advisor|it help desk advisor
passport officer,passport examining officer|border control officer|passport office worker|her majesty's passport officer|passport issuing administrator
knitting machine supervisor,knitting inspector|fabric knitting supervisor|knitter of fabrics|knitting foreman|fabric knitter|knitting forewoman|knitter supervisor
mechatronics engineer,electromechanical engineer|robotics engineer|specialist mechatronic engineer|cybernetics engineer|engineer in mechatronics|engineer of mechatronics|advanced mechatronics engineer|mechatronic engineering specialist|mechanical systems engineer|mechatronics systems designer
optical engineer,optics engineer|optical technology engineer|optical engineering specialist|optical engineering expert|optical technology engineering expert|optical technology engineering specialist|optical engineering adviser|optical engineering consultant|optic engineer|optical technology engineering adviser|optical technology engineering consultant
lithographer,metal lithographer|computer-to-plate technician|platesetter specialist|ct technician|master printer/lithography|ctp worker|lithographic printer|platesetter technician|lithographer and digital printer|computer-to-plate operator|ctp specialist|certified master lithographer|lithographic operator|platesetter operator|ctp operator|plate worker|offset lithographer|computer-to-plate specialist
waste treatment engineer,waste treatment engineering adviser|waste treatment engineering specialist|waste treatment technology engineer|waste treatment technology engineering specialist|waste treatment engineers|waste treatment technology engineering adviser|waste treatment engineering expert|waste treatment technology engineering expert|industrial waste treatment engineer|waste treatment technology engineering consultant|waste treatment engineering consultant
mortgage loan underwriter,mortgage compliance underwriter|loan approval officer|loan underwriter|mortgage guideline underwriter
medical sales representative,medical device seller|medical saleswoman|clinical representative|clinical device sales representative|medical salesman|medical representative|medical sales person|medical device sales representative|clinical sales representative|medical sales businessperson
industrial designer,product designer|3d cad designer|packaging designer|product design specialist|glass products designer|toy designer|3d cad design specialist|industrial design specialist|ceramic products designer|cad design specialist|ergonomic designer|industrial design expert|cad design expert|3d cad design expert|cad designer|product design expert
germination operator,malster|steep vessel operator|brewer|maltster|brewery technician
academic advisor,academic student advisor|education advisor|degree program coach|student career guide|degree program guidance practitioner|post-secondary level student advisor|higher education advisor|degree program advisor
temperature screener,entrance screener|covid temperature screener|temperature checker|health screener
farm milk controller,farm milk monitor|farm milk analyst|dairy milk controller|dairy milk analyst
aquaculture site supervisor,fish farm site manager|fish culture site manager|fish farm site supervisor|supervisor of aquaculture sites|fishery site supervisor|fish culture site supervisor
woodturner,wood turning lathe operator|wood lathe specialist|wood lathe operator|wood lathe turner|wood lather|multi-spindle wood machinist|bodger|wood turner|wood machinist|cnc wood machinist|woodworking machinist|wood lather turner|wood turning lathe operative|lather of wood|wood turning machinist|wood turning lathe setter|wood lathe technician|wood turning lathe tender
environmental engineer,environmental engineering consultant|agricultural conservation engineer|industrial environmental engineer|water pollution engineer|environmental analyst|environmental engineering expert|environmental specialist for water management|air protection environmental engineer|sanitary engineer|environmental engineering adviser|environment engineer|chemical environmental engineer|pollution engineer|environmental engineering specialist
power distribution engineer,power distribution engineering expert|power distributions engineer|power distribution technology engineering specialist|power distribution engineering adviser|power distribution systems engineer|power distribution technology engineering adviser|power distribution technology engineer|power distribution engineering specialist|power distribution engineering consultant|power distribution technology engineering consultant|power distribution technology engineering expert|power distribution system engineer
fibre machine tender,forming machine setter|fibre machine operator|glass fibre machine operator|extruding and forming machine setter|staple fibre machine tender|fiber extruding machine operator|fiber machine operative|extruding machine setter|fibre machine operative|staple fiber machine tender
court reporter,shorthand reporter|court stenographer|law reporter|deposition reporter|court recorder|certified shorthand reporter|official court reporter|court transcriber|stenographer|courtroom reporter
video and motion picture editor,motion picture editor|editor|video editor|television and motion picture editor|film editor|motion picture and video editor|cinema editor|film and video editor
steeplejack,mwep operator|rope access steeplejack|suspended platform driver|heightworker|rope access technician
blogger,blog content writer|travel blogger|blog writer|vegan food blogger|drinks blogger|food blogger|fashion blogger|sports blogger|head blogger|lifestyle blogger|health blogger|on-line content writer
statistician,statistic research scientist|statistics research scientist|statistics specialist|statistical scientist|statistics scientist|statistics research analyst|statistical data analyst|statistic research associate|statistical research scientist|statistics researcher|statistics scholar|statistics science researcher|statistics analyst|senior statistician|statistical science researcher|statistical researcher|statisticians|statistical research analyst|statistical scholar
stage technician,theater technician|theatre technician|event technician|theatre technical operator|theatre technical officer|stage technician coordinator|multi-skilled theatre operator|all round engineer|theatre technics operator|multi-skilled stage technician|theater technical operator|theater technics operator|stage technician assistant|audio video and lighting technician|all round theatre technician|allround stage technician|stage technician manager|all round event technician|audio visuals & lighting technician
specialist biomedical scientist,specialist in biomedical research|biomedical scientist specialist|expert in biomedical science|specialist clinical laboratory scientist|specialist in biomedical science|specialist medical scientist|specialist biomedical researcher|biomedical science specialist|specialist biomedical doctor
delicatessen shop manager,farm foods shop manager|craft foods shop manager|fine foods shop manager|delicatessen counter manager|deli shop manager|gourmet shop manager|delicatessen department manager|fine foods store manager|delicatessen store manager|charcuterie shop manager|gourmet store manager|deli store manager
prosecutor,state attorney|public prosecutor|crown prosecutor|prosecuting attorney
anthropologist,arts scientist|cultural scientist|linguistic anthropologist|ethnologist|television scientist|music scientist|sociocultural anthropologist|anthropology research scientist|biological anthropologist|social anthropologist|cultural anthropologist|gender scientist|anthropologue|art sciences scientist|theatre scientist|musicology scientist|movie scientist|archaeological anthropologist|forensic anthropologist
exploration geologist,mineralogist|economic geologist|field exploration geologist|exploration geology research scientist|exploratory geologist|wellsite geologist|exploration geology scientist|exploration geology researcher|minerals engineer|exploration geology science researcher|minerals exploration geologist|senior mine geologist|exploration geological consultant|exploration geology analyst|exploration field geologist|exploration geology research analyst
"mining, construction and civil engineering machinery distribution manager","graduate mining, construction and civil engineering machinery distribution manager|mining, construction and civil engineering machinery supply chain planner|senior mining, construction and civil engineering machinery distribution manager|mining, construction and civil engineering machinery supply chain manager|trainee mining, construction and civil engineering machinery distribution manager|mining, construction and civil engineering machinery logistics planner|mining, construction and civil engineering machinery logistics manager|assistant mining, construction and civil engineering machinery distribution manager"
hot foil operator,hot stamp technician|foil printing machine technician|foil blocking specialist|hot foil machine technician|foil printing machine operator|foil stamp machine operator|foil press technician|hot foil machine specialist|foil press specialist|hot press specialist|hot foil stamping machine specialist|foil stamping technician|hot stamp specialist|hot foil stamping die cutter|foil stamping specialist|hot foil stamping machine operator|foil blocking technician|hot foil technician|hot press operator|hot foil blocker|hot stamp operator|hot foil specialist|foil press operator|hot foil stamping machine technician|hot press technician|hot foil stamper|foil printing machine specialist|foil stamping operator|hot foil machine operator|foil blocking operator
lumber grader,head lumber tester|lumber tester|head lumber proofer|head lumber quality tester|lumber quality tester|head lumber grader|lumber proofer|lumber quality grader|head lumber quality grader
aircraft assembler,flight control installer|plane assembler|aircraft rigging assembler|helicopter assembler|military aircraft assembler|aircraft mechanical systems installer|fixed wing aircraft|aircraft fitter|jet aircraft assembler|flight control assembler|aeroplane assembler|aircraft structure assembler|aircraft fuselage assembler|aircraft wing assembler|aircraft sub-assembly installer
cartographer,cartographic draftsperson|cartographic researcher|cartographic analyst|cartographic research scientist|map maker|cartographers|cartographic science researcher|cartographic drafter|cartographic research analyst|cartographic scientist
leather goods product development manager,leather goods pre-production manager|product development coordinator leather goods|leatherware product development supervisor|leather goods product development supervisor|leatherware product development director|leatherware product development manager|product development manager leather goods|leather goods product development coordinator|leather goods product manager|product development director leather goods|leather goods product development director
payroll clerk,payroll accounts clerk|wages clerk|payroll bookeeper|payroll officer|payroll technician|payroll administrator|payroll and benefits clerk|personnel and payroll technician|payroll accounting clerk
fire safety tester,fire inspection testing technologist|fire inspection technician|fire safety testing technology expert|fire inspection testing technology specialist|fire safety testing technology specialist|fire safety testing technologist|fire safety testing technician|fire tester|fire inspection testing technology expert
philosophy lecturer,senior lecturer in philosophy|higher education philosophy teacher|philosophy docent|philosophy instructor|lector of philosophy|philosophy lector|professor of philosophy|philosophy professor|university philosophy teacher|philosophy teacher|lecturer of philosophy|lecturer in philosophy|university philosophy lecturer|university lecturer in philosophy
record press operator,record press technician|record press specialist|record press machinist|record pressing machine technician|vinyl record press tender|vinyl record press operator|vinyl record machine operator|record pressing machine specialist|record press worker|vinyl record machine technician|vinyl record press specialist|record pressing machine operator|vinyl record press technician|vinyl record machine specialist|vinyl record machine tender|press tender|record press operative|record press tender
storyboard artist,storyboard revisionist|storyboard and animatic artist|story-boarder|storyboard & animatic artist|storyboarder|storyboard artist and revisionist|storyboard artist & revisionist|storyboard illustrator|story boarder
door to door seller,travelling salesman|door to door salesman|door to door salesperson|doorstep seller|travelling saleswoman|door-to-door seller|door to door entrepreneur|travelling salesperson|home seller|door to door saleswoman
optomechanical engineer,opto-mechanics engineer|opto-mechanical engineer|optomechanical engineering expert|optomechanical design engineer|optomechanical engineering adviser|optomechanical engineering specialist|engineer in optomechanical design|engineer of optomechanical systems|optomechanical technology engineer|engineer in optical systems|optomechanical manufacturing engineer|engineer in optomechanical systems|optomechanical technology engineering adviser|optomechanical engineering consultant|optomechanical technology engineering specialist|optomechanical technology engineering expert|optomechanical technology engineering consultant
electrical equipment production supervisor,supervisor of electrical equipment manufacturing|electrical equipment production manager|manager of electrical equipment manufacturing|electrical equipment production line supervisor|production supervisor in electrical equipment manufacturing|electrical production supervisor|electrical equipment manufacturing supervisor|electrical equipment production line manager|electrical equipment manufacturing manager
forecast manager,analytic and forecasting manager|forecast and planning analyst|demand planning manager|forecast planning manager|forecasting and analysis director|forecast analyst
plastering supervisor,stucco supervisor|dry lining supervisor|plasterboarding supervisor|plastering-supervisor
metal products assembler,fabricator assembler|metal product fabricator|fabricator assembler metal products|metal fabrication apprentice|assembler|metal product assembler|production line worker|fabrication assembler metal products|fabrication assembler|assembly technician|fabricator assembly operative|structural fabrication operator|light assembly operative|fabrication apprentice|metal fabricating operative|metal product assembler and fabricator|production worker|product assembler|light assembly worker|fabricator assembly operator|structural fabricator|fabrication assistant|fabrication operator
data entry supervisor,data processing supervisor|data records supervisor|data entry clerks supervisor|data processing coordinator|data control clerk supervisor|data entry coordinator
hearse driver,chauffeur|funeral car driver|driver|funeral driver
psychotherapist,positive psychotherapist|cognitive behavioural therapist|expert psychotherapist|practitioner of psychotherapy|transpersonal psychotherapist|expert in psychotherapy|integrative psychotherapist|systemic therapist|person-centered psychotherapist|specialist psychotherapist|psycoterapy expert|geriatric psychotherapist|humanistic psychotherapist|group psychotherapist|body psychotherapist|existential psychotherapist|psychotherapy practitioner|person-centred psychotherapist|psychoanalytical psychotherapist|child psychotherapist|neuro-linguistic psychotherapist|reality therapy psychotherapist|gestalt psychotherapist|multi-modal psychotherapist|psychodynamic psychotherapist|hypno-psychotherapist|psychodrama psychotherapist|transactional analytic psychotherapist|youth psychotherapist
thermal engineer,thermal engineering expert|thermal technology engineering consultant|battery thermal system engineer|thermal engineering consultant|thermal engineers|thermal engineering adviser|thermal engineering specialist|thermal plant operator|thermal power engineer|thermal technology engineering specialist|thermal technology engineering adviser|thermal technology engineering expert|thermal technology engineer
property appraiser,valuation surveyors|building appraiser|appraiser of properties|property assessors|residential appraiser|residential appraisers|real estate appraisal technician|properties appraiser|real estate appraiser|appraiser of property|property valuators|real estate appraisers|real estate appraisal technicians|valuation surveyor|building appraiser s|property evaluator|property valuator|property assessor
"import export manager in sugar, chocolate and sugar confectionery","senior export manager in sugar, chocolate and sugar confectionery|senior import manager in sugar, chocolate and sugar confectionery|international trade manager in sugar, chocolate and sugar confectionery|trainee export manager in sugar, chocolate and sugar confectionery|assistant import export manager in sugar, chocolate and sugar confectionery|graduate import export manager in sugar, chocolate and sugar confectionery|graduate export manager in sugar, chocolate and sugar confectionery|assistant export manager in sugar, chocolate and sugar confectionery|international trade compliance manager in sugar, chocolate and sugar confectionery|senior import export manager in sugar, chocolate and sugar confectionery|customs compliance manager in sugar, chocolate and sugar confectionery|trainee import manager in sugar, chocolate and sugar confectionery|assistant import manager in sugar, chocolate and sugar confectionery|trainee import export manager in sugar, chocolate and sugar confectionery|graduate import manager in sugar, chocolate and sugar confectionery"
chain making machine operator,lay-out operator|engine turning operator|fancy wire drawer|novelty chain maker|hand chain making operator|gold chain maker|chain making machine operative|lay-out worker|novelty chainmaker|lay out operative|engine turner|lay-out technician|jewelery chain maker|chainmaker|centrifugal casting machine technician|jewellery chain maker|lay out technician|hand chain maker|centrifugal casting machine operator|jewelry chainmaker|chain maker|lay out worker|chain making machine setter|jewellery chainmaker|chain making machine tender|gold chainmaker
food technician,food tech specialist|technician for sustainable food industry|food technology specialist|food technology expert|food tech expert
enterprise development worker,social entrepreneur|enterprise development manager|corporate social worker|industry social worker|business social worker|enterprise development officer|social enterprise development worker|enterprise development community worker|cooperative development worker|community enterprise development worker|enterprise development adviser|enterprise social worker|enterprise development facilitator
airport security officer,airport security guard|airport security professional|airport security agent|tsa agent|air marshall
shiatsu practitioner,therapist of shiatsu massage|practitioner of shiatsu|shiatsu therapist|shiatsu acupressurist
aviation inspector,transportation inspector|aircraft inspection officer|aircraft maintenance inspector|aviation maintenance inspector|aircraft quality inspector|lead inspection officer|aviation inspection officer|aircraft accident investigator|flight inspector|inspection officer
construction equipment technician,heavy equipment mechanic|building equipment mechanic|building equipment inspector|building equipment servicer|building construction equipment operator|building construction equipment maintenance inspector|building construction equipment mechanic|building construction equipment servicer|building equipment operator|heavy equipment inspector
hawker,stall holder|market trader|street vendor|street seller|indoor market trader|stallholder|outdoor market trader|street trader|peddler|costermonger|market stall trader|licensed hawker|car-boot sale trader|street hawker
rigger,rigger/banksman|crane rigger|rigger/slinger|tent rigger|marquee rigger|lead rigger
acoustical engineer,acoustical technology engineering consultant|acoustical technology engineering expert|acoustical technology engineering adviser|acoustical engineering consultant|acoustical engineering specialist|acoustic engineer|acoustical technology engineering specialist|acoustics engineer|acoustical technology engineer|acoustical engineering adviser|acoustical engineering expert
writer,essay writer|medical writer|creative writer|technical writer|fictional writer|travel guide writer|essayist|poet|textbook writer|noir writer|novelist|science-fiction writer|investigative writer|author|thriller writer
basketmaker,reed weaving handicraft worker|basket reed weaver|basket weaver|basket weaving handicraft worker|artisan basket weaver|reed basket weaver|reed weaver
corporate risk manager,risk and insurance consultant|corporate risk department manager|operational risk manager|chief risk executive|chief risk officer|risk management director|risk management specialist
typesetter,typesetting machine worker|designer and typesetter|typesetting operator|typesetting operative|typesetting machine operator|graphic designer and typesetter|typesetting machine specialist|typesetting specialist|typesetting machine operative|production typesetter|typesetting worker|digital typesetter|typesetting machine technician|typesetting technician|designer & typesetter|graphic designer & typesetter
product quality controller,production inspector|assembly inspector|product compliance inspector|manufacturing product quality controller|product inspector|assembly line inspector|quality control inspector|production controller|product quality inspector|product quality control inspector|manufacturing process quality controller|production quality controller
rubber products machine operator,rubber-products machine operator|rubber production operator|banbury operator|rubber production operative|rubber processing machine operative|rubber process machine operator|rubber products machine minder|rubber processing machine operator|rubber products machine worker|calender machine operator|rubber process machine operative|rubber products machine operative|cure operator
wood treater,wood treatment operative|wood treatment operator|wood treatment specialist|wood treating machine technician|wood treating machine specialist|wood treating machine worker|wood treating machine operator|wood treatment technician|wood treatment worker
biometrician,biometrics scientist|biometricians|biometric studies scholar|biometrics analyst|biometrics researcher|biometric studies research analyst|biometric studies scientist|biometric studies analyst|biometrics scholar|biometrics research analyst|biometrics research scientist|biometrics science researcher|biometric studies research scientist|biometric studies researcher
packaging and filling machine operator,packaging and filling operator|packaging and filling machine worker|packaging and filling operative|packaging and filling worker
aircraft assembly inspector,aircraft assembly maintenance inspector|aircraft assembly repair inspector|aircraft assembly test inspector|aviation assembly repair inspector|aircraft assembly safety inspector|aviation assembly safety inspector|aircraft assembly installation inspector|aviation assembly test inspector|aviation assembly inspector|aviation assembly installation inspector|aviation assembly maintenance inspector|aircraft assembly diagnostic inspector|aviation assembly diagnostic inspector
head pastry chef,executive pastry chef|executive dessert chef|master dessert chef|master pastry chef|master patissier
database developer,data base developer|database design specialist|database development engineer|database coder|database programmer|data base developers|database developers
industrial assembly supervisor,assembly team leader|goods compliance supervisor|assembly line supervisor|assembly foreman|quality supervisor|assembly chargehand|assembly planner|assembly controller|assembly overseer|quality control supervisor|goods production supervisor|assembly forewoman|assembly co-ordinator|production assembly supervisor
import export manager in household goods,trainee import manager in household goods|graduate import manager in household goods|graduate export manager in household goods|international trade compliance manager in household goods|trainee import export manager in household goods|customs compliance manager in household goods|assistant import manager in household goods|assistant import export manager in household goods|trainee export manager in household goods|senior import export manager in household goods|international trade manager in household goods|graduate import export manager in household goods|senior export manager in household goods|assistant export manager in household goods|senior import manager in household goods
quarry manager,quarrying industry manager|quarry engineer|quarry operations engineer|quarry operations manager|quarry management expert|quarry managers|quarrying engineer
remote sensing technician,remote sensing technology scientist|remote sensing technology researcher|remote sensing technology studies research scientist|remote sensing technology scholar|remote sensing technology studies researcher|remote sensing technology analyst|remote sensing technology studies scholar|remote sensing technology studies analyst|remote sensing technology research analyst|remote sensing technology studies scientist|remote sensing technology studies research analyst|remote sensing technologist|remote sensing technology science researcher|remote sensing technology research scientist
advertising copywriter,advertising strategist|copywriting consultant|commercial writer|creative copy|advertising writer|advertisement copywriter|content marketer|web copywriter|continuity writer|creative copy consultant|copy strategist|text writer|copywriter|creative copy artist|content writer|slogan writer|copy writer|copy-based creative
special effects artist,senior special effects artist|digital effects specialist|special effects technician|special effect image designer|special effects animator|special effects specialist|visual effects artist|digital effects artist
ict consultant,ict erp consultant|ict advisor|it advisor|it consultant|it compliance consultant
director of compliance and information security,cybersecurity compliance director|it compliance manager|manager of compliance and information security|cyber legal advisor|compliance and information security manager|compliance and information security director|cybersecurity legal officer|cyber law consultant|ict compliance manager
crane crew supervisor,crane supervisor|crane operations supervisor|lifting operations supervisor|crane safety supervisor|crane operator supervisor|supervisor of crane crew
chemical plant control room operator,panel board operator|production control room operator|closed-circuit television control room operator|manufacturing control room operator|production monitor|control room attendant|cctv control room operator
motor vehicle shop manager,dealership manager|automobile store manager|sales manager motor trade|automotive store manager|light and heavy motor vehicles store manager|vehicle shop manager|used car sales manager|car supermarket manager|car store manager|shop manager in vehicle showroom|automobile shop manager|vehicle sales principal|light and heavy motor vehicles shop manager|store manager in vehicle showroom|car shop manager|vehicle sales showroom manager|senior sales manager|car showroom senior manager|car showroom principal|dealership sales manager|vehicle store manager|new car sales manager|car show room manager|dealership showroom manager|franchise sales manager|sales manager motor dealership|principal sales manager
lieutenant,police lieutenant|armed forces lieutenant
sheep breeder,shearer|sheep rearer|sheep specialist|sheep breeders|goat breeder
aircraft maintenance coordinator,civilian aircraft maintenance coordinator|aviation maintenance scheduler|civilian aircraft maintenance manager|military aircraft maintenance manager|piston aircraft maintenance manager|aircraft maintenance scheduler|helicopter maintenance coordinator|rotary aircraft maintenance coordinator|coordinator of aircraft maintenance|light aircraft maintenance coordinator|airplane maintenance manager|jet aircraft maintenance coordinator|light aircraft maintenance manager|aeroplane maintenance manager|helicopter maintenance manager|aeroplane maintenance coordinator|aircraft maintenance planning officer|plane maintenance manager|jet aircraft maintenance manager|airplane maintenance coordinator|military aircraft maintenance coordinator|plane maintenance coordinator|piston aircraft maintenance coordinator|aviation maintenance planning officer|rotary aircraft maintenance manager|aviation maintenance coordinator
"import export manager in fish, crustaceans and molluscs","assistant import export manager in fish, crustaceans and molluscs|assistant export manager in fish, crustaceans and molluscs|assistant import manager in fish, crustaceans and molluscs|graduate import export manager in fish, crustaceans and molluscs|customs compliance manager in fish, crustaceans and molluscs|international trade compliance manager in fish, crustaceans and molluscs|graduate import manager in fish, crustaceans and molluscs|import export manager in fish, crustaceans and mollusks|graduate export manager in fish, crustaceans and molluscs|international trade manager in fish, crustaceans and molluscs"
control panel tester,electric control panel inspector and tester|panels tester|control panel inspector|electro-mechanical test technician|panel wireman|electrical inspection and test technician|controls tester|electrical control panel test technician|control panel testing technology expert|tester of electrical control panels|electric control panel fault-finder|electric control panel tester and repairer|electric control panel repairer|control panel test technician|control panel testing technology specialist|electric control panel tester|electrical test technician|control panel testing technician|tester of control panels|control panel testing technologist|control panel inspection technician|electrical control panel tester|technician expert in electrical control panels|panel tester|control tester|inspector of control panels|panel builder
energy engineer,energies engineer|energy technology engineering specialist|energy technology engineering expert|power engineer|energy technology engineering consultant|energy engineering specialist|energy engineering consultant|energy technology engineer|energy engineering researcher|energy technology engineering adviser|energy engineering expert|energy efficiency engineer|energy engineering adviser
insulation worker,lagger|insulation installation worker|energy saving materials installer|insulator|cavity insulation installer|loft insulation installer
back office specialist,back office administrator|back office clerk|back office officer|financial office specialist
nuclear reactor operator,nuclear reactor operation technician|nuclear reactor safety supervisor|nuclear reactor operative|nuclear reactor control panel worker|nuclear reactor controller|nuclear reactor technician|nuclear plant monitoring technician|nuclear reactor control panel monitor|nuclear reactor worker|nuclear plant safety technician
glass artist,stained glass creator|stained glass restorer|stained glass designer and maker|stained glass artist & restorer|stained glass artist|stained glass artist & conservator|stained glass window maker|stained glass artist and restorer|stained glass conservator|stained glass artist and conservator|stained glass glazier|stained glass designer & maker
tennis coach,tennis teacher|tennis instructor|mini tennis coach|head tennis coach|tennis trainer|cardio tennis coach|performance tennis coach
mechanical engineering technician,engineering test supervisor|engineering technical manager|engineering technical apprentice|mechanical engineering system inspector|mechanical engineering technical operator|mechanical engineering inspector
rustproofer,rust proof machine operator|rust stripping operative|paint prepping operative|rust proof machine operative|rust stripper|rustproof machine operative|rust-proofing worker|rustproofing worker|rustproof machine operator|paint prepper|rust removing operative|sandblast operator
aircraft engine tester,aeroplane engine inspection engineer|engine inspection technician|aeroplane engine tester|engine tester|plane engine tester|aeroplane engine inspection technician|engine inspection engineer|airplane engine tester|rotary aircraft engine tester|light aircraft engine tester|jet aircraft engine tester|civilian aircraft engine tester|helicopter engine tester|military aircraft engine tester|piston aircraft engine tester
mobile devices technician,cell phone devices technician|mobile equipment technician|mobile hardware technician|mobile technician|mobile devices technicians|mobile hardware maintainer|mobile equipment engineer
mine ventilation engineer,ventilation system coordinator|ventilation officer
hazardous materials inspector,compliance manager|industrial waste analyst|hazardous waste disposal specialist|solid waste compliance specialist|hazardous waste inspector|hazardous waste compliance specialist|hazardous waste management specialist|hazardous waste control specialist|environmental compliance specialist|hazmat compliance specialist|environmental regulations compliance specialist|waste disposal adviser
railway station manager,station master|station director|manager of railway station|head of station
flight instructor,pilot trainer|flying instructor|occupational flight instructor|flight simulation instructor|practitioner of flight instruction|aviation instructor|instructor in flight|pilot instructor|flight instruction practitioner|flying trainer
costume maker,costume builder|costume and prop maker|costumer|costume & prop maker|set costumer|prop and costume maker|costume prop maker|prop costume maker|prop & costume maker
carpet weaver,carpet maker|rug weaver|carpet weavers|carpet-weaving machine operator|rug maker|carpet-tufting machine operator
credit risk analyst,financial risk manager|credit risk surveyor|credit risk controller|credit risk technician|financial risk technician|credit risk consultant|trainee credit risk specialist|credit risk manager|financial risk analyst|financial risk specialist|graduate credit risk specialist|assistant credit risk specialist|senior credit risk specialist|financial risk surveyor
tax policy analyst,tax analyst|pecunary consultant|tax research analyst|fiscal policy analyst|contributions advisor|fiscal analyst|tax policy adviser|fiscal and policy analyst|tax policy advisor
healthcare specialist lecturer,nursing specialist instructor|orthopaedics instructor|lecturer in specialized healthcare|embryology professor|paediatrics docent|healthcare specialist instructor|dietetics teacher|orthopaedics lecturer|embryology teacher|specialist lecturer in healthcare science|pathology instructor|lecturer of specialized healthcare|paediatrics teacher|geriatrics docent|orthopaedics teacher|healthcare specialist professor|healthcare lector|paediatrics lecturer|pedagogy lecturer|pathology professor|nursing specialist docent|dietetics docent|dietetics professor|oncology lecturer|lecturer of specialised healthcare|healthcare specialist teacher|healthcare specialist docent|geriatrics instructor|healthcare specialist lector|pathology lecturer|embryology instructor|pathology teacher|nursing specialist teacher|specialist nursing lecturer|geriatrics professor|geriatrics lecturer|dietetics lecturer|dietetics instructor|paediatrics professor|embryology docent|university healthcare science lecturer|lecturer in specialist healthcare science|orthopaedics docent|nursing specialist professor|orthopaedics professor|nursing specialist lecturer|university lecturer in healthcare science|lecturer in specialised healthcare|paediatrics instructor|embryology lecturer|geriatrics teacher|pathology docent
facilities manager,facilities coordinator|facilities superintendent|building cleaning and maintenance manager|facilities administrator|facilities maintenance manager|facility maintenance technician|building maintenance manager
title closer,escrow officer|real estate closer|closer|closer of titles|closing coordinator|title processor|closing agent|escrow closer
food grader,food product grader
court enforcement officer,court usher|bailiff|enforcement agent|court administrator|court bailiff|debt collector|tribunals officer|jury bailiff|court adminstrative officer|her majesty's court bailiff|warrant server
tourist guide,museum guide|palace guide|city guide|castle guide|guide|tour guide
office equipment repair technician,office facility repair inspector|electronic service technician|office facilities inspector|office equipment service inspector|office facilities manager|office machines technician|copier repair technician|office service inspector|office facilities tecnhician|it repair inspector|office service technician|it repair technician|office equipment inspector|office equipment repairer|office equipment service technician
import export manager in live animals,graduate import export manager in live animals|assistant import manager in live animals|senior import manager in live animals|graduate import manager in live animals|assistant export manager in live animals|international trade manager in live animals|trainee import export manager in live animals|customs compliance manager in live animals|assistant import export manager in live animals|trainee export manager in live animals|senior export manager in live animals|international trade compliance manager in live animals|senior import export manager in live animals|trainee import manager in live animals|graduate export manager in live animals
food service worker,catering worker|kitchen assistant|airline food kitchen worker|airline catering assistant|airline catering worker|food services worker|food production assistant|airline food preparer
roofer,asphalt roofer|house roofer|felt roofer|tinsmith|roof slater|roofing carpenter|roof tiler|cladding installer
rubber technologist,rubber technician|rubber material technologist|rubber technology scientist|rubber technology analyst|rubber technology expert
motion picture film developer,film lab expert|motion pictures film developer|motion picture film specialist|film lab technician|film lab developer|film laboratory specialist|motion picture film technologist|film developer|film lab technologist|motion picture film expert|film laboratory technologist|motion picture films developer|motion picture film technician|film lab specialist|motion picture developer|film laboratory technician|film laboratory developer|film laboratory expert
pile driving hammer operator,pile-driver operative|piling equipment operative|piling equipment operator|pile driving hamer operator|pile drivin' hammer operator|pile-driver operator|pile driving hammer operative|piling operative|piledriver|pile hammer operator
cattle breeder,cattle specialist|cattle rearer
motor vehicle engine tester,diesel engine tester|electric engine tester|engine inspection technician|engine tester|engine inspection engineer|lorry engine tester|truck engine tester|coach engine tester|petrol engine inspection technician|electric engine inspection technician|truck engine inspection technician|bus engine inspection technician|car engine tester|car engine inspection technician|petrol engine tester|vehicle engine inspection technician|gas engine inspection technician|hybrid engine tester|gas engine tester|hybrid engine inspection technician|bus engine tester|diesel engine inspection technician
"import export specialist in machinery, industrial equipment, ships and aircraft","graduate export specialist in machinery, industrial equipment, ships and aircraft|senior export specialist in machinery, industrial equipment, ships and aircraft|international trade compliance specialist in machinery, industrial equipment, ships and aircraft|assistant import specialist in machinery, industrial equipment, ships and aircraft|graduate import export specialist in machinery, industrial equipment, ships and aircraft|trainee export specialist in machinery, industrial equipment, ships and aircraft|trainee import specialist in machinery, industrial equipment, ships and aircraft|trainee import export specialist in machinery, industrial equipment, ships and aircraft|senior import export specialist in machinery, industrial equipment, ships and aircraft|senior import specialist in machinery, industrial equipment, ships and aircraft|assistant import export specialist in machinery, industrial equipment, ships and aircraft|assistant export specialist in machinery, industrial equipment, ships and aircraft|graduate import specialist in machinery, industrial equipment, ships and aircraft|customs compliance specialist in machinery, industrial equipment, ships and aircraft"
advertising media planner,media coordinator|media manager|junior media planner|media planner|digital media planner|senior media planner|media planning expert|media planning strategist|media planning executive|media planner/buyer|media planning manager
membranophone musical instruments maker,kazoo maker|membranophone musical instrument craftswoman|tubular drum maker|membranophone musical instrument constructor|swazzle maker|membranophone musical instruments builder|membranophone musical instrument craftsman|frame drum maker|membranophone musical instrument production worker|kettle drum maker|drum maker|friction drum maker|mirliton maker|membranophone musical instrument assembler
first aid instructor,educator in first aid|trainer in first aid|instructor in first aid techniques|instructor in first aid|first aid educator|first aid trainer|instructor in first aid principles
stevedore,longshoreman|dock worker|ship freight handler|dock labourer
surface mine plant operator,surface miner equipment operator|aggregate driver|surface mining heavy equipment driver|quarry plant operator|surface miner (heavy equipment)|quarry earth moving equipment operative|tipper driver
immunologist,immunology analyst|immunology researcher|immunology studies research analyst|immunology research analyst|immunology studies researcher|immunology studies scientist|immunology scientist|immunology studies scholar|immunologists|immunology science researcher|immunology studies analyst|immunology studies research scientist|immunology research scientist|immunology scholar
environmental policy officer,policy officer|environmental officer|environmental policy researcher|principal environmental policy officer|senior environmental policy officer|environmental policy analyst|environmental policy advisor|environmental projects and policy officer|environmental policy consultant
tour operator representative,holiday rep|holiday representative|tour representative|tour rep
avionics inspector,aviation maintenance inspector|avionics repair inspector|avionics test inspector|avionics diagnostic inspector|flight safety inspector|avionics systems inspector|aviation test inspector|aviation installation inspector|avionics safety inspector|avionics maintenance inspector|aviation safety inspector|aviation repair inspector|aviation diagnostic inspector|aviation systems inspector|avionics installation inspector
process engineer,battery materials process engineer|process technology engineering expert|slitting process engineer|industrial quality engineer|manufacturing systems engineer|process engineering specialist|process technology engineering adviser|process engineering consultant|recycling process engineer|battery integration process engineer|process technology engineering consultant|processes engineer|calendering process engineer|process technology engineering specialist|process technology engineer|battery dismantling process engineer|cell assembly process engineer|processing engineer|process engineering adviser|process engineering expert|formation and ageing process engineer|cell production process engineer|mixing and coating process engineer|battery process engineer
motorcycle delivery person,home delivery motorcycle driver|telephone directory motorcycle deliverer|motorcyle courier|motorcycle driver of deliveries|sameday delivery motorcycle driver|timed delivery motorcycle driver|express delivery motorcycle driver
wood factory manager,natural wood factory manager|wood factory coordinator|wood factory executive|solid wood factory manager|furniture factory manager|wood factory supervisor|wood factory administrator|wood factory overseer|wood factory controller|wood manager|timber factory manager|solid wood factory supervisor|solid wood factory controller|natural wood factory controller|natural wood factory supervisor
law lecturer,specialist law lecturer|lecturer in law|university lecturer in law|law docent|lecturer of law|law lector|university law teacher|law instructor|university law lecturer|higher education law teacher|senior lecturer in law|professor of law|law teacher|university law instructor|law professor
broadcast news editor,radio reporter|television news director|tv news director|digital news editor|night news editor|international news director|news editor|tv news editor|radio news editor|news director|radio editor|television news editor|radio journalist
craft shop manager,craft counter manager|craft department manager|sewing shop manager|weaving shop manager|pottery shop manager|craft supermarket manager|paint shop manager|hobby shop manager|craft superstore manager|craft concession manager|artists materials shop manager
tobacco specialised seller,purveyor of tobacco and tobacco products|cigarette specialised seller|cigar and cigarette salesperson|cigar and cigarette specialised seller|tobacco salesperson|cigar specialised seller|cigar salesperson|tobacconists salesperson|cigarette salesperson|tobacco specialized seller|tobacconists specialised seller|tobacconist salesperson|tobacconist specialised seller
bank treasurer,cfo|chief financial officer|treasury clerk|deputy bank treasurer|financial institution treasurer|senior treasury analyst
milk heat treatment process operator,milk processing operative|milk treatment operator|milk treatment operative|milk processing operator
brick and tile caster,castables operative|brick caster|brick and tile making machine operator|brick and tile-making machine operator|caster (brick and tile)|auger-press operator|pug mill operator|castables worker|tile caster|brick and tile-making machine operative|brick and tile making machine operative
early years special educational needs teacher,early years sen teacher|nursery special educational needs teacher|teacher in early years sen|teacher in early years special educational needs|early years teacher in special educational needs|early childhood special educational needs teacher|early years special needs teacher
circus arts teacher,teacher of circus arts|circus arts instructor|circus arts trainer|circus arts teaching practitioner|trainer in circus arts|circus teacher|instructor of circus arts|circus arts educator
technical sales representative in machinery and industrial equipment,plant machinery sales representative|graduate technical sales engineer in machinery and industrial equipment|trainee technical sales engineer in machinery and industrial equipment|senior technical sales representative in machinery and industrial equipment|technical salespeople in machinery and industrial equipment|technical salesman in industrial equipment|mechanical equipment sales representative|machinery and industrial equipment salesperson|technical saleswoman in industrial equipment|technical saleswoman in machinery and industrial equipment|senior technical sales engineer in machinery and industrial equipment|technical salesman in machinery and industrial equipment|trainee technical sales representative in machinery and industrial equipment|graduate technical sales representative in machinery and industrial equipment|machinery sales representative|technical salesman in machinery|technical salespeople in industrial equipment|technical salesperson in machinery|technical salesperson in machinery and industrial equipment|technical salespeople in machinery|assistant technical sales representative in machinery and industrial equipment|assistant technical sales engineer in machinery and industrial equipment|technical salesperson in industrial equipment|technical saleswoman in machinery
epidemiologist,epidemiology science researcher|epidemiology researcher|epidemiology research analyst|epidemiology analyst|epidemiology research scientist|epidaemiologist|epidemiology scholar|epidemiology scientist
social work supervisor,social services team manager|social work programme manager|social work programme supervisor|social work team manager|senior social worker|social work manager|social work team leader|social services coordinator|social work team supervisor
perfume and cosmetics distribution manager,perfume and cosmetics supply chain planner|assistant perfume and cosmetics distribution manager|perfume and cosmetics logistics planner|senior perfume and cosmetics distribution manager|graduate perfume and cosmetics distribution manager|perfume and cosmetics supply chain manager|perfume and cosmetics distribution planner|perfume and cosmetics logistics manager|trainee perfume and cosmetics distribution manager
youth worker,senior youth worker|youth project team worker|youth support worker|youth centre worker|social worker youth justice|youth and community worker|welfare advisor|youth mentor|youth guidance worker|youth project team leader|youth advocate|youth advisor|youth programmes social worker|youth social worker|youth employment advisor|juvenile care worker
business developer,business development strategist|business development executive|business continuity analyst
supermarket manager,outlet centre manager|graduate trainee supermarket manager|assistant supermarket manager|food supermarket manager|hypermarket manager|graduate supermarket manager|senior supermarket manager|supermarket general store manager|discount supermarket manager|grocery shop manager|general merchandise manager|trainee supermarket manager|concession store manager
"import export specialist in fish, crustaceans and molluscs","graduate export specialist in fish, crustaceans and molluscs|customs compliance specialist in fish, crustaceans and molluscs|international trade compliance specialist in fish, crustaceans and molluscs|graduate import export specialist in fish, crustaceans and molluscs|assistant export specialist in fish, crustaceans and molluscs|assistant import export specialist in fish, crustaceans and molluscs|graduate import specialist in fish, crustaceans and molluscs|import export specialist in fish, crustaceans and mollusks|assistant import specialist in fish, crustaceans and molluscs"
seismologist,seismologists|seismology research analyst|seismology analyst|seismology researcher|seismology scientist|seismology science researcher|seismology scholar|seismology research scientist
computer hardware repair technician,computer repairman|computer hardware repairer|computer expert|computer technical support agent|computer technician|computer service and repair technician|computer service agent|computer hardware repairman|computer repairer
biomedical scientist advanced,advanced biomedical doctor|advanced biomedical researcher|advanced practitioner in biomedical science|advanced medical laboratory scientist|expert scientist in biomedicine|advanced analyst in biomedical science|advanced medical scientist|advanced clinical laboratory scientist|advanced researcher in biomedical science
customer contact centre information clerk,customer information center assistant|client services clerk|customer helpdesk clerk|customer contact center information clerk|customer representative|customer contact clerk|customer service clerk|customer relations representative|customer support officer
investment analyst,portfolio analyst|investment accounting analyst|investment banking analyst|investment banking business analyst|investment compliance analyst|investment officer|investment operations analyst|oil and gas investment banking analyst|investment specialist
foreign exchange cashier,foreign exchange clerk|bank foreign exchange office clerk|foreign exchange teller|bank foreign exchange cashier|money exchanger|foreign exchange office clerk|forex cashier
firefighter instructor,firefighter trainer|instructor of firefighters|instructor in fire academy|fire academy trainer|fire instructor|educator of firefighters|trainer of firefighters|trainer in fire academy|firefighter teaching practitioner|fire academy instructor
colonel,wing commander|battalion commander|lieutenant colonel
arboriculturist,arborist|arboretum worker|arboriculture specialist|tree climber|climber|arboriculturists|tree doctor
columnist,commentator|political columnist|gossip columnist|editorial opinion columnist|humor columnist|food columnist|advice columnist|senior columnist|magazine journalist
tramways technician,aerial cable lineman|tramways electrical technician|transit maintenance technician|lift station maintenance technician|aerial technician
import export manager,senior customs compliance manager|senior import export manager|graduate export manager|senior international trade compliance manager|senior export manager|trainee international trade manager|senior international trade manager|graduate international trade manager|trainee international trade compliance manager|senior import manager|assistant import manager|trainee customs compliance manager|assistant customs compliance manager|graduate import export manager|graduate import manager|assistant import export manager|graduate international trade compliance manager|assistant export manager|assistant international trade manager|graduate customs compliance manager|trainee export manager|trainee import export manager|trainee import manager|assistant international trade compliance manager
spokesperson,public relations coordinator|communications officer|press secretary|media coordinator|public relations officer|spokeswoman|spokesman|company spokesperson|media relations specialist
casino pit boss,gaming floor manager|casino dealer & pit boss|gaming supervisor|gaming floor supervisor|casino dealer and pit boss|pit boss|gaming floor boss|casino pit boss and dealer|casino pit boss & dealer|pit manager|electronic gaming supervisor
civil enforcement officer,civil enforcement supervisor|civil enforcement agent|parking attendant|traffic warden|parking manager
automotive brake technician,automotive braking systems technician|truck brake technician|lorry brake technician|brake technician|car brake technician|automotive braking systems repair technician|automotive braking systems diagnostic technician|suspension technician
animal feed operator,feed mill worker|animal feeder|feeder|feed worker|feed mill operator|animal feed worker
property acquisitions manager,land acquisition coordinator|property transactions supervisor|property acquisitions area manager|land acquisition specialist|real estate acquisitions manager|property acquisition manager|land acquisition manager|director of property acquisition services|porperty acquisitions manager|real estate acquisitions specialist
material stress analyst,structural engineer|materials stress analyst material analyst|stress analyst|material stress-strain analyst|materials analyst|materials stress technician|aircraft body stress analyst|stress technician|stress tester|materials stress analyst|aviation stress analyst|stress-strain analyst|aeroplane stress analyst|structure engineer|airframe stress analyst
wholesale merchant in metals and metal ores,wholesale merchandiser in metals and metal ores|b2b sales consultant in metals and metal ores|business to business seller in metals and metal ores|graduate wholesale merchant in metals and metal ores|wholesale buyer in metals and metal ores|business to business sales consultant in metals and metal ores|trainee wholesale merchant in metals and metal ores|wholesaler in metals and metal ores|senior wholesale merchant in metals and metal ores|wholesale trader in metals and metal ores|assistant wholesale merchant in metals and metal ores
investment fund manager,fund director|investment fund adviser|fixed income portfolio manager|fund directors|fund manager|fund managers|portfolio managers|investments fund manager|investment managers|investments manager|portfolio administrators|investment fund coordinator|portfolio administrator|investment fund portfolio manager|investment fund advisor
property developer,land developer|commercial developer|real estate developer|property developers|house developer|office property developer|housing developer|commercial property developer|developer of real estate|speculative developer|office developer|speculative builder|domestic property developer|speculative property developer
rental service representative in agricultural machinery and equipment,rental advisor in agricultural machinery and equipment|rental service desk agent in agricultural machinery and equipment|rental sales team leader in agricultural machinery and equipment|rental sales desk agent in agricultural machinery and equipment|rental sales assistant in agricultural machinery and equipment|rental sales supervisor in agricultural machinery and equipment|rental service worker in agricultural machinery and equipment|rental service team leader in agricultural machinery and equipment|rental specialist in agricultural machinery and equipment|rental service manager in agricultural machinery and equipment|rental service desk clerk in agricultural machinery and equipment|rental sales manager in agricultural machinery and equipment|rental sales desk clerk in agricultural machinery and equipment|rental service supervisor in agricultural machinery and equipment|rental sales worker in agricultural machinery and equipment|rental service assistant in agricultural machinery and equipment|rental service desk supervisor in agricultural machinery and equipment|rental sales desk supervisor in agricultural machinery and equipment
road transport maintenance scheduler,vehicle maintenance coordinator|route vehicle maintenance planning officer|vehicle maintenance planning officer|road transport maintenance coordinator|scheduler of road transport maintenance|route vehicle maintenance coordinator|route vehicle maintenance scheduler|vehicle maintenance scheduler|road transport maintenance officer
wine fermenter,fermenter|fermentation process operator|wine products fermenter
cultural visitor services manager,mediation and education manager|education and visitor services manager|museum interpretation developer|visitor service and education manager|visitor engagement manager|visitor services and education manager|museum education specialist|education and visitor service manager|art mediation developer|visitor service supervisor|art curator|cultural visitor services supervisor|visitor service manager
veneer grader,plywood tester|plywood grader|veneer quailty grader|veneer rater|veneer tester|plywood-stock grader|plywood quailty grader|veneer quality rater|veneer quality tester|plywood stock grader|plywood quality tester|plywood rater|plywood quality rater
woodcarver,traditional woodcarver|craft woodcarver|artisan woodworker|artisanal woodcarver|artisan|heritage woodworker|heritage wood worker|master woodcarver|craft wood carver|traditional handcarver|heritage wood carver|artisan wood worker|traditional wood carver|artisan woodcarver|handcarver|heritage woodcarver
sexual violence counsellor,victim support worker|sexual violence counselor|sexual violence advisor|sexual assault social counselor|domestic violence counsellor|victim care worker|sexual violence victim advocate|sexual violence support worker|sexual assault counsellor|victim care unit counsellor|victim care unit worker
fish cook,fish restaurant chef|fish fryer|sea food restaurant cook|seafood restaurant cook|fish restaurant cook|saucier|fish chef|fish station cook|seafood cook|poissonnier|fish station chef|fish frier|fish section chef|fish section cook|sea food cook
viticulture adviser,viniculture adviser|wine production adviser|viticulturist|viniculturist|adviser on viticulture|viticulture specialist
"import export specialist in mining, construction, civil engineering machinery","trainee import export specialist in mining, construction, civil engineering machinery|assistant export specialist in mining, construction, civil engineering machinery|trainee import specialist in mining, construction, civil engineering machinery|international trade compliance specialist in mining, construction, civil engineering machinery|assistant import specialist in mining, construction, civil engineering machinery|graduate import export specialist in mining, construction, civil engineering machinery|senior export specialist in mining, construction, civil engineering machinery|trainee export specialist in mining, construction, civil engineering machinery|assistant import export specialist in mining, construction, civil engineering machinery|graduate import specialist in mining, construction, civil engineering machinery|customs compliance specialist in mining, construction, civil engineering machinery|graduate export specialist in mining, construction, civil engineering machinery|senior import export specialist in mining, construction, civil engineering machinery|senior import specialist in mining, construction, civil engineering machinery"
construction general contractor,construction project manager|construction site contractor|construction contactor|general contractor in construction
onshore wind energy engineer,onshore wind energy systems engineer|onshore wind energy specialist|onshore wind energy engineering expert|onshore wind power engineer|onshore wind energy engineering specialist|onshore wind energy technology engineering specialist
maritime water transport general manager,maritime water transportation managing director|sea transport general manager|maritime transport managing director|general manager of maritime water transportation|general manager of maritime water transport|sea transportation managing director|maritime water transport managing director|sea transport managing director|marine transportation general manager|sea transportation general manager|marine transport general manager|maritime transport manager|maritime water transportation general manager|maritime transportation managing director
3d modeller,cgi modeller|3d developer|3d modellers|3d artist|computer-generated imagery modeller|3d modeler|3d texturing artist|3d specialist
case administrator,legal executive|domestic abuse case administrator|probation case administrator|prison case administrator|legal administation officer|legal case administrator
geographer,economic geographer|geographers|biogeographer|cultural geographer|physical geographer|natural geographer|human geographer|geography research scientist
billing clerk,accounting officer|accounts receivables clerk|posting clerk|financial administration clerk|financial clerk|accounts payable officer|account receivable clerk|invoice clerk
pulp technician,pulp and paper technician|pulp and paper production specialist|pulp production technologist|pulp and paper technologist|pulp production engineer|pulp production specialist|pulp production technician
electroplating machine operator,electro-plater|electro plater|non nickel plater|gold plating machine operator|silver plater|metal plater|hot-dip plater|hot dip plater|galvanising machine operator|copper plater|oxidised finish plater|electro plating technician|lock plater|gold plater|nickel plater|metal plating technician|electric plater|electroplater|chrome plater|electrodeposition operator|zinc plater|bronze plater
grants administrator,grants and contracts officer|grants administration funding officer|grants and contracts administrator|proposals administrator|grants & contracts officer|grants and trusts administrator|research grants administrator
automation engineer,engineer in automation|electric vehicles automation engineer|automated systems engineer|manufacturing engineer in automation|mining automation engineer|agricultural automation engineer|unmanned vessel engineer|vessel autonomy engineer|automation systems engineer|battery and microgrids automation engineer|fleet autonomy system engineer|specialist in automation systems|automated systems specialist|engineer in automation systems|specialist in automated systems|engineer in automated systems
industrial mobile devices software developer,industrial mobile devices software programmer|industrial mobile devices software coder|handheld programmer|handheld software developer
ict buyer,ict buyers|it buyer|ict purchaser|ict procurer|ict procurement officer|it procurement officer
grill cook,barbecue cook|grill section cook|grill section chef|rotisserie chef|barbecue chef|steakhouse cook|steakhouse chef|grill station cook|line cook|line chef|grill chef|grill station chef|rotisserie cook
import export manager in machine tools,senior import manager in machine tools|graduate import export manager in machine tools|assistant export manager in machine tools|trainee import manager in machine tools|graduate export manager in machine tools|trainee import export manager in machine tools|assistant import manager in machine tools|trainee export manager in machine tools|international trade manager in machine tools|international trade compliance manager in machine tools|senior export manager in machine tools|assistant import export manager in machine tools|senior import export manager in machine tools|customs compliance manager in machine tools|graduate import manager in machine tools
brigadier,brigadier general|military brigadier|army brigadier|field officer|director of staff
real estate surveyor,real estate surveyors|municipal assessor|real estate analyst
kennel supervisor,pet boarding manager|dog/cat boarding manager|dog/cat kennel manager|pet boarding supervisor|kennel operator|kennel manager|dog/cat boarding supervisor|pet boarding operator|animal care manager|animal care supervisor|dog/cat kennel supervisor
airport planning engineer,aviation development planner|airport planning manager|airport development engineer|airport development director
furniture designer,interior and furniture designer|furniture craftswoman|furniture builder|furniture planner and designer|hand-made furniture builder|interior & furniture designer|furniture artist|furniture designer and maker|furniture and interior designer|furniture technician|furniture design specialist|furniture design advisor|furniture planner|furniture & interior designer|hand-made furniture maker|furniture design consultant|furniture designer & planner|furniture designer & maker|furniture technologist|furniture craftsman|furniture design expert|furniture maker|ff&e designer|furniture planner & designer|hand-made furniture designer|furniture designer and planner|interior ff&e designer|furniture designers
kitchen unit installer,kitchen refurbishment team worker|replacement kitchen installer|kitchen joiner and fitter|kitchen fitter|kitchen installation specialist|kitchen installation worker|kitchen carpenter and joiner|kitchen refurbishment team member|kitchen furniture fitter|kitchen fitting specialist|kitchen installer
mechanical forging press worker,drop forge operator|die forger|forge press operative|automatic casting forging machine technician|automatic casting forging machine operator|automatic casting machine technician|automatic forging machine operator|forgesmith|mechanical forging press forge operator|automatic casting- forging machine operative|automatic casting machine operator|automatic forging machine operative|forge press operator|spring forger|mechanical forging press forge hand|automatic casting- forging machine operator|spring forge operator
cosmologist,evolutionary cosmologist|cosmology scientist|observational cosmologist|theoretical cosmologist|cosmology data scientist|cosmology research scientist
laser cutting machine operator,laser set up operative|laser set up operator|cnc laser cutting machine tender|computer numerical controlled laser cutting machine setter|computer numerical controlled laser cutting machine operator|cnc metal cutting machine worker|laser drill operative|metal cutting machine worker|cnc metal cutting machine tender|computer numerical controlled laser cutting machine worker|cnc laser cutter|laser drill set-up inspector|laser cutting technician|metal cutting machine tender|cnc metal cutting machine setter|cnc laser cutting machine operative|laser mill operator|laser cutter production operator|cnc laser cutting machine operator|laser cutter technician|cnc laser cutting machine setter|laser mill inspector|laser cutting machine set-up operative|metal cutting machine operative|laser cutting machine tender|laser mill technician|laser cutter production operative|cnc laser cutting machine worker|computer numerical controlled laser cutting machine operative|laser cutter|laser drill set-up technician|cnc laser cutting machine set-up technician|computer numerical controlled laser cutter operator|computer numerical controlled metal cutting machine setter|laser drilling operative|laser cutting machine worker|laser drill technician|laser mill operative|computer numerical controlled metal cutting machine worker|cnc metal cutting machine operative|cnc laser set-up inspector|laser cutter production worker|laser drill operator|computer numerical controlled laser cutting machine tender|laser cutter inspector|computer numerical controlled metal cutting machine tender|laser cutting machine setter|cnc laser cutter|laser drill inspector|laser cutting machine set-up operator|laser cutting machine operative|metal cutting machine setter
surgical instrument maker,surgical device repairer|medical instrument assembler|surgical device designer|medical instrument design technician|surgical instrument technician|medical instrument technician|orthopaedic appliance maker|surgical device assembler|surgical instrument designer|medical instrument repairer|surgical instrument design technician|surgical instrument repairer|surgical device technician|medical instrument designer|surgical instrument assembler|surgical device design technician
driving instructor,learner driver instructor|driving educator|driving trainer|teacher of driving|instructor in driving|teacher of learner drivers
mineral crushing operator,mineral crushing machine operative|stone crushing machine operative|stone crushing process operative|stone crushing plant operative|stone crushing machine operator|mineral crushing plant operator|mineral crushing process operator|stone crushing plant operator|mineral crushing process operative|stone crushing process operator|mineral crushing machine operator|mineral crushing plant operative|stone crushing operator
editorial assistant,travel and property editorial assistant|editorial production assistant|digital editorial assistant|magazine editorial assistant|children's editorial assistant|beauty editorial assistant|editorial arts assistant|commercial editorial assistant|fashion editorial assistant|editorial intern|online editorial assistant|editorial aide
rescue diver,lifeguard|dive emergency worker|underwater rescue worker|emergency rescue diver|para-rescue diver|diver life support technician|dive rescue technician|search and rescue diver
industrial engineering technician,industrial tool design quality control inspector|industrial tool design technologist|industrial tool development inspector|industrial tool technologist|industrial tool design inspector|industrial tool development technologist|industrial tool inspector|industrial tool design quality control technologist
service manager,service operations manager|customer service manager|field service manager|service director|regional service manager|service coordinator|corporate service coordinator|client services manager|client services coordinator|client services representative|support services manager
fibre optic installer,fibre optic technician|fibre optic splicer
fisheries master,master of fishing vessel|fishing vessel captain
manicurist,finger nail technician|nail technician
metallurgist,steel industry experts|extraction metallurgist|chemical tester|physical metallurgist|chemical technician|forging engineer|consultant metallurgist
farrier,horse hoof trimmer|horse shoe fitter|horse pedicure specialist|farriers|shoesmith
coastguard watch officer,maritime and coastguard officer|coastguard|coastguard officer|coastguard rescue officer
wig and hairpiece maker,hairpiece maker|senior wig maker|wig-hairpiece maker|wig builder|wig consultant|wig maker|wig specialist|wig and hairpiece builder|make up artist & wig maker|junior wig maker|wig & hairpiece maker|wig and hairpiece technician|wig technician
matrose,watchstander|able seawoman|able seaman|dayworker|ab
ict application developer,application developer|application software developers|application designer|app software developer|software programmer|application software engineer
stand-up comedian,stand up comedian|comic|humorist|stand up|stand up comic|comedian|stand-up|stand-up comic
crosscut saw operator,crosscut sawyer|cross-cut saw technician|cross-cut sawyer|crosscut saw technician|cross-cut saw specialist|crosscut saw worker|crosscut saw specialist|cross-cut saw operator
harp maker,celtic harp maker|multi-course harp builder|multi-course harp maker|lever harp builder|wire harp maker|wire harp builder|lever harp maker|celtic harp builder|pedal harp maker|pedal harp builder
infantry soldier,rifleman|army soldier|sniper|infantryman|foot soldier|military ranger
furniture carpets and lighting equipment distribution manager,"furniture, carpets and lighting equipment distribution manager|furniture, carpets and lighting equipment logistics planner|furniture, carpets and lighting equipment supply chain manager|senior furniture, carpets and lighting equipment distribution manager|furniture, carpets and lighting equipment logistics manager|trainee furniture, carpets and lighting equipment distribution manager|furniture, carpets and lighting equipment distribution planner|furniture, carpets and lighting equipment supply chain planner|graduate furniture, carpets and lighting equipment distribution manager|assistant furniture, carpets and lighting equipment distribution manager"
prop master/prop mistress,prop master|prop coordinator|property coordinator|prop master/mistress assistant|prop technician|prop supervisor|property mistress|prop mistress|property master|prop assistant|property technician
ict system integration consultant,network integration consultant|system integration consultants|systems integration consultant|application integration consultant|systems integration consultants
clothing sample machinist,sample sewing machinist|sample garment machinist|sample clothing sewer|garment sample machinist|sample sewer
dental chairside assistant,qualified dental nurse|trainee dental nurse|dental assistant|dental support worker|orthodontic nurse
ticket sales agent,ticket booking agent|ticket reservation agent|ticket agent
shop supervisor,shop general supervisor|shop staff supervisor|retail shop supervisor|boutique supervisor|retail store supervisor|store supervisor
wood production supervisor,sawmill supervisor|overseer of wood production|supervisor in wood production|wood production controller|sawmill controller|wood production manager|controller of wood production|saw mill supervisor|sawmill senior manager|wood production overseer|saw mill controller|manager of wood production|supervisor of wood production|saw mill overseer|saw mill senior manager|sawmill overseer
industrial machinery assembler,industrial machinery assembly line inspector|sub assembler|final assembler|assembly line machine tender|bench precision assembler|machine assembler|assembly line operator|manufacturing assembler|assembly worker|machine assembly worker|assembly line operative
specialist chiropractor,licensed specialised chiropractor|specialised etiopath|specialised musculoskeletal therapist|specialised chiropractor|specialised neuromusculoskeletal therapist|specialised osteopath
animal chiropractor,veterinary chiropractor|animal chiropractitioner|animal chiropractors
tanning consultant,sun parlor worker|tanning salon attendant|sun parlour attendant|sun parlor attendant|solarium attendant|solarium worker|tan specialist|tanning salon operator|tanning salon manager|tanning salon worker|tan consultant|solarium consultant|tanning specialist
modern languages lecturer,university modern languages lecturer|instructor in modern languages|modern languages teacher|higher education modern languages teacher|modern languages instructor|university lecturer in modern languages|specialist lecturer in modern languages|modern languages professor|senior lecturer in modern languages|lecturer in modern languages|lecturer of modern languages|university modern languages teacher|professor of modern languages|modern languages lector|modern languages docent
venue director,catering manager|event manager|venue manager|party manager|banquet manager|conferencing manager|conferencing and banqueting manager|banqueting manager|conference manager
palliative care social worker,hospice worker|palliative care assistant|palliative care supervisor|hospice care assistant|hospice carer|palliative and hospice social worker|hospice nursing assistant
geothermal engineer,geothermal power plant manager|geothermal o&m engineer|geothermal technology engineering adviser|geothermal engineering consultant|geothermal power plant engineer
warehouse worker,order clerk|warehouse packager|warehouse picker|packer|warehouse operator|order picker|packer and shipper|warehouse packer|warehouse operative|packager
project manager,special project manager|project expediter|project leader|projects manager|project coordinator|project director|senior project manager
yeast distiller,yeast distilling operative|brewing yeast distiller|yeast handler|brewing yeast handling operative
computer hardware test technician,computer hardware inspector|inspector of computer hardware|computer hardware testing technician|computer hardware tester|tester of computer hardware|inspection technician in computer hardware|hardware tester|computer hardware inspection technician
groom,riding coach|stud hand|horse groom|trek assistant|jockey
technical sales representative in chemical products,trainee technical sales engineer in chemical products|graduate technical sales engineer in chemical products|chemical products field salesperson|senior technical sales representative in chemical products|chemical products technical field sales representative|chemical products field salesman|senior technical sales engineer in chemical products|chemical products inside technical sales representative|assistant technical sales representative in chemical products|graduate technical sales representative in chemical products|chemical products field saleswoman|assistant technical sales engineer in chemical products|chemical products outside technical sales representative|trainee technical sales representative in chemical products
leather goods packing operator,leather goods packing worker|packing attendant|leather goods packing attendant|packing worker
barista,coffee maker|coffee bartender|specialised coffee bartender|specialised bartender
radiation protection officer,radiation protection advisor|radiation protection team leader|radiation protection manager|radiation protection supervisor
retail entrepreneur,retail innovator|retail business entrepreneur|shopping entrepreneur|retail product developer|retail business developer|retail trade entrepreneur|retail business transformer|entrepreneur|retailer|shop keeper|retail sales entrepreneur|retail experience entrepreneur
performance flying director,flying fx choreographer|flying fx director|flying effects choreographer|fly director|flying director|flying effects director
philosopher,philosophy expert|philosophy student|philosophy scholar|moralist
nitroglycerin neutraliser,nitroglycerin neutralizer|nitroglycerin production operator|nitroglycerin production worker|nitroglycerine neutralizer|nitroglycerin production operative|neutraliser|neutralizer
accounting assistant,billing and accounting assistant|assistant accountant|junior accountant|finance assistant|accountant assistant
aquaculture environmental analyst,fish farming environmental specialist|specialist in aquaculture environmental analysis|aquaculture environmental scientist|aquaculture environmental specialist|marine scientist|aquaculture environment specialist
archaeology lecturer,lecturer in archaeology|archaeology docent|archaeology teacher|archaeology instructor|archaeologist lector|university lecturer in archaeology|university archaeology lecturer|lecturer of archaeology|archaeology lector|archeology lecturer|instructor in archaeology|senior lecturer in archaeology|professor of archaeology|lecturer in archaeological studies|archaeology professor
optometrist,specialist in optometry|optometry practitioner|expert optometrist|specialist optometrist|practitioner of optometry|optometric expert|ophthalmic optician
literature teacher at secondary school,high school literature tutor|english literature teacher|literature teacher|secondary school literature tutor|literature teacher high school|literature teacher in high school|high school literature teacher|english literature teacher in secondary schools|teacher of literature in high school
financial broker,financial services broker|financial services adviser|finance adviser|finance broker|financial services manager|broker
research manager,research scientist|chief science officer|principal research scientist|head laboratory analyst|scientific research director|head of laboratory|scientific director
fish preparation operator,fish gutter|fresh fish processing operator|fish processing operator|fishmonger|fresh fish preparation operator|fish boner|seafood preparation operator|shellfish preparation operator|fish counter worker|fish counter salesperson|seafood seller|fish seller|fish stall worker|fish shop worker
securities broker,junior stock broker|stock salesperson|financial services sales agent|investment broker
public relations officer,public affairs officer|public relations coordinator|communications officer|press secretary|public information officer|media coordinator|press consultant|media relations officer|press relations officer|media consultant
mask maker,mask designer & maker|mask designer & builder|mask-maker|mask designer/maker|mask designer and builder|mask builder & designer|mask builder and designer|mask maker and designer|mask designer and maker|mask maker & designer|mask builder
roadside vehicle technician,pcv roadside technician|bus roadside technician|bus and coach roadside technician|mobile vehicle mechanic|truck recovery technician|vehicle recovery technician|lgv roadside technician|automotive recovery technician|car recovery technician|light vehicle roadside technician|mobile auto mechanic|heavy vehicle roadside technician|coach roadside technician|van recovery technician
flower and garden specialised seller,nursery shop salesperson|plants specialised seller|plant nursery specialised seller|garden centre salesperson|garden centre specialised seller|floristry shop salesperson|lawn and garden shop salesperson|floristry store specialised seller|flower salesperson|garden store specialised seller|floristry store salesperson|plant nursery salesperson|garden supplies salesperson|flower and garden specialized seller|plant and garden shop salesperson|garden superstore salesperson|lawn and garden products specialised seller|lawn and garden store salesperson|lawn and garden store specialised seller|lawn and garden products salesperson|flower shop specialised seller|garden store salesperson|plant centre salesperson|flower shop salesperson|floristry shop specialised seller|nursery shop specialised seller|plant shop specialised seller|plant salesperson|garden supplies specialised seller|garden superstore specialised seller|lawn and garden shop specialised seller|flower specialised seller|plant and garden shop specialised seller
mining electrician,auto electrician|maintenance electrician|plant electrician|mine machinery specialist|maintenance electricians|electrical engineering technical|electrical engineering technicals|mining electricians|electrical specialists|underground mining electrician|electrical technicians|electrical fitters|auto electricians|electrical specialist
aquaculture husbandry worker,fish farming husbandry worker|aquaculture on-growing worker|aquatic animals husbandry worker
metal product quality control inspector,mechanical supervisor|metal quality superintendent|metal production manager|metal fabricating supervisor|melter supervisor|metal production overseer|testing specialist for weapons and ammunition|metal testing technician|metal nondestructive testing technician|metal fabrication supervisor|metal quality control superintendent|metal grading technician
security alarm technician,security alarm installer|burglar alarm technician|security alarm engineer|intruder alarm installer|fire alarm technician|security systems technician|electronic security systems installer|fire alarm installer|security alarm fitter|burglar alarm installer|intruder alarm technician
engineered wood board machine operator,fibre board machine operator|engineered wood board gluing specialist|fibreboard machine specialist|engineered wood machine operator|fibre board machine technician|particle board machine technician|fibre board machine specialist|particleboard machine operator|engineered wood board machinist|engineered wood machine specialist|engineered wood board gluing technician|particle board machine specialist|fibreboard machine operator|particleboard machine technician|engineered wood press specialist|engineered wood press operator|engineered wood board machine technician|engineered wood board machine worker|engineered wood board gluing operator|fibreboard machine technician|particleboard machine specialist|engineered wood machine technician|particle board machine operator|engineered wood press technician|engineered wood board machine specialist
decontamination worker,environmental decontamination technician|environmental remediation worker|environmental decontamination worker|soil decontamination worker|radio-active decontamination worker|hazardous material decontamination worker
print folding operator,paper folding machinist|print folding technician|miniture folding operator|complex folder/gluer operator|print folding specialist|printing folding machine operator|folder machine tender|paper folder machine worker|folder cutter operator|miniture folding technician|folder/cutter operator|folder gluer specialist|folding machine technician|folder machine operator|folder/guillotine operator|folder/gluer specialist|folder guillotine operator|miniture folding specialist|folding machine specialist
import export specialist in office machinery and equipment,senior export specialist in office machinery and equipment|graduate import specialist in office machinery and equipment|international trade compliance specialist in office machinery and equipment|graduate export specialist in office machinery and equipment|senior import specialist in office machinery and equipment|trainee import export specialist in office machinery and equipment|assistant import specialist in office machinery and equipment|graduate import export specialist in office machinery and equipment|senior import export specialist in office machinery and equipment|assistant import export specialist in office machinery and equipment|trainee import specialist in office machinery and equipment|customs compliance specialist in office machinery and equipment|trainee export specialist in office machinery and equipment|assistant export specialist in office machinery and equipment
social services manager,policy manager|social services team leader|social services team manager|adult social services manager|social services co-ordinator|residential home manager|health and social care service manager|social and care services manager|frontline manager|social care manager|elderly homes manager|care service manager|social care team manager|older adults social services manager|children's social services manager|manager of social service|social services delivery manager|social and community services manager
pharmacy assistant,assistant in pharmacy|dispensing assistant|pharmacy service assistant|pharmacy dispensing assistant
dairy products and edible oils distribution manager,trainee dairy products and edible oils distribution manager|dairy products and edible oils supply chain manager|graduate dairy products and edible oils distribution manager|senior dairy products and edible oils distribution manager|dairy products and edible oils logistics manager|dairy products and edible oils logistics planner|dairy products and edible oils distribution planner|dairy products and edible oils supply chain planner|assistant dairy products and edible oils distribution manager
pultrusion machine operator,reinforced fibreglass maker|pultrusion process operator|pultruded fibreglass worker|pultrusion operator|pultrusion machine worker|pultrusion process worker|pultruded fibreglass product maker|pultrusion machine operative|thermoplastic process worker|pultruded fibreglass product worker|pultrusion process operative|pultruded fibreglass maker
student financial support coordinator,financial support coordinator|coordinator of student financial support services|student finance officer|coordinator of student financial support|financial aid coordinator|financial support officer|student financial support services coordinator
agricultural scientist,agricultural development specialist|agriculture research scientist|technician for agricultural bioeconomy|agriculture researcher|agricultural research scientist|agricultural development consultant|agricultural biotechnology research scientist|researcher in agriculture science|bio-technical research scientist in agriculture|agricultural quality scientist
assistant lecturer,college assistant lecturer|higher education assistant lecturer|adjunct assistant professor|university assistant instructor|junior lecturer|lecturer’s assistant|assistant teacher|assistant professor|research assistant professor|assistant docent|college assistant instructor|lector’s assistant|assistant lecturer in higher education|assistant lector|assistant lecturer at a college|university assistant lecturer|assistant lecturer in university|research assistant lecturer
nursery school head teacher,preschool headteacher|head teacher of nursery|nursery school director|nursery school headmaster|kindergarten headmaster|nursery headteacher|preschool head teacher|nursery school headteacher|kindergarten principal|head teacher of nursery school|kindergarten director|headteacher of nursery school
advertising installer,advertisment installer|bill board poster|publicity campaign installer|sign poster|bill poster|billboard poster helper|bill board installer
truck driving instructor,driving instructor|driver training instructor|driver education instructor|hgv instructor|lorry driving instructor|truck driver training instructor|commercial vehicle driving instructor|lorry driver training instructor|cat c instructor|cat c/c+e instructor|truck driver instructor|lorry driving training instructor|lorry driver instructor|truck driving training instructor|lgv instructor
complementary therapist,naturopath|sustainable health practitioner|natural health practitioner|complementary practitioner|holistic therapist|traditional therapist|complementary medicine practitioner|complementary therapy practitioner|practitioner in complementary medicine|natural medicine therapist|alternative therapist|alternative medicine therapist|traditional practitioner of natural health|therapist in complementary medicine|alternative medicine practitioner|practitioner in complementary therapy|naturopathic practitioner|ayurveda practitioner
battery simulation engineer,device test engineer|battery test development engineer|battery modeling specialist|battery simulation specialist|battery calibration engineer|electronics product test engineer|battery simulation test expert|electrical failure analysis engineer|battery test validation engineer|sustaining engineer
spring maker,spring making machine operator|wire coiler spring maker setter|spring making machine tender|box spring maker|wire coiler spring maker tender setter|leaf spring maker|spring making machine setter|extension spring maker|spring setting operator|springer|tension spring maker|coil spring maker|coiler|wire coiler spring making operative|spring making machine operative|compression spring maker|spring setter|spring assembling operator|spring assembler|wire coiler spring maker operative|torsion spring maker|wire coiler spring maker|clock spring maker|wire coiler spring maker operator
fundraising manager,fundraising coordinator|charity fundraiser|fundraiser|philanthropic manager|giving manager|fundraising consultant|individual giving manager|planned giving manager|non-profit fundraiser|fundraising specialist
arts education officer,museum education officer|art mediator|museum visitor services officer|museum education coordinator|visitor service officer|education and visitor services officer|museum visitor service coordinator|museum visitor services coordinator|education officer|education coordinator|museum visitor service officer|visitor service coordinator|visitor services coordinator|visitor services officer|education and visitor services coordinator|art educator|education and visitor service coordinator
fire inspector,fire prevention officer|fire investigator
digester operator,digester technician|digester operative|pulp mill machine operator|pulp mill specialist|pulp mill machine technician|pulp mill operator|pulp mill technician|digester specialist|digester cook|pulp mill machine specialist|digester worker
calibration technician,pyrometry instrument calibration technician|electrical and electronic equipment calibrator|calibrator of electrical and electronic equipment|instrumentation calibration technician|calibrations technician|instrument calibration technologist|technician in calibration of electrical and electronic equipment|electrical and electronic equipment calibration technician|calibrator|electronic instrument calibration technician|instrument and calibration technician|calibration technologist|electrical instrument calibration technician|instrument calibration technician|electrical instrument calibration technologist|technician in instrument calibration|instrument calibrator
marine engineer,marine engineering specialist|marine engineering consultant|naval engineer|marine engineering adviser|marine systems engineer|marine design engineer|ship engineer|ship's engineer|marine auxiliary systems engineer|marine power systems engineer|marine engineers|vessel systems engineer|marine engineering expert|vessel engineer|marine repair engineer
ship pilot dispatcher,ship pilot coordinator|ship pilot controller|dispatcher of ship pilots|shipping pilot dispatcher
prepared meals nutritionist,account manager adult nutrition|nutrition scientist
geothermal power plant operator,geothermal plant operative|geothermal power plant operative|geo-thermal power plant operative|geothermal plant operator|geo-thermal plant operator|geo-thermal plant operative|geothermal plant worker|geo-thermal power plant operator|geo-thermal power plant worker|geothermal power plant worker|geo-thermal plant worker
bookkeeper,general bookkeeper|accounting bookkeeper|accounting clerk|accounting technician|accounts clerk|book-keeper|book-keeping clerk|general-ledger bookkeeper|account information clerk|bookkeeping clerk
gas scheduling representative,gas production planner|gas demand forecaster|gas production scheduling representative|short range scheduler|gas scheduler|short range planner
computer science lecturer,computer sciences lector|senior lecturer in computer science|university lecturer in computer science|university computer science teacher|computer science lector|lecturer in computer science|computer science docent|specialist lecturer in computer science|lecturer of computer science|university computer science lecturer|computer science teacher|computer science instructor|lecturer in computer sciences|higher education computer science teacher|computer science professor
clinical psychologist,expert in clinical psychology|specialist clinical psychologist|practitioner of clinical psychology|hospital psychologist|psychologist in hospital|expert clinical psychologist|hospital psychology practitioner|clinical psychology practitioner
motor vehicle engine assembler,lorry engine assembler|diesel engine builder|truck engine builder|electric engine builder|lorry engine builder|petrol engine assembler|coach engine assembler|hybrid engine assembler|truck engine assembler|bus engine assembler|electric engine assembler|car engine builder|car engine assembler|hybrid engine builder|gas engine builder|petrol engine builder|bus engine builder|diesel engine assembler|coach engine builder|gas engine assembler
timber trader,timber merchant|lumber trader|timber seller|wood merchant|trader of timber|lumber merchant
fisheries observer,fishery observer|fishing area observer|fishing activity observer|fisheries control reporter
malt house supervisor,malt house coordinator|malt supervisor|malting supervisor|malt house manager
logistics engineer,logistics technology engineering adviser|logistics technology engineering specialist|logistics technology engineer|logistics engineering consultant|logistics technology engineering expert|logistics engineering expert|logistics engineering specialist|logistics engineering adviser|logistic engineer|logistics technology engineering consultant
web developer,web application developer|web developers|web engineer|web specialist|web programmer
agronomist,agronomy analyst|agronomy research analyst|organic farming advisor|agronomy science researcher|crop researcher|crop consultant|agronomy adviser|adviser for vegetable production|crop production adviser|adviser for agricultural production|crop scientist|agronomy consultant|crop science researcher|crop research analyst|crop research scientist|crop analyst|technician for sustainable agriculture|agronomy researcher|plant growing advisor|plant growing adviser|agronomy research scientist|agronomy scientist|horticultural adviser|crop adviser
trade development officer,trade development director|import and export officer|import & export director|import and export director|senior trade development officer|international trade development officer
import export manager in tobacco products,senior import export manager in tobacco products|international trade compliance manager in tobacco products|senior import manager in tobacco products|graduate import export manager in tobacco products|assistant import export manager in tobacco products|trainee import manager in tobacco products|senior export manager in tobacco products|graduate export manager in tobacco products|graduate import manager in tobacco products|trainee import export manager in tobacco products|customs compliance manager in tobacco products|trainee export manager in tobacco products|assistant export manager in tobacco products|international trade manager in tobacco products|assistant import manager in tobacco products
control panel assembler,monitoring panel assembler|control panel assembly technician|process control panel assembler|electrical control panel technician|control panel technician|fabricator of control panels|electrical control panel assembler|control panel production assembler|panel board assembler|assembler of electrical control panels|control panel fabricator|fabricator of electrical control panels|assembler of control panels|panel wirer
paper engineer,process engineer|materials engineer|mechanical engineer|pulp and paper engineer|paper mill process engineer|paper machine superintendant|pulp paper engineer
offshore renewable energy engineer,ocean renewable energy engineer|offshore energy farms engineer|hydrodynamics engineer|ore engineer|marine renewable energy engineer
ornamental metal worker,precision structural steel fitter|welder fabricator|welder fabricator installer|structural and ornamental metalwork steel fabricator|structural and ornamental metalwork metal fabricator|precision structural metal fitter|ornamental metalwork metal fabricator|structural and ornamental metalwork copper fabricator
stone polisher,hand stone polisher|worktop polisher|wet stone polisher|stone polishing worker|granite polisher|marble polisher|stone polishing machine operative|hand grinder|surface polisher
fireplace installer,chimney technician|fireplace installation technician|fireplace builder|gas fireplace servicer|fireplace technician|fireplace installer helper
babysitter,baby-sitter|childminder
audiologist,audiology specialist|audiological scientist|technical audiologist|expert in audiology|hearing aid audiologist|specialist in audiology|audiology scientist|paediatric audiologist|senior audiologist|audiology expert
product development engineering drafter,product development engineering draftsperson|product development engineering drafting expert|product development engineering drafting adviser|product development engineering drafting specialist|product development engineering draughtsperson|product development engineering draughter|product development engineering drafting consultant
banking products manager,financial institution products manager|credit products manager|internet banking executive|internet banking manager|e-banking products manager|senior banking products manager|banking products director|commercial banking products manager|savings products manager|banking products analyst|bank products supervisor|credit cards product manager|banking product manager|e-banking product executive|commercial banking products director|electronic banking products manager|mortgage products manager
botanicals specialist,botanical milling operative|botanical expert|botanical specialist|botanical science expert
linguistics lecturer,linguistics docent|lecturer in applied linguistics|linguistics teacher|linguistics lector|higher education linguistics teacher|university linguistics teacher|professor of linguistics|lecturer in linguistics|university linguistics lecturer|lecturer of linguistics|applied linguistics lecturer|professor of applied linguistics|linguistics professor|university lecturer in linguistics|linguistics instructor
vineyard cellar master,vintner|cellar master of a vineyard|winery supervisor|winemaker
covid tester,testing support assistant|mobile screening nurse|covid community testing facilitator|coronavirus tester|testing supervisor|covid testing clinician|covid testing specialist
foundry moulder,foundry worker|foundry coremaker|foundry sand moulder|foundry core maker|coremaker|sand moulder|core maker
politics lecturer,politics professor|professor of politics|political studies instructor|political science professor|politics and international relations lecturer|political science lector|professor of political studies|political science docent|professor of political science|political science lecturer|political studies professor|political studies docent|political science instructor|political sciences lector|university lecturer in political studies|higher education politics teacher|lecturer in politics and international studies|university political studies lecturer|political studies lecturer|teacher|politics and international studies lecturer|lecturer in politics and international relations|political science teacher|lecturer in politics
rolling stock assembly inspector,locomotive quality compliance supervisor|locomotive assembly quality inspector|rail vehicle assembly quality inspector|rolling stock quality compliance inspector|traction quality compliance supervisor|railway vehicle quality compliance supervisor|carriage quality compliance supervisor|carriage assembly quality inspector|railcar assembly quality inspector|rail vehicle quality compliance supervisor|rolling stock assembly quality inspector|wagon assembly quality inspector|multiple unit quality compliance supervisor|railway vehicle assembly quality inspector|multiple unit assembly quality inspector|wagon quality compliance supervisor|railcar quality compliance supervisor|traction assembly quality inspector
property assistant,viewing and sales assistant|real estate assistant|real estate clerk|property clerk|real estate agent assistant
telecommunications analyst,telecoms analysts|network planner|communication analyst|communications analyst|telecom analyst|telecommunications analysts|telecommunications consultant
dangerous goods driver,dangerous goods driving specialist|dangerous goods trucker|dangerous goods deliverer|explosives truck driver|dangerous goods transport specialist|driver of dangerous goods|hazardous materials driver|adr driver
employment support worker,employment rights worker|employment social worker|supported employment worker|employment support social worker|employability support worker|unemployment social worker|job placement social worker|social worker (community development)
geologist,field geologist|geologist engineer|geology science researcher|geology research analyst|site geologist|sedimentologist|petroleum geologist|geologist prospector|consulting geologist|chief geologist|geology researcher|geology studies researcher|bedrock geologist|geology studies analyst|glaciologist|geology scholar|structural geologist|volcanologist|geothermal scientist|geology analyst|coal geologist|geoscience consultant|geology scientist|geology studies research scientist|paedologist|geology studies research analyst|quaternary geologist|geology studies scholar|geology research scientist|geology studies scientist
adult community care worker,community carer|community carer worker|independent living advisor
keyboard musical instrument maker,keyboard musical instrument production worker|keyboard musical instrument craftswoman|keyboard musical instrument assembler|keyboard musical instrument craftsman|keyboard musical instrument constructor|keyboard musical instrument builder
chief operating officer,managing director|chief operations officer|executive vice-president|deputy chief executive officer|chief administrative officer|acting general manager|company deputy chief executive officer
security consultant,security chief|security manager|security supervisor|security specialist|security expert|security advisor
armed forces officer,lieutenant colonel|colonel|navy officer|air force officer|lieutenant|major|military officer|army officer|major general|general|captain|lieutenant general|brigadier|raf officer|naval officer|royal navy officer|officer cadet|royal marines officer|roal air force officer|second lieutenant
operations manager,operations supervisor|business operations manager|division operations manager|operations director|operations administrator|operations general manager
coroner,pathologist|medical examiner|chief coroner|chief medical examiner|forensic medical examiner
army general,major general|general|lieutenant general|military general|armed forces general|general military
absorbent pad machine operator,diaper machine technician|absorbent pad machine technician|absorbent pad machine specialist|absorbent pad machine operative|tampon machine technician|diaper machine specialist|tampon machine specialist|diaper machine operator|tampon machine operator|absorbent pad machine worker
import export manager in waste and scrap,assistant import export manager in waste and scrap|international trade manager in waste and scrap|graduate export manager in waste and scrap|assistant import manager in waste and scrap|assistant export manager in waste and scrap|trainee import manager in waste and scrap|graduate import export manager in waste and scrap|senior export manager in waste and scrap|international trade compliance manager in waste and scrap|graduate import manager in waste and scrap|senior import export manager in waste and scrap|trainee import export manager in waste and scrap|trainee export manager in waste and scrap|customs compliance manager in waste and scrap|senior import manager in waste and scrap
choreologist,benesh movement notator|benesh notator|benesh dance notator|benesh choreologist|dance notator
varnish maker,varnish cooker|varnish blender|maker of varnish|kettle charger|varnish production worker|kettle operator|varnish production process operative|varnish and paint maker|varnish melter|varnish & paint maker|varnish production process worker
tax inspector,pecunary consultant|contributions advisor|taxation lawyer|government tax inspector|fiscal advisor|excise officer|public funds inspector|inspector of taxes|tax specialist
checkout supervisor,customer service manager|till team leader|counter manager|check out clerk|check out manager|checkout clerk|checkout services manager|till team manager|check out supervisor|checkout team leader|till team captain|till supervisor|checkout manager|check out services manager
fitness instructor,swimming instructor|fitness class instructor|aqua fitness instructor|indoor cycling trainer|fitness specialist|water aerobics instructor|gymnastics instructor|dance fitness instructor|aqua aerobics instructor|fitness group instructor|aerobics instructor|indoor cycling instructor|group fitness instructor|strength and conditioning coach|spinning instructor
community health worker,community first responder|community healthcare support worker|community support worker|community healthcare worker|community carer|community health assistant|community healthcare assistant
organ builder,pipe organ maker|organ constructor|pipe organ designer|organ maker|pipe organ builder|organ designer|pipe organ constructor
soap tower operator,tower operative (soap)|tower operator (soap)|tower operator|soap plant worker|soap powder production operative|soap plant operative|soap powder production worker
animal feed supervisor,feed manufacturer|fodder production supervisor|feed mill supervisor|livestock feed supervisor|animal feed production processor|animal feed quality controller|animal feed production manager
energy assessor,energy savings advisor|epc certification assessor|energy consumption advisor|energy performance certificate assessor|household energy use assessor|energy performance assessor
wholesale merchant in chemical products,graduate wholesale merchant in chemical products|trainee wholesale merchant in chemical products|business to business sales consultant in chemical products|business to business seller in chemical products|wholesaler in chemical products|wholesale buyer in chemical products|b2b sales consultant in chemical products|wholesale trader in chemical products|assistant wholesale merchant in chemical products|senior wholesale merchant in chemical products|wholesale merchandiser in chemical products
laser beam welder,repair fitter|maintenance technician|welder|laser tube welder|laser repair welder|laser beam welding machine operator|laser beam machine operator|laser operations|laser beam machine technician|laser welding operator|lbw machine operator|laser tube welder apprentice|laser welder|machine-welder|laser repair technician
market vendor,market trader|costermonger|fruit market vendor|street market vendor|covered market vendor|barrow boy|flower market vendor|street market seller|vegetable market vendor|outdoor market vendor|fish market vendor|indoor market vendor|street market trader|market seller
mover,company mover|removal woman|removal man|removal driver and porter|relocation mover|furniture mover|industrial mover|removal porter|corporate mover
foreign language correspondence clerk,foreign correspondence clerk|foreign language correspondence assistant|foreign correspondent assistant|foreign language correspondence officer|foreign language correspondent clerk|foreign language correspondence secretary|foreign correspondent secretary
talent agent,sport agent|theatrical agent|modelling agent|talent agency|literary agent|commercial agent|talent booking agent|voice talent agent|music agent
wholesale merchant in tobacco products,wholesale merchandiser in tobacco products|graduate wholesale merchant in tobacco products|trainee wholesale merchant in tobacco products|wholesaler in tobacco products|assistant wholesale merchant in tobacco products|business to business sales consultant in tobacco products|b2b sales consultant in tobacco products|wholesale buyer in tobacco products|wholesale trader in tobacco products|senior wholesale merchant in tobacco products|business to business seller in tobacco products
food regulatory advisor,food expert|legislation and controls advisor|food safety expert|food regulatory affairs advisor|food safety regulatory advisor|legislation and specification advisor|food safety auditor|food labelling specialist|food law advisor|food consultant|food regulatory compliance advisor
electricity distribution technician,lineswoman|electricity power line worker|powerline worker|linesman|linewoman|lineworker|power lines construction worker|electric powerline worker|lineman|electric powerline technician|electricity transmission worker
supply chain assistant,global supply chain assistant|supply chain supervisor|supply chain logistics assistant|production assistant|supply chain officer
geochemist,geo-technician|geoscience technician|exploration geochemist|consultant geochemist|petroleum technician|metals analyst|mining geochemist|research geochemist|environmental geochemist|oil geochemist
hunter,deer stalker|wildlife manager|animal hunter|deer hunter|trapper|fur trapper|pelt trapper|game trapper|wildlife culler|animal trapper
aviation safety officer,airfield safety supervisor|aviation security officer|transportation security officer|airport security supervisor|flight safety officer|flight safety supervisor|airport safety supervisor|aviation security supervisor|airport safety officer|airfield safety officer
test engineer,solar inverter test engineer|bess test engineer|battery test engineer|battery validation engineer|battery systems hardware test engineer|agricultural equipment test engineer
religious studies lecturer,lecturer of religious studies|higher education theology teacher|lecturer in religious studies|theology instructor|lecturer of religion|lecturer in religion|religious education lecturer|theology professor|professor of religious education|university religious studies lecturer|professor of religious studies|religious studies teacher|university lecturer in religious studies|theology docent|religious studies professor|senior lecturer in religious studies|religion lector|theology lecturer|theology teacher|religious studies instructor|religious studies docent|religious studies lector
ict environmental manager,it environmental manager|information and communication technologies environmental manager|ict environment manager|ict environment managers|information technologies environmental manager
crop production worker,crop worker|farm worker|crop growing worker|crops production worker|farm hand|growing worker
level crossing signalperson,level crossing signaller|level crossing attendant|level crossing signalman|level crossing signalwoman
aircraft interior technician,aircraft seating technician|aircraft interior design technician|aircraft interior lighting technician|aircraft instrument mecanic|aircraft interior instrument operative|aircraft interior electrical operator|aircraft entertainment systems technician|aircraft interior electtrical coordinator|aircraft instrument technicin|aircraft carpeting technician|aircraft interior finishes technician|aircraft interior electrical operative|aircraft furniture maker|aircraft interior repairer|aircraft interior furniture maker|aircraft interior instrument operator|aircraft electrical inspector|aircraft interior electrical mecanic|aircraft furnishing maker|aircraft interior maintenance supervisor|aircraft interior maintenance cordinator|aircraft interior electrical tecnician|aircraft interior assembler|aircraft upholstrer|aircraft interior maintenance technician|aircraft furnishing technician|aircraft interior panelling technician|aviation interior instrument inspector
pill maker operator,pillmaker operator|piling machine operative|tablet making machine tender|tablet making machine operative|pill production operative|pill production process worker|tablet production operative|pill production worker|pill maker|tablet production process worker|tablet production operator|piling machine operator|tablet making machine operator|tablet production worker|piling machine tender|pill production operator
air force pilot,navy pilot|armed forces pilot|military aircraft driver|naval pilot|aircrew pilot|military pilot
programme manager,program management coordinator|program director|programme management coordinator|programme director|projects portfolio manager
hazardous waste technician,waste disposal compliance technician|waste disposal site compliance technician|toxic waste technician|hazardous waste disposal technician|hazardous waste treatment technician|hazardous waste removal technician|toxic waste disposal technician|toxic waste removal technician|waste sortation technician|toxic waste treatment technician|landfill site technician|waste treatment technician
technical sales representative,field salesman|field salesperson|field saleswoman|technical field sales representative|assistant technical sales representative|inside technical sales representative|graduate technical sales representative|senior technical sales engineer|assistant technical sales engineer|outside technical sales representative|graduate technical sales engineer|senior technical sales representative|trainee technical sales engineer|trainee technical sales representative
mutual fund broker,mutual fund manager|mutual fund sales representative|mutual fund salesman|mutual fund dealer|mutual fund sales agent
lean manager,lean coach|lean project manager|lean facilitator|lean director|operational excellence manager|kaizen manager|lean engineer|lean expert|process excellence manager|continuous improvement manager|manufacturing excellence manager
motor vehicle upholsterer,motorcycle trimmer|lorry upholstery worker|motorcycle upholstery worker|bus trimmer|coach trimmer|car trimmer|lorry upholsterer|bus upholsterer|car upholstery worker|motorcycle upholsterer|lorry trimmer|truck trimmer|coach upholstery worker|truck upholstery worker|bus upholstery worker|truck upholsterer|car upholsterer
performance video designer,projection designer|video & graphics designer|video designer|video & projection designer|visual designer|graphics and video designer|video and graphics designer|video jockey|video and projection designer|projection and video designer|graphics & video designer|projection & video designer
road maintenance technician,road maintenance worker|road inspector|highways maintenance technician|highways inspector|highways technician|highways maintenance inspector|road maintenance supervisor|road maintenance inspector
procurement support officer,officer for procurement documentation|procurement clerk|procurement assistant|procurement documentation officer|junior buyer
primary school head teacher,head teacher of primary school|primary school principal|headteacher of primary school|headmaster of primary school|primary school headteacher|director of primary school|elementary school principal|primary education headteacher|primary education head teacher|primary school director|primary school headmaster
glass beveller,glass beveling machine operator|glass edger|glass beveller machine operator|glass hand-beveller|glass cutter|glass beveler|glass finisher|hand-beveller
vermouth manufacturer,vermouth operative|vermouth producer|vermouth production operative|vermouth processor|vermouth production operator
green coffee coordinator,coffee coordinator|green coffee co-ordinator|green coffee supervisor|green coffee manager
accounting analyst,accounting systems analyst|accounts analyst|accounting specialist|accounting methods analyst
ground rigger,rigging crew member|down rigger
bulldozer operator,bull dozer operator|dozer/crawler driver|earthmover driver|bulldozer operative|dozer operative|dozer driver|bulldozer driver|construction plant operator|bull dozer driver|earthmover operator
policy officer,policy researcher|policy advisor|strategy manager|strategy advisor|policy coordinator|policy analyst|policy manager|health policy officer
scrap metal operative,recycler|recycled metal operative|metal processing operative|smelter operative|recyling operative|metal recycling operative|metal shredder operator|scrap metal processor|scrap sorter|shredder operator
sergeant,lance sergeant|quartermaster sergeant|staff sergeant|chief petty officer|colour sergeant|warrant officer|chief non-commissioned officer|adjutant|drill sergeant|army sargeant|police sargeant|petty officer|station sergeant|commissary sergeant|ordnance sergeants
scraper operator,scraper worker|towed-scraper driver|scraper operative|motor-scraper driver|towed-scraper operator|scraper driver
power plant manager,electric power station engineer|power generation networks manager|demand generation manager|power plant coordinator|energy generation manager|power generation systems manager|power plant project manager|power plant supervisor|power plant superintendent|electric power plant manager|electric power supply manager|electricity generation manager|power supply manager|gas generation manager|electric power generation manager|power generating manager|power plant director|power station manager|power plant generation manager|electric power plant project manager
public procurement specialist,public sector procurement practitioner|public procurement expert|public procurement practitioner|public sector procurement specialist|public sector procurement expert
consumer rights advisor,trading standards officer|legal services adviser|consumer rights legal adviser|consumer rights adviser|legal services advisor|food hygiene inspector|consumer rights legal advisor
wire harness assembler,cable harness technician|assembler of cable harnesses|technician in wire harnesses|fabricator of wire harnesses|fabricator of cable harnesses|wire harness technician|wire harness fabricator|cable harness fabricator|cable harness assembler
train cleaner,train day cleaner|train and station cleaner|train depot cleaner|train night cleaner|train cleaning team member|train cleaning crew member|train cleaning staff member|train cleaning operative
art director,stage director|maestro|advertising art director|designer|visual art director|creative director|artistic projects manager
domestic cleaner,housekeeper|chambermaid|servant|personal maid|charworker|maid|domestic worker|household worker|domestic maid|housekeeping cleaner|cleaning lady|domestic helper|house cleaner|cleaning maid
editor-in-chief,head editor|executive editor|executive director of editorial|editor in chief|managing editor|executive editorial director|chief editor|editorial director
gas processing plant supervisor,gas processing safety controller|gas compressor controller|gas processing maintenance controller|downstream gas processing controller|gas processing controller|gas processing quality controller|gas production controller|gas processing performance controller
energy analyst,energy and sustainability analyst|energy advisor|energy regulation specialist|energy procurement analyst|energy efficiency analyst|senior energy analyst|energy performance analyst
drama teacher,teacher of dramatic arts|drama educator|performing and dramatic arts instructor|performing and dramatic arts teacher|educator in drama|drama instructor|instructor in performing and dramatic arts|teacher of drama
cloud identity manager,cloud identity risk manager|cloud identity access manager|cloud identity engineer
costume buyer,costume purchaser|costumes buyer|buyer of costumes|costume and composite effects buyer
cloud devops engineer,devops analyst|devops consultant|cloud devops solution specialist|devops administrator|devops engineer|cloud infrastructure devops engineer|devops architect|site reliability devops engineer|cloud automation engineer|devops specialist|devops|cloud devops|devops consultant engineer
product grader,grader|product inspector|product quality inspector|quality inspector|product quality monitor|product quality observer|product quality grader|product evaluator|quality grader
museum director,museum and heritage director|director of collections|art collection director|art gallery director|museum manager|head of museum
curator of horticulture,conservation horticulturist|curator & horticulturist|curator and horticulturist|curator of botany|garden curator|horticulture curator
import export manager in clothing and footwear,trainee import export manager in clothing and footwear|assistant import manager in clothing and footwear|trainee export manager in clothing and footwear|trainee import manager in clothing and footwear|senior export manager in clothing and footwear|graduate import manager in clothing and footwear|assistant export manager in clothing and footwear|senior import manager in clothing and footwear|graduate export manager in clothing and footwear|international trade manager in clothing and footwear|assistant import export manager in clothing and footwear|graduate import export manager in clothing and footwear|customs compliance manager in clothing and footwear|senior import export manager in clothing and footwear|international trade compliance manager in clothing and footwear
press and stationery specialised seller,newsagents shop specialised seller|newspapers and magazines salesperson|press and stationery specialized seller|newsagents shop salesperson|stationery specialised seller|stationery shop salesperson|newspaper seller|newspapers and magazines shop salesperson|newsagent retail salesperson|newsagent retail specialised seller|paper shop specialised seller|kiosk specialised seller|paper shop salesperson|newspapers and magazines shop specialised seller|newspaper kiosk salesperson|stationery salesperson|newsagents specialised seller|newspapers and magazines specialised seller|kiosk salesperson|magazines and stationery shop salesperson|magazines and stationery shop specialised seller|stationery shop specialised seller|newspaper kiosk specialised seller|newsagents salesperson
marine chief engineer,chief engineer of a ship|maritime chief engineer|chief ship engineer|maritime chief engineer officer|fisheries chief engineer
furniture upholsterer,chair maker|craftswoman upholster|seat builder|mattress builder|mattress maker|chair builder|chairmaker|seat maker|heritage upholsterer|commercial upholster|soft furnishing maker|craftsman upholster|craft upholster|craftsperson upholster
audit supervisor,audit checker|auditing supervisor|audit leader|audit inspector|audit examiner|audits supervisor|auditor-in-charge|audit overseer|audit team leader|audit assessor|audit associate
communication manager,social media manager|online communication manager|public relations manager|communications manager|press spokesperson|corporate communication manager|internal communications manager|foreign language correspondent communications manager|communication practitioner|communications associate|public relations and communication manager|external communications manager
marine mechatronics technician,maritime mechatronics technologist|naval mechatronics technologist|maritime mechatronics technician|marine mechatronics technologist|ship mechatronics technician|nautical mechatronics technologist|nautical mechatronics technician|naval mechatronics technician
warehouse order picker,order clerk|warehouse packager|warehouse picker|packer|warehouse operator|order picker|packer and shipper|warehouse packer|warehouse operative|packager|warehouse worker|picker and packager|order lifter|packager & picker|packager and picker|picker & packager
it auditor,ict auditor|information technology auditor|it quality appraiser
welding coordinator,ultrasonic metal welder supervisor|welding supervisor|responsible welding co-ordinator|resistance welding supervisor|electric spot welding supervisor|electric arc welding co-ordinator|sheet metal welding supervisor|welder-fabricator technician|sheet-metal welding supervisor|robotic welding supervisor|butt welding supervisor|construction welder supervisor|welding fabricator supervisor|welding technician|stitch welding supervisor|tack welding supervisor|production line welding supervisor
police inspector,police superintendent|superintendent|chief inspector|inspector of police
community social worker,community support worker|community outreach worker|housing social worker|community welfare social worker|social development worker|senior community worker|neighbourhood worker|estate outreach worker|neighbourhood outreach worker|outreach worker
footwear hand sewer,mocassin sewer|mocassin hand stitcher|hand sewer|shoes hand sewer|shoes hand stitcher
dip tank operator,hot dip plater|coating machine operator|hot dipping plater|coating machine operative|coating machine worker|metal dipping machine operative|dip tank operative|dip tank technician|dipping tank worker|impregnating tank operative|dipping tank specialist|plating tank technician|dip tank worker|hot dip galvanizer|dipping tank operator|dip tank specialist|impregnating tank operator|hot dip galvanizing operative|plating tanker operator|dipping tank operative|dipping tank technician|metal dipping machine operator|tanker|plating tank operative|plating tank operator
cultural centre director,center director|director of cultural center|cultural centre manager|arts centre manager|cultural centeredirector|arts center director|community center manager|director of cultural centre|centre director|director of arts centre|director of arts center|arts centre director|cultural center manager
radio producer,producer|radio broadcast producer|radio content and production manager|content and production manager|radio programme producer|radio show production manager|producer in radio|radio show producer|radio production manager
sound artist,sound installation creator|sound designer & artist|live sound artist|sonic manipulator|sound artist and designer|sound designer and artist|sound artist & designer
scanning operator,scanning specialist|scanning technician|scanning machine operator|document scanning operator|scanner specialist|scanning machine tender|scanner technician|scanner tender|scanner operator|document scanner|document scanning specialist|scanning clerk|scanner worker
wholesale merchant in clothing and footwear,graduate wholesale merchant in clothing and footwear|trainee wholesale merchant in clothing and footwear|wholesale buyer in clothing and footwear|senior wholesale merchant in clothing and footwear|business to business seller in clothing and footwear|b2b sales consultant in clothing and footwear|assistant wholesale merchant in clothing and footwear|business to business sales consultant in clothing and footwear|wholesale merchandiser in clothing and footwear|wholesale trader in clothing and footwear|wholesaler in clothing and footwear
nailing machine operator,nailing-machinist|nailing machine specialist|nailing-machine operative|nailing-machine technician|nailing machinist|nailing-machine specialist|nailing-machine worker|nailing machine worker|nailing machine technician|nailing machine operative|nailing-machine operator
glass installation supervisor,foreman glazier|window glass installation supervisor|window installation supervisor|plate glass installation supervisor|fenestration installation supervisor|glazing foreman|glazing supervisor|glass installation foreman
pension scheme manager,pensions manager|pension adviser|pension services manager|pensions adviser|individual pension adviser|pensions retirement plan specialist|retirement planner|pension planner|pension plans administrator|pension fund manager|pension advisor
sophrologist,practitioner of dynamic relaxation methods|dynamic relaxation methods practitioner|specialist sophrology practitioner|sophrology practitioner|dynamic relaxation practitioner|sophrology expert|sophrology specialist|practitioner of sophrology
real estate leasing manager,real estate rental and management manager|property leasing coordinator|property leasing manager|commercial real estate manager|leasing administrator|leasing administration manager|manager of leasing activities|lease operator|commercial leasing manager|leasing manager|commercial leasing administrator
ict network engineer,networks designer|networks developer|network configurator|network developer|network engineers|networks engineer
prepress operator,pre-press artworker|digital pre-press operator|proof-press technician|electronic pre-press operator|proof-press operator|electronic prepress operator|pre-press proofer|proof-press specialist|proofer|prelim/prepress operator
mattress making machine operator,mattress making machine worker|mattress forming machine setter|mattress factory machine worker|mattress factory machine operator|mattress making machine setter|mattress making machine operative|mattress factory operative|mattress factory worker|mattress forming machine operative
choirmaster/choirmistress,choir leader|choir director|choral director|choirmaster|choirmistress
podiatrist,specialist chiropodist|specialist podologist|specialist in chiropody|chiropodist|expert in podiatry|specialist in podology|podiatric physician|specialist podiatrist|expert podiatrist|specialist in podiatry
airspace manager,manager of airspace|airspace management officer|air traffic and airspace manager|airspace and air traffic manager
social security administrator,benefits officer|social security advisor|community services administrator|administrative officer|community services director|benefits advisor
art model,nude art model|life model|artists' model|artist's model|life nude model
crane technician,crane hoist mechanic|crane service mechanic|crane maintenance mechanic
metal polisher,machine buffer|air bag finisher|automatic metal buffer|circle finisher|buffer|pickling operator|tube finisher|buffer operator|mechanical finisher|air bag buffer|metal buffer|smooth clean surface operator|automatic metal finisher|mechanical buffer|eco pickled surface operator|circle buffer|tube buffer|bed buffer|hand finisher|hand buffer|bed finisher|machine finisher
telecommunications equipment maintainer,telecom equipment maintainer|telecoms equipment maintenance engineer|telecommunications equipment maintainers|telecoms equipment maintainer|telecommunications maintenance technician|telecoms equipment maintenance technician
standalone public buyer,procurement expert|small contracting authority public buyer|public buyer|public procurer|small contracting authority public procurer
software architect,software architects|software designer|application architect
violin maker,violin craftswoman|violin builder|violin assembler|violin craftsman
pulp control operator,pulp control worker|pulp and paper producer|pulp production assistant|pulping production assistant|pulping control worker|pulping production operator|pulp production operator|pulping control operator|pulp paper operator|pulp producer
brokerage firm director,brokerage senior manager|brokerage supervisor|brokerage chief executive|brokerage firm supervisor|brokerage managing director|brokerage firm managing director|brokerage firm executive manager|brokerage firm chief executive|brokerage firm chief executive officer
cytotechnologist,expert cytology screener|specialist cytology screener|screener in cytology|senior cytology screener|cytology practitioner|cervical cytology screener|cytology screener|cytoscreener
cabin crew instructor,flight attendant instructor|cabin service instructor|flight attendant trainer|instructor of cabin crew|inflight service instructor|trainer of cabin crew|flight service instructor|cabin crew trainer
lottery operator,lottery worker
dental hygienist,trainee dental hygienist|oral health specialist|oral health practitioner|dental therapist|registered dental hygienist|oral health therapist|orthodontic therapist|qualified dental hygienist
precision mechanic,precision process engineer|precision processing engineer|precision engineering operations supervisor|precision operations mechanic|precision mechanical engineer|mechanical precision engineer|precision engineering supervisor
technical sales representative in the textile machinery industry,textile industry machinery field salesman|textile industry machinery outside technical sales representative|textile industry machinery inside technical sales representative|senior technical sales representative in the textile industry machinery|graduate technical sales representative in the textile industry machinery|assistant technical sales representative in the textile industry machinery|trainee technical sales representative in the textile industry machinery|assistant technical sales engineer in the textile industry machinery|graduate technical sales engineer in the textile industry machinery|textile industry machinery field saleswoman|textile industry machinery field salesperson|senior technical sales engineer in the textile industry machinery|trainee technical sales engineer in the textile industry machinery|textile industry machinery technical field sales representative
clothing fashion designer,couturier|clothes designer|clothing product designer|clothing designer
costume designer,costume specialist|costume designer and fashion stylist|fashion stylist and costume designer|fashion stylist & costume designer|costume designer and maker|costume & set designer|costume and set designer|set & costume designer|costume maker and designer|costume designer & stylist|costume consultant|set and costume designer|costume designer and stylist|costume maker & designer|costume designer & maker|costume designer & fashion stylist|wardrobe specialist
assistant clinical psychologist,psychology assistant|psychological assistant|personality assessment coordinator|assistant psychologist
club host/club hostess,promo worker|drinks host|party hostess|vip hostess|promo boy|party host|drinks hostess|vip host|bar worker|night club worker|promo girl
hide grader,wet-blue grader|crust grader|crust sorter|skin grader|hide graders|hide inspector|hide assorter|raw hide grader
poultry breeder,chicken breeder|poultry specialist|poultry rearer
notary,common law notary|public notary|notarial officer|civil law notary|law signing agent|notary signing agent
education programme coordinator,international education programme coordinator|education programs manager|education programme director|international education program coordinator|education programmes manager|education and training consultant|education & training consultant|education program director
répétiteur,music répétiteur|repetiteur|rehearsal accompanist|accompanist|music repetiteur|opera répétiteur|opera repetiteur|piano accompanist
letting agent,estate agents|estate agent|real estate agent|real estate leasing specialists|rental agents|leasing agents|real estate leasing specialist|letting consultant|leasing broker|real estate leasing consultant|real estate leasing consultants|leasing agent|letting consultants|leasing consultants|rental agent|real estate agents|leasing consultant
gas processing plant operator,gas distribution pipeline operator|natural gas transmission system operative|gas distribution plant maintenance operator|gas distribution operator|gas distribution system worker|gas distribution system operator|gas transmission system operative|gas distribution system operative|gas distribution plant operator|gas distribution network operator
optomechanical engineering technician,technologist in optical systems|technician in optomechanical systems|assistant in optomechanical engineering|optomechanical technician|optomechanical engineering assistant|technologist in optomechanical systems|optomechanical technologist
corporate banking adviser,corporate banker|business banking officer|commercial banking accounts officer|cash management adviser|cash management officer|corporate banking officer|corporate banking centre adviser
creative director,advertising director|chief design officer|executive creative director|creative manager|creative services manager|design strategist|design director|creative coordinator
cider master,cider maker|cider production manager|master cider maker|cider manufacture manager
statistical assistant,administrative assistant|it expert|statistician|computer expert|statistician's assistant|statistician assistant|statistics assistant|admin assistant|information technology expert|statistical report compiler|statistics compiler|report compiler
legal service manager,legal practice manager|head of the legal services office|legal firm manager|legal department director|legal office head|legal department chief
fermenter operator,chemicals fermentation operative|chemicals fermenter operative|fermentation process worker|chemicals fermenter operator|fermentation worker|chemicals fermentation worker|chemicals fermentation process worker|fermenter operative|pharmaceutical fermenter operator|fermentation operative|chemical fermentation process worker|chemicals fermenter worker|fermenter worker
entertainment journalist,film journalist|entertainment correspondent|arts journalist|film and entertainment journalist|event reporter|film & entertainment journalist|live event journalist|entertainment reporter|theatre reporter|live reporter|red carpet reporter|music journalist|arts reporter
shelf filler,department store shelf filler|hypermarket shelf filler|senior shelf filler|rack jobber|trainee shelf filler|garden centre shelf stacker|senior shelf stacker|supermarket shelf filler|supermarket shelf stacker|garden centre shelf filler|department store shelf stacker|shelf stacker|outlet centre shelf filler|shelf stocker|outlet centre shelf stacker|shop shelf stacker|shop shelf filler|filling station shelf stacker|hypermarket shelf stacker|filling station shelf filler|trainee shelf stacker
horticulture production manager,horticulture manager|horticultural crop manager|horticultural producer|horticultural manager|horticultural production manager
crime journalist,investigative journalist|crime writer|crime & critical events journalist|crime reporter|crime and critical events journalist|forensic journalist|senior crime journalist|crime and defence correspondent|crime correspondent|crime & defence correspondent
wholesale merchant in wood and construction materials,wholesaler in wood and construction materials|wholesale trader in wood and construction materials|wholesale buyer in wood and construction materials|trainee wholesale merchant in wood and construction materials|wholesale merchandiser in wood and construction materials|graduate wholesale merchant in wood and construction materials|senior wholesale merchant in wood and construction materials|business to business seller in wood and construction materials|business to business sales consultant in wood and construction materials|b2b sales consultant in wood and construction materials|assistant wholesale merchant in wood and construction materials
secondary school department head,school department head|high school head of department|secondary school head of department|head of department in secondary school|head of department in high school
healthcare assistant,assistant healthcarer|maternity care assistant|health care assistant|resident care assistant|primary healthcare assistant|elderly care assistant|resident healthcare assistant|patient care assistant
import export specialist in waste and scrap,assistant import export specialist in waste and scrap|senior export specialist in waste and scrap|graduate import specialist in waste and scrap|trainee import export specialist in waste and scrap|international trade compliance specialist in waste and scrap|senior import specialist in waste and scrap|trainee import specialist in waste and scrap|assistant export specialist in waste and scrap|customs compliance specialist in waste and scrap|trainee export specialist in waste and scrap|assistant import specialist in waste and scrap|graduate import export specialist in waste and scrap|graduate export specialist in waste and scrap|senior import export specialist in waste and scrap
oil rig motorhand,rig driller|rig maintenance technicians|oil field driller|drilling equipment technician|oil rig operator|oil rig technician|drilling equipment operator
cigar inspector,cigar checker|cigar examiner|tobacco products inspector|cigar quality checker|cigar product tester|cigar product checker|cigar sampler|cigar packing inspector|cigar tester|cigar products inspector|cigar product examiner|cigar products quality inspector|quality tester (cigars)|quality checker (cigars)|quality inspector (cigars)|cigar quality tester|cigar quality inspector|cigar packing examiner
human resources officer,hr director|personnel rep|human resources director|hr officer|lifelong learning coach|personnel manager|personnel representative|human resources supervisor|personnel officer|human resources worker|hr worker|personnel expert|hr rep|hr supervisor|human resource officer|personnel supervisor|hr representative|human resources representative|personnel assistant|personnel director|personnel worker|personnel administrator|skills trainer|personnel recruiter|human resources rep|personnel development specialist|competencies trainer
data analyst,battery data analyst|mine electrification data analyst|data warehouse analyst|data warehousing analyst|battery materials data analyst|battery module performance data analyst|business data analyst|data storage analyst
beauty salon attendant,suntan salon attendant|sun parlor worker|tanning salon attendant|sun parlour attendant|suntan salon worker|sun parlor attendant|solarium attendant|solarium worker|beauty salon worker
chocolate moulding operator,chocolate mould operator|chocolate mould operative|chocolate moulder|chocolate molding operator|chocolate mould worker
wastewater treatment operator,wastewater safety operative|wastewater treatment system worker|wastewater treatment plant operative|drinking water treatment system operative|wastewater quality tester|drinking water treatment system worker|water treatment system operative|drinking water treatment system operator|wastewater treatment plant worker|wastewater quality operative|wastewater safety tester
electromechanical equipment assembler,electromechanical equipment fabricator|electro-mechanical equipment assembler|electromechanical equipment production worker|assembler of electro-mechanical equipment|fabricator of electromechanical equipment|electromechanical equipment products wirer/assembler|electromechanical equipment production operative|electromechanical instrument fabricator|electromechanical assembler|assembler of electromechanical instruments|assembler specialised in electromechanical equipment|electromechanical instrument assembler|electromechanical equipment products assembly worker|assembler electromechanical equipment products|electromechanical equipment products production worker|electromechanical equipment products assembler|assembler of electromechanical equipment|electromechanical equipment products wirer|electromechanical equipment products assembly operative|electromechanical equipment products production operative
"hardware, plumbing and heating equipment and supplies distribution manager","hardware, plumbing and heating equipment and supplies supply chain planner|hardware, plumbing and heating equipment and supplies supply chain manager|hardware, plumbing and heating equipment and supplies logistics planner|hardware, plumbing and heating equipment and supplies logistics manager|trainee hardware, plumbing and heating equipment and supplies distribution manager|senior hardware, plumbing and heating equipment and supplies distribution manager|hardware, plumbing and heating equipment and supplies distribution planner|graduate hardware, plumbing and heating equipment and supplies distribution manager|assistant hardware, plumbing and heating equipment and supplies distribution manager"
aquaculture mooring manager,fish culture mooring manager|aquaculture mooring supervisor|fishery mooring manager|fish farm mooring manager|fish farm mooring operator
kosher slaughterer,kosher slaughterperson|kosher slaughterman|kosher method slaughterer|kosher slaughterwoman|slaughterer following kosher method
second officer,flight engineer|inflight engineer
kosher butcher,kosher meat slicer|kosher meat boner|kosher meat butcher
mine rescue officer,mining safety officer|mine emergency response co-ordinator|mine emergency officer|auxiliary mine rescue worker|mining rescue officer|mines rescue officer|mine response and rescue officer
public health policy officer,general manager|healthcare services planning officer|healthcare planning officer|healthcare planner|health service manager|healthcare admistrator|general manager healthcare
cosmetics and perfume shop manager,beauty and aroma shop manager|perfume shop manager|make-up and cosmetics store manager|beauty store manager|cosmetics store manager|cosmetics shop manager|cosmetics and perfume store manager|beauty and aroma store manager|make-up and cosmetics shop manager|cosmetics and toilet articles shop manager|cosmetics and toiletries store manager|perfume store manager|beauty shop manager|cosmetics and toilet articles store manager|cosmetics and toiletries shop manager
astronaut,scientific cosmonaut|spacecraft pilot|science officer|shuttle commander|spacecraft crew member|pilot astronaut|commander astronaut|flight engineer|shuttle pilot|cosmonaut|space shuttle crew member|pilot cosmonaut
dry press operator,dry press tender|brick presser|dry-press operator|dry press worker|brick & tile dry press operator|brick and tile dry press operator|presser
leather goods product developer,leather technologist|leather product engineer|leatherware product developer|leather product development engineer|leatherware engineer|product leather goods developer|leather product technologist|leather product designer and developer|leather product designer & developer
stagehand,loader & stage hand|stage hand & loader|runner|theater assistant|stage hand|assistant theatre technician|loader & stagehand|assistant technician|stagehand & loader|loader and stagehand|assistant stage technician|stage hand and loader|theatre assistant|stagehand and loader|loader and stage hand|stage assistant|assistant theater technician|stage-hand
companion,male servant|live-in companion|caregiver|servant|live in companion
digital media designer,digital media designers|digital media developer|multimedia developer|digital multimedia designer|interactive media designer|new media designer|digital media engineer
perfume production machine operator,perfume production machine worker|fragrance plant worker|fragrance production machine tender|perfume production machine tender|perfume production worker|fragrance production machine operative|perfume factory worker|perfume plant worker|fragrance production machine worker|fragrance factory worker|fragrance production worker|perfume production machine operative
digital artist,digital matte painter|computer-generated imagery artist|digital matte artist|computer artist|digital games artist|digital compositor|special effects digital artist|digital environment artist|3d digital artist|digital scupltress|3d digital matte painter|digital designer and animator|digital sculptor
personal stylist,corporate image consultant|wardrobe consultant|image consultant|fashion advisor|personal style advisor|fashion colour analyst|personal wardrobe consultant|personal stylist professional|fashion consultant|personal style coach
waiter/waitress,chef de rang|waitress|waiter|waiting staff|table waiter|wait staff|event server
restaurant manager,beverage supervisor|restaurant food and beverage manager|food and drinks manager|cafe manager|food and beverages manager|food & beverage supervisor|bar manager|f & b manager|catering manager
governor,regional governor|state governor|viceroy|prefect
wood router operator,wood carving machine operative|cnc wood routing machine operator|wood carving machine technician|wood routing machine operator|wood router technician|cnc wood router operative|cnc wood routing machine operative|wood routing machine tender|cnc wood router operator|wood router|wood routing machine setter|cnc wood router setter|wood routing machine operative|cnc wood routing machine setter|wood carving machine specialist|wood carving machine operator|cnc wood routing machine tender|wood carving machine tender|wood router specialist|wood carving machine setter
digital games designer,digital game designer|digital games designers|video games designer|virtual games designer|computer games designer
import export specialist in electronic and telecommunications equipment,assistant import specialist in electronic and telecommunications equipment|trainee import export specialist in electronic and telecommunications equipment|trainee import specialist in electronic and telecommunications equipment|senior import export specialist in electronic and telecommunications equipment|graduate import specialist in electronic and telecommunications equipment|graduate export specialist in electronic and telecommunications equipment|senior export specialist in electronic and telecommunications equipment|assistant export specialist in electronic and telecommunications equipment|trainee export specialist in electronic and telecommunications equipment|graduate import export specialist in electronic and telecommunications equipment|assistant import export specialist in electronic and telecommunications equipment|international trade compliance specialist in electronic and telecommunications equipment|customs compliance specialist in electronic and telecommunications equipment|senior import specialist in electronic and telecommunications equipment
fight director,fight choreographer|stage fight instructor|stage fight coordinator|martial arts fight director|fight coach|historical combat instructor|stage combat coordinator|fight arranger|stage combat instructor|fight coordinator|sword fight director
rental service representative in video tapes and disks,rental sales desk agent in video tapes and disks|rental service assistant in video tapes and disks|rental sales team leader in video tapes and disks|rental service worker in video tapes and disks|rental specialist in video tapes and disks|rental service manager in video tapes and disks|rental service desk agent in video tapes and disks|rental service desk supervisor in video tapes and disks|rental sales supervisor in video tapes and disks|rental sales desk supervisor in video tapes and disks|rental service team leader in video tapes and disks|rental service supervisor in video tapes and disks|rental sales manager in video tapes and disks|rental service desk clerk in video tapes and disks|rental sales worker in video tapes and disks|rental sales desk clerk in video tapes and disks|rental advisor in video tapes and disks|rental sales assistant in video tapes and disks
substance misuse worker,substanse abuse social worker|social worker (substance misuse)|drug and alcohol worker|addiction social worker|substance mis-use counsellor|substance mis-use mentor|substance abuse social worker|mentor (drugs and alcohol)|drug abuse outreach worker|mentor (drugs and alcahol)|drug and alcohol social worker|substance misuse adviser|alcohol outreach worker|substance misuse outreach worker
mine health and safety engineer,mine safety engineer|mine health and safety engineers|mining health and safety engineer|industrial health and safety engineer
social services policy officer,social policy specialist|social policy analyst|social services policy advisor|social services policy researcher|social policy officer|social policy development officer|social policy researcher|social policy advisor|policy officer at social services
followspot operator,spotlight operator|followspot lighting operator
production engineer,downstream production engineer|production engineering adviser|planning and production support manager|agricultural production engineer|production engineering consultant|upstream production engineer|productions engineer|production engineering expert|production engineering specialist
funeral attendant,funeral home assistant|mortician's helper|attendant for funeral organisation|pallbearer
swaging machine operator,forging machine tender|forging machine operative|swaging machine tender|swaging machine setter|forging machine setter|swaging machine operative
"import export manager in hides, skins and leather products","graduate import manager in hides, skins and leather products|customs compliance manager in hides, skins and leather products|international trade manager in hides, skins and leather products|trainee import manager in hides, skins and leather products|senior import export manager in hides, skins and leather products|senior export manager in hides, skins and leather products|assistant export manager in hides, skins and leather products|international trade compliance manager in hides, skins and leather products|graduate export manager in hides, skins and leather products|assistant import export manager in hides, skins and leather products|assistant import manager in hides, skins and leather products|senior import manager in hides, skins and leather products|trainee import export manager in hides, skins and leather products|graduate import export manager in hides, skins and leather products|trainee export manager in hides, skins and leather products"
inventory coordinator,inventory specialist|inventory administrator|inventory taker|inventory technician|inventory supervisor|stock coordinator|inventory control supervisor|stockroom coordinator|inventory associate|warehouse coordinator|inventory controller|warehouse specialist|store coordinator
civil engineer,civil engineering adviser|civil engineering specialist|director of infrastructure projects|harbour civil engineer|civil engineering expert|quality assurance civil engineer|civil engineering researcher|infrastructure project manager|civil engineering consultant|investments civil enginee
aerospace engineer,aerospace design engineer|aerostructures engineer|missile designer|missile design specialist|aerospace engineering expert|aeronautical engineer|aerospace engineers|aerospace engineering specialist|aerospace test engineer|aerostructure engineer|vehicle system engineer|aerospace engineering adviser|avionics engineer|aerospace development engineer|aerospace weapons engineer|aerospace engineering consultant|aerospace project engineer|astronautical engineer|spacecraft engineer|missile design expert
furniture assembler,furniture assembly operative|furniture assembly technician|wooden furniture assembler|furniture assembly worker|furniture hand assembler
baggage flow supervisor,baggage operations manager|baggage flow manager|baggage flow coordinator|luggage operations coordinator|luggage operations manager|baggage operations coordinator|luggage flow manager|luggage flow coordinator|luggage operations supervisor|baggage operations supervisor|luggage flow supervisor
electronics drafter,electronics engineering drafter|electronics drafting specialist|electronics draftsperson|electronic drafter|electronics design drafter|electronic draftsperson|draughter of electronics|electronics draughter|electronics drafting expert|electronics draughtsperson|draughter in electronics|electronics engineering draughter|electronics draughtsman|draughter in electronic equipment|electronics drafting adviser|electronic draughter|electronics drafting consultant|electronic draughtsperson|electronics design draughter|electronics draughtswoman
telecommunications engineering technician,telecommunications administrators|telecoms administrator|communication administrator|telecom administrator|communications administrator|telecommunications administrator|telecommunication administrator
aquaculture harvesting technician,aquatic harvester|aquaculture harvest technician|harvesting technician|water harvesting inspector|fish farm harvesting technician|technician in aquaculture harvesting|harvest technician|marine harvesting inspector|fisheries harvesting technician|marine harvesting manager|aquatic harvester operator|water harvesting operative|aquaculture harvesting inspector
drugstore manager,drugstore counter manager|chemist's shop manager|drugstore department manager|healthcare shop manager
cotton gin operator,cotton gin machine operator|cotton gin machinist|cotton gin machine tender
curriculum administrator,education officer|education coordinator|curriculum support administrator|curriculum director|education administrator|curriculum manager|curriculum enhancement administrator|curriculum developer|curriculum management administrator|education manager|curriculum specialist|curriculum coordinator|curriculum development consultant|teaching aids specialist|education consultant
land surveyor,surveyor|surveying engineer|surveyors|geomatics surveyor
computer shop manager,computer hardware shop manager|computer and accessories shop manager|it store manager|consumer electronics store manager|ict superstore manager|computer hardware store manager|computer and peripheral units shop manager|computer superstore manager|it superstore manager|computer and accessories store manager|consumer electronics shop manager|ict store manager|computer store manager|computer and peripheral units store manager|it shop manager|ict shop manager
human resources assistant,human resources executive assistant|human resources associate|human resources administrative assistant|human resources secretary
mud logger,mudlogger|surface logging technician|surface logging specialist|logging geologist|surface logger|mud logging technican
parliamentary assistant,mp's pa|mp's assistant|msp's parliamentary assistant|mp's parliamentary assistant|constituency assistant|msp's assistant|am's parliamentary assistant|mla's assistant|parliamentary intern|politician's assistant|mep's assistant|mla's parliamentary assistant|mp's personal assistant|political assistant|am's assistant|executive officer
import export specialist in tobacco products,graduate import specialist in tobacco products|trainee export specialist in tobacco products|graduate import export specialist in tobacco products|trainee import specialist in tobacco products|assistant export specialist in tobacco products|senior import specialist in tobacco products|senior import export specialist in tobacco products|trainee import export specialist in tobacco products|assistant import specialist in tobacco products|international trade compliance specialist in tobacco products|customs compliance specialist in tobacco products|graduate export specialist in tobacco products|assistant import export specialist in tobacco products|senior export specialist in tobacco products
promotion manager,promotions manager|marketing and promotion manager|promotions coordinator|promotion coordinator|promotion director|advertising and promotion manager|promotions director|sales promotion manager
business coach,professional development coach|corporate coach|leadership coach|business development coach|personal development coach|business leadership coach|executive coach|practitioner of business coaching|coach in business development
import export manager in pharmaceutical goods,graduate import export manager in pharmaceutical goods|trainee import export manager in pharmaceutical goods|assistant import manager in pharmaceutical goods|assistant import export manager in pharmaceutical goods|trainee import manager in pharmaceutical goods|graduate export manager in pharmaceutical goods|senior import manager in pharmaceutical goods|graduate import manager in pharmaceutical goods|international trade manager in pharmaceutical goods|assistant export manager in pharmaceutical goods|senior import export manager in pharmaceutical goods|customs compliance manager in pharmaceutical goods|senior export manager in pharmaceutical goods|trainee export manager in pharmaceutical goods|international trade compliance manager in pharmaceutical goods
relationship banking manager,client manager|relations banker|financial products relationship manager|personal financial advisor|commercial banking relationship manager|private banking relationship manager|private banker|relationship banker|relationship manager
bankruptcy trustee,insolvency practitioner|insolvency trustee|bankruptcy analyst|trustees in bankruptcy|trustee in bankruptcy|insolvency practitioners
rail layer,track machine operator|light rail layer|rail track layer|rail machine operator|railtrack layer|plate layer|railway line layer|layer in railway sites|track layer|light railtrack layer|tramway layer
wastewater treatment technician,wastewater quality tester|wastewater treatment plant worker|wastewater safety tester|water plant quality technician|sewage treatment plant technician|water plant maintenance technician|wastewater safety technician|wastewater quality technician|water treatment system technician|wastewater treatment quality technician|water plant monitoring technician|water plant equipment maintenance technician|water plant repair technician|wastewater treatment plant operator|water plant measurement technician|wastewater treatment plant technician|wastewater treatment monitoring technician|waste water technician|sewage plant technician|wastewater treatment sampling monitoring technician
avionics technician,avionics test technician|avionics inspection technician|avionics maintenance technician|avionics installation technician|avionics systems technician|aircraft instrument technician|avionics mechanic|aircraft instrument mechanic|aircraft electronics mechanic|avionics repair technician|aircraft electromechanic technician|avionics diagnostic technician|aircraft electro-mechanic technician|aircraft electrical mechanic|line technician
footwear finishing and packing operator,footwear finishing operator|footwear finishing department operator
weights and measures inspector,tester of weights and measures|trading standards officer|inspector of weights and measures|trading standards supervisor|inspector and tester of weights and measures|regulatory services officer|trading standards team leader|trading standards manager|weights and measures inspector and tester|weights and measures tester
floor and wall coverings specialised seller,floor and wall coverings salesperson|interior decoration specialised seller|wallpaper and accessories salesperson|wallpaper specialised seller|carpet salesperson|floor and wall coverings specialized seller|carpet specialised seller|interior fitting specialised seller|carpet superstore salesperson|carpet superstore specialised seller|interior decoration salesperson|carpet and rug specialised seller|wallpaper and accessories specialised seller|wallpaper salesperson|carpet and rug salesperson|interior fitting salesperson
printed circuit board assembler,printed circuit board fabricator|pcb fabricator|pcb assembler|through-hole technology assembly operative|through-hole technology assembler|through-hole technology assembly operator|assembler of printed circuit boards|tht operator|pcb assembly operative
localiser,localisation games tester|localiser quality assurance tester|localisation tester|localisation translator|localisation project manager|localiser qa tester
vessel engine inspector,marine engine builder|boat engine builder|boat engine assembler|outboard motor inspector|electric motor inspector|two-stroke diesel engineer inspector|nuclear reactor inspector|marine engine tester|lng engine inspector|marine steam engine inspector|four-stroke diesel engine inspector|marine engine inspector|gas turbine engine inspector|liquid natural gas engine inspector|dual fuel engine inspector|boat engine inspector
wax bleacher,candle production operative|candlewax bleacher|candle production operator|wax bleacher (chemical)|bees-wax bleacher|candle production process worker|candle production process operative|candle wax bleacher|wax pumper|beeswax bleacher|candle production worker
category manager,product category specialist|recycling equipment category manager|fmcg category manager|raw materials category specialist|general merchandise category manager|senior category manager|g.m. category manager|graduate category manager|indirect category manager|logistics design and procurement category manager|merchandising category specialist|category development manager|product category manager|planning and inventory control manager|vendor management manager|assistant category manager|on-line category manager|pricing and marketing manager
mathematics lecturer,mathematics professor|university mathematics lecturer|university lecturer in mathematics|mathematics lector|mathematics docent|lector in mathematics|mathematics teacher|professor of maths|instructor in mathematics|higher education mathematics teacher|lector in maths|lecturer in math|professor of mathematics|lector in math|lecturer in maths|maths lector|mathematics instructor|maths professor|university maths teacher|math lector|lecturer in mathematics
chemical manufacturing quality technician,chemical manufacturing quality inspector|chemical manufacturing quality tester|chemical production quality technician|qc technician chemical manufacturing|chemical manufacturing quality assurance officer|qc technician chemical manufacturing|manufacturing quality technician chemicals|chemicals quality inspector|manufacturing quality technician|chemistry quality control technician
escort,sex worker|gigolo|out call girl|social escort|lady of the night|prostitute|call girl|male prostitute|escort messenger|incall girl
miller,flour miller|flour mill worker|grain miller|grain mill worker
porcelain painter,china designer and painter|porcelain decorator|china painter|porcelain designer and painter|china designer & painter|porcelain designer & painter|china decorator
business journalist,financial journalist|economic journalist|business writer|business & finance journalist|business correspondent|business reporter|business & economics journalist|senior business journalist|business and finance journalist|business and economics reporter|foreign business correspondent|business and economics journalist|business & economics reporter|on-line business journalist|economic reporter
front of house manager,theatre front of house supervisor|theatrical house manager|venue house manager|front of house supervisor|theatre front of house manager|theater front of house supervisor|head of front of house|arts venue front of house manager
artistic director,art director|opera director|director of programming|theatre director|venue programming director|orchestra artistic director|artistic director for dance company|ballet director|venue programming manager|artistic consultant|festival director
clothing alteration machinist,alterations sewer|alterations seamstress|alterations tailor|clothing alteration machine operator|clothing alteration hand|clothing alteration operator|alterations hand
engine designer,engine tool production designer|engine design technician|engine design engineer|engine development engineer|engine design technologist|industrial engine developer|engine design expert|electrical engine designer|engine production supervisor|engine production specialist engineer|engine design developer|engine design producer|engine test engineer|engine design quality control supervisor|engine design specialist|engines designer
purchase planner,purchasing coordinator|senior supply chain planner|assistant purchase planner|assistant buyer planner|trainee buyer planner|battery material planner|trainee purchase planner|graduate buyer planner|purchasing team worker|purchasing team leader|company buyer|material planner|purchase administrator|demand planner|demand and inventory planner|purchase planning office worker|senior purchase planner|assistant supply chain planner|graduate purchase planner|purchase planning office manager|procurement planner|graduate supply chain planner|trainee supply chain planner|senior buyer planner
foundry operative,caster|pourer and caster|mold casting worker|metal moulder|foundry operator|foundry worker|mould casting worker|ladleperson|foundry process operator|ladleman|foundryman|metal molder|molding and casting worker|metal caster|central control caster|casting worker|casting operator
import export manager in fruit and vegetables,senior import manager in fruit and vegetables|senior import export manager in fruit and vegetables|trainee import manager in fruit and vegetables|assistant import export manager in fruit and vegetables|graduate export manager in fruit and vegetables|trainee export manager in fruit and vegetables|assistant import manager in fruit and vegetables|trainee import export manager in fruit and vegetables|graduate import manager in fruit and vegetables|international trade compliance manager in fruit and vegetables|senior export manager in fruit and vegetables|assistant export manager in fruit and vegetables|graduate import export manager in fruit and vegetables|international trade manager in fruit and vegetables|customs compliance manager in fruit and vegetables
"import export manager in agricultural raw materials, seeds and animal feeds","international trade manager in agricultural raw materials, seeds and animal feeds|senior export manager in agricultural raw materials, seeds and animal feeds|graduate import manager in agricultural raw materials, seeds and animal feeds|graduate export manager in agricultural raw materials, seeds and animal feeds|international trade compliance manager in agricultural raw materials, seeds and animal feeds|senior import manager in agricultural raw materials, seeds and animal feeds|senior import export manager in agricultural raw materials, seeds and animal feeds|assistant import manager in agricultural raw materials, seeds and animal feeds|trainee import export manager in agricultural raw materials, seeds and animal feeds|assistant export manager in agricultural raw materials, seeds and animal feeds|trainee export manager in agricultural raw materials, seeds and animal feeds|graduate import export manager in agricultural raw materials, seeds and animal feeds|customs compliance manager in agricultural raw materials, seeds and animal feeds|assistant import export manager in agricultural raw materials, seeds and animal feeds|trainee import manager in agricultural raw materials, seeds and animal feeds"
embalmer,funeral embalmer|tanatopractor
malt master,malter|malting master|malting expert|malt expert
jewellery repairer,jewelry repairer|jewerly repair technician|jewellery repair technician|jewellery hammersmith|adornment repairer
rolling stock assembly supervisor,carriage production supervisor|rolling stock assembly quality supervisor|multiple unit production supervisor|locomotive production supervisor|railcar assembly supervisor|rolling stock production supervisor supervisor|rail vehicle production supervisor|locomotive assembly supervisor|rail traction production supervisor|railway vehicle production supervisor|railway vehicle assembly supervisor|traction assembly supervisor|railcar production supervisor|rail vehicle assembly supervisor|rolling stock production supervisor|wagon assembly supervisor|multiple unit assembly supervisor|carriage assembly supervisor|wagon production supervisor
rehabilitation support worker,reablement officer|occupational therapy support worker|rehabilitation worker|rehabilitation social worker|rehabilitation outreach worker|rehabilitation support specialist|disability social worker
import export specialist in china and other glassware,senior export specialist in china and glassware|senior import specialist in china and glassware|senior import export specialist in china and glassware|trainee import specialist in china and glassware|graduate import export specialist in china and glassware|trainee import export specialist in china and glassware|graduate export specialist in china and glassware|trainee export specialist in china and glassware|assistant import specialist in china and glassware|international trade compliance specialist in china and glassware|customs compliance specialist in china and glassware|graduate import specialist in china and glassware|assistant export specialist in china and glassware|assistant import export specialist in china and glassware
webmaster,website administrator|web administrator|web technician|e-commerce technician|webmasters
container crane operator,operator of container crane|shipping container crane operator|ship crane operator|dock crane operator|dockside crane operator|crane driver|straddle crane operator
digital marketing manager,social media specialist|digital marketing specialist|digital marketing and communication professional|web marketing specialist|digital marketing technician
shoe repairer,cobbler|boot maker|shoe polisher|shoe maker|boot repairer
surface engineer,surface engineering adviser|corrosion engineer|surface engineers|surface technology engineering consultant|surface engineering technician|engineering operator|surface engineering expert|surface engineering worker|surface technology engineering specialist|surface engineering consultant|surface technology engineering adviser|surface engineering equipment technician|engineering operative|heavy equipment operative|surface technology engineering expert|surface engineering operator|surface engineering operative|surface technology engineer|surface engineering specialist|surface equipment operator
projectionist,projection operator|booth operator|film projectionist|movie projector operator|projector booth operator|digital cinema projectionist|cinema projectionist|projection technician|projector operator
optoelectronic engineering technician,opto-electronic technician|opto-electronic engineering technician|technician in optoelectronics|technician in optoelectronic systems|technologist in optoelectronic systems|optoelectronic systems technician|optoelectronic engineering technologist|technologist in optoelectronic engineering|optoelectronic systems technologist|optoelectronic technician
call centre manager,contact centre manager|contact centre coordinator|call centre coordinator|client centre manager|call center manager|customer centre manager|call centre director
demolition worker,demolition project worker|topwoman|topman|mattockman|demolition reclamation operative|demolition labourer|demolition site worker|demolition and dismantling worker|mattockwoman|demolition experienced worker|demolition operations worker
housing manager,housing officer|housing coordinator|housing agent|housing administrator|neighbourhood manager
import export specialist in perfume and cosmetics,trainee import export specialist in perfume and cosmetics|senior import export specialist in perfume and cosmetics|assistant import specialist in perfume and cosmetics|customs compliance specialist in perfume and cosmetics|trainee export specialist in perfume and cosmetics|senior import specialist in perfume and cosmetics|graduate import specialist in perfume and cosmetics|international trade compliance specialist in perfume and cosmetics|assistant export specialist in perfume and cosmetics|senior export specialist in perfume and cosmetics|assistant import export specialist in perfume and cosmetics|graduate export specialist in perfume and cosmetics|graduate import export specialist in perfume and cosmetics|trainee import specialist in perfume and cosmetics
decksman,boat crew member|general purpose hand|general purpose crew member|yacht deckshand|crew member
stevedore superintendent,stevedoring controller|stevedore general superintendent|stevedoring general superintendent|stevedore superintendant|stevedoring superintendent|stevedore manager|stevedoring manager|stevedore supervisor|stevedoring supervisor
electrical household appliances distribution manager,senior electrical household appliances distribution manager|trainee electrical household appliances distribution manager|electrical household appliances supply chain planner|assistant electrical household appliances distribution manager|electrical household appliances logistics manager|electrical household appliances logistics planner|graduate electrical household appliances distribution manager|electrical household appliances supply chain manager
hazardous waste inspector,hazardous waste management inspector|hazardous waste tester/inspector|hazardous waste compliance inspector|hazardous waste disposal inspector|hazardous waste control inspector
rental manager,graduate rental manager|rental office manager|trainee rental coordinator|rental station manager|rental office coordinator|rental team coordinator|senior rental coordinator|rental team leader|assistant rental coordinator|trainee rental manager|assistant rental manager|rental station co-ordinator|graduate rental coordinator|senior rental manager
wholesale merchant in live animals,wholesale merchandiser in live animals|wholesale trader in live animals|business to business seller in live animals|wholesale buyer in live animals|business to business sales consultant in live animals|wholesaler in live animals|graduate wholesale merchant in live animals|trainee wholesale merchant in live animals|b2b sales consultant in live animals|senior wholesale merchant in live animals|assistant wholesale merchant in live animals
energy consultant,energy advisor|sustainability consultant|energy and sustainability consultant|energy saving advisor|energy saving equipment advisor|energy procurement consultant|energy advice consultant|energy saving consultant|energy and environmental consultant|energy procurement advisor
brand manager,senior brand manager|trainee brand manager|market development executive|graduate brand manager|marketing development manager|marketing manager (brand development)|brand marketing manager|assistant brand manager|formula manager|brand development manager|brand executive
programme funding manager,program funding manager|programme funding administrator|programme funding officer|grants manager|programme funding coordinator
precision instrument assembler,precision instrument tester|gauge calibrator|precision instrument maker|meter calibrator|thermostat assembler|thermostat tester|thermostat calibrator|precision instrument calibrator|micrometer tester|precision instrument craftsman|micrometer assembler|meter assembler|precision instrument craftsperson|precision instrument craftswoman|micrometer calibrator|meter tester|gauge assembler|gauge tester
"heating, ventilation, air conditioning (and refrigeration) drafter","heating, ventilation, air conditioning, and refrigeration drafter|​heating, ventilation, air conditioning, and refrigeration draughter|hvacr draughtsperson|hvacr drafting specialist|heating, ventilation, air conditioning engineering draughter|hvacr draughter|hvac design engineer|hvacr draftsperson|heating, ventilation, air conditioning engineering design engineer|hvacr drafting adviser|hvac(r) design engineer|hvacr design engineer|hvacr drafting expert|heating, ventilation, air conditioning and refrigeration design engineer|heating, ventilation, air conditioning (and refrigeration) draughter|hvacr drafting consultant|heating, ventilation, air conditioning (and refrigeration) design engineer|hvac(r) draughter|hvac draughter"
fruit and vegetable canner,fruit and veg canner|fruit ad veg canning operative
rubber dipping machine operator,rubber processing machine operative|rubber process machine operator|rubber processing machine operator|rubber dipping machine operative|drop-machine operator|drop-machine operative
mine production manager,mine supervisor|mining engineer|mine operations manager|mining operations manager|resident manager|coordinator of mine production|quarry production manager|quarry production engineer|mine production engineer
dividend analyst,dividends clerk|dividend and coupon analyst|dividend calculation clerk|dividends analyst|dividend clerk
laundry workers supervisor,laundry and dry cleaning workers chief|laundry and dry-cleaning manager|laundry and dry cleaning workers supervisor|laundry and dry cleaning operator|laundry and dry cleaning workers manager|laundry and dry cleaning assistant|laundry and dry-cleaning supervisor|laundry and dry cleaning attendant|dry cleaning workers supervisor|laundry and dry-cleaning chief
confectioner,cakes and sweets maker|confectionary products worker|confectionary worker|cake maker
countryside officer,park ranger|natural areas maintenance team leader|rural areas officer|countryside officers
advertising specialist,advertising account manager|brand specialist|advertising consultant|advertising and promotional specialist|advertising strategist|advertising adviser|strategic marketing specialist|advertising advisor
fragrance chemist,application engineer|fragrance formulator|fragrance developer|perfume and cosmetics formulator|fragrance product developer|perfume chemist|development engineer formulation chemist|flavour chemist|fragrancer|flavourist|perfume formulator|flavorist|fragrance development chemist|fragrance research chemist|formulator of perfume products
music and video shop specialised seller,music and video salesperson|record specialised seller|record shop specialised seller|music and video shop specialized seller|sheet music salesperson|music superstore specialised seller|video specialised seller|music and video specialised seller|audio-visual equipment salesperson|sheet music specialised seller|video shop specialised seller|video salesperson|music superstore salesperson|home entertainment equipment salesperson|sheet music shop salesperson|musical instrument specialised seller|home entertainment equipment specialised seller|cd salesperson|cd specialised seller|music shop specialised seller|video shop salesperson|audio-visual equipment specialised seller|music shop salesperson|sheet music shop specialised seller|musical instrument shop salesperson|cd shop salesperson|musical instrument shop specialised seller|home entertainment superstore salesperson|cd shop specialised seller|record salesperson|musical instrument salesperson
beverages distribution manager,assistant beverages distribution manager|beverages distribution planner|graduate beverages distribution manager|trainee beverages distribution manager|beverages supply chain manager|beverages logistics planner|beverages logistics manager|senior beverages distribution manager|beverages supply chain planner
patent engineer,patent agent|patent scientist|patent and trademark engineer|intellectual property engineer|technical patent specialist
agricultural machinery and equipment distribution manager,senior agricultural machinery and equipment distribution manager|agricultural machinery and equipment distribution planner|trainee agricultural machinery and equipment distribution manager|agricultural machinery and equipment supply chain planner|graduate agricultural machinery and equipment distribution manager|agricultural machinery and equipment supply chain manager|assistant agricultural machinery and equipment distribution manager|agricultural machinery and equipment logistics planner|agricultural machinery and equipment logistics manager
aquaculture husbandry technician,fish farm husbandry technician|technician in aquaculture husbandry|aquaculture on-growing technician|fisheries husbandry technician
wholesale merchant in beverages,wholesale trader in beverages|business to business seller in beverages|wholesale buyer in beverages|business to business sales consultant in beverages|trainee wholesale merchant in beverages|senior wholesale merchant in beverages|wholesaler in beverages|wholesale merchandiser in beverages|graduate wholesale merchant in beverages|b2b sales consultant in beverages|assistant wholesale merchant in beverages
cocoa mill operator,cocoa milling operator|cocoa miller|cocoa mill worker
ict network architect,network designer|network architects
liquor grinding mill operator,cocoa mass milling operator|cocoa grinding mill operator
assistant stage director,second assistant director|first assistant director|orchestra assistant|orchestra secretary
delicatessen specialised seller,delicatessen salesperson|delicatessen department specialised seller|delicatessen department salesperson|fine foods specialised seller|fine foods salesperson|gourmet specialised seller|delicatessen specialized seller|gourmet salesperson|deli specialised seller|deli salesperson|delicatessen counter specialised seller|delicatessen counter salesperson
hydropower engineer,hydropower systems engineer|hydropower systems analyst
radiation therapist,radiotherapy technologist|therapeutic radiography practitioner|therapeutic radiographer|technologist in radiotherapy|rtt|practitioner of therapeutic radiography|therapy radiographer|radiological technologist|radiotherapy radiographer
cabinet maker,furniture constructor|hand crafted furniture constructor|maker of chairs|craftsman cabinetmaker|chair maker|craftswoman cabinet maker|furniture design and maker|cabinetmaker|manufacture of storage units|maker of settees|craftsman cabinet maker|hand crafted furniture maker|craftswoman cabinetmaker|furniture fitter|maker of kitchen cabinets|maker of beds|hand crafted furniture fitter|hand crafted furniture builder
urban planner,city planner|urban planning engineer|smart city planner|town planner|country planner|regional planner
candle maker,candle moulder|candle production inspector|candlemaker|candle former|wax candle maker|candle inspector|artisanal candle maker|candle making machine tender|candle molder|candle factory worker|artisan candle maker|candle making machine operative|candle making machine worker|candle making machine operator|chandler
headteacher,principal|headmaster|executive headteacher|educational institution manager|headmistress|academy school manager|grammar school manager|secondary school manager|primary school manager
pricing specialist,assistant pricing specialist|retail pricing analyst|price checker|graduate supermarket pricing specialist|commercial product price analyst|price clerk|price marker|price point analyst|discount supermarket pricing specialist|price analyst|senior pricing specialist|graduate trainee pricing specialist|food supermarket pricing specialist|trainee pricing specialist|pricing development analyst|commercial pricing analyst
laundromat attendant,launderette attendant|launderette worker|launderette operator|laundromat operator|laundry assistant|laundry aide|launderette assistant|laundromat worker|launderette supervisor|laundromat supervisor|laundromat assistant
glass forming machine operator,glass forming machine operative|glass production operator|glass moulder|glass forming and finishing machine operator|glass forming machine worker|glass product production worker|production machine operator|glass-blowing machine operator|glass molder
immigration adviser,solicitor|senior immigration consultant|global immigration consultant|immigration consultant|immigration lawyer|immigration advisor
ict system architect,systems architect|it systems architect|information systems architect|ict system architects|solution architect|ict systems architect|ict systems architects|it system architect
confectionery shop manager,chocolate store manager|pastry and confectionery shop manager|pastry and confectionery store manager|confectionery store manager|sweet shop manager|chocolate confections store manager|chocolate shop manager|candy store manager|sugar confectionery store manager|candy shop manager|sweet store manager|chocolate confections shop manager|sugar confectionery shop manager
kitchen assistant,kitchen worker|catering assistant|kitchen trainee|catering trainee|spare hand|roundsman|kitchen boy
livestock advisor,livestock consultant|agriculture advisor|agricultural business advisor|agricultural zootechnologist|agricultural advisor|livestock business advisor
import export specialist in textiles and textile semi-finished and raw materials,international trade compliance specialist in textiles and textile semi-finished and raw materials|trainee export specialist in textiles and textile semi-finished and raw materials|customs compliance specialist in textiles and textile semi-finished and raw materials|graduate import specialist in textiles and textile semi-finished and raw materials|trainee import specialist in textiles and textile semi-finished and raw materials|assistant export specialist in textiles and textile semi-finished and raw materials|senior export specialist in textiles and textile semi-finished and raw materials|senior import specialist in textiles and textile semi-finished and raw materials|senior import export specialist in textiles and textile semi-finished and raw materials|graduate export specialist in textiles and textile semi-finished and raw materials|trainee import export specialist in textiles and textile semi-finished and raw materials|assistant import export specialist in textiles and textile semi-finished and raw materials|graduate import export specialist in textiles and textile semi-finished and raw materials|assistant import specialist in textiles and textile semi-finished and raw materials
cocktail bartender,mixology waiter|flair bartender|mixologist|mixology bartender
asset manager,independent financial adviser|asset portfolio manager|asset management adviser|wealth management advisor|assets manager|wealth management adviser|asset management advisor|financial advisor|independent financial advisor|financial asset manager|wealth manager
tourism policy director,director of economic development|tourism policy manager|director of visitor attractions|policy director tourism|economic development director|visitor attraction director|tourism strategy director|manager of tourism policy|director tourism strategy
chief data officer,chief data officers|chief analytics officer|cdo
pharmaceutical engineer,pharmaceutical engineering developer|pharmaceutical technology engineering specialist|pharmaceuticals engineer|pharmaceutical technology engineering consultant|pharmaceutical engineering designer and developer|pharmaceutical engineering expert|pharmaceutical engineering specialist|pharmaceutical production engineer|pharmaceutical engineering consultant|pharmaceutical development engineer|pharmaceutical process engineer|biotechnology engineer|pharmaceutical engineering adviser|pharmaceutical technology engineering adviser|pharmaceutical manufacturing engineer|pharmaceutical technology engineer|pharmaceutical technology engineering expert|pharmaceutical research engineer|pharmaceutical project engineer
book publisher,publishing house manager|publisher
motor vehicle assembly supervisor,motor vehicle assembly team leader|motor vehicle production line team leader|motor vehicle assembly chargehand|motor vehicle assembly forewoman|motor vehicle production forewoman|motor vehicle production team leader|motor vehicle production foreman|motor vehicle production line foreman|motor vehicle assembly foreman|motor vehicle production chargehand|motor vehicle production line chargehand|motor vehicle production line forewoman
bicycle assembler,bicycle trailer maker|cycle maker|cycle assembler|bike trailer maker|bike assembler|road bike maker|road bike assembler|racing bike assembler|tag-along maker|children's bicycle maker|bicycle trailer assembler|racing bike maker|mountain bike assembler|mountain bike maker|children's bicycle assembler|pedal cycle assembler|pedal cycle maker|bike maker
amusement and recreation attendant,fair ground ride attendant|rides host|activities attendant|ride attendant|ride host|fairground attendant|rides and attractions host|attraction attendant|recreation attendant
computer scientist,it researcher|it scientist|ict science researcher|ict researcher|it research scientist|ict scientist|ict research scientist|computers scientist|it science researcher
wood assembly supervisor,wood assembly manager|wooden assembly overseer|wooden assembly supervisor|wood assembly controller|wood assembly overseer|wooden assembly controller|wooden assembly manager
cider fermentation operator,cider fermentation process operator|cider products fermenter|cider fermenter
archivist,cadastral archivist|archives and manuscripts librarian|land register archivist|archives researcher|digital archivist|reference archivist|archives specialist|archives record clerk|processing archivist
conservation scientist,wildlife biologist|environmental scientist|park naturalist|park ranger|conservationist|conservation programs specialist
food production operator,food manufacturing worker|food production operative|food production worker|food industry digitalisation operator|food worker
deck officer,ship chief officer|chief mate|first mate|ship deck officer|ship first officer
waste broker,mining waste broker|mine waste broker|lower tier waste broker|animal waste broker|upper tier waste broker|waste management broker|quarry waste broker|abattoir waste broker|recycling waste broker|waste management intermediary|agricultural waste broker|waste recycling broker
employment and vocational integration consultant,job placement consultant|corporate coach|business coach|career coach|outplacement expert|vocational counsellor|outplacement consultant|public employment service consultant|career mentor|job placement adviser|job coach|vocational adviser|vocational expert|job placement expert
carpet fitter,commercial carpet layer|carpet layer|commercial and industrial carpet fitter|commercial carpet fitter|industrial carpet fitter|domestic carpet fitter|industrial carpet layer|carpetlayer|industrial and commercial carpet layer|domestic carpet layer
squadron leader,air force squadron team leader|air force squadron leader|squadron commander|air force commandant
jewellery polisher,jewelery repairer|barrel polishing machine operative|jewelry polishing machine operator|jewelry polishing machine setter|jewellery polishing machine operative|barrel polishing machine worker|barrel polishing machine operator|jewellery polishing machine worker|barrel polishing machine tender|jewellery polishing machine setter|jewellery polishing machine operator|jewellery polishing machine tender|jewelry polishing machine worker|jewellery finisher|barrel polishing machine setter|jewelry polishing machine tender|jewelry polishing machine operative
dean of faculty,head of faculty|university head of school|university head of faculty|faculty dean|faculty director|director of faculty
army major,battalion commandant|military major|armed forces major|lieutenant commander|major|army commandant
commodity trader,commodity exchange floor trader|commodities trader|commodities trading manager|commodity handler
distribution centre dispatcher,distribution center dispatcher|distribution centre operator|bulk station operator|distribution center operator|bulk station dispatcher|manufactured goods dispatcher|distribution centeredispatcher|dispatcher at distribution centre|product dispatcher
extra,extra performer|motion picture extra|background actor|background artist|film extra|movie extra|walker on|tv extra|background actress|television extra
leather goods production manager,leather research and development manager|head of leather goods production|production planning manager|fashion production manager|leather goods production supervisor
dental practitioner,community dentist|dentist|principal dentist|conservative dentist|geriatric dentist|associate dental practitioner|principal dental practitioner|paediatric dentist|associate dentist|community dental practitioner
flight operations officer,director of airport operations|aviation dispatch officer|manager of flight operations|director of flight operations|flight operations supervisor|air operations supervisor|air operations officer
refuse collector,binman|waste collector|office waste collector|household waste collector|recycling operator|kerbside collector|household refuse collector|commercial waste collector|industrial waste collector|refuse collection worker|domestic refuse collector|refuse sorter|hazardous waste collector|refuse collection operative|demolition site refuse collection worker|dustman|garbage and recycling collector|domestic waste collector|dustbin man
lyricist,songwriter|composer-lyricist|lyric writer|libretist|copywriter & lyricist|singer-lyricist|lyric songwriter
underwater construction supervisor,bridge pillar construction supervisor|harbour construction supervisor|construction diving supervisor|marine construction project supervisor|sub-sea construction project supervisor|tunnel construction supervisor|marine construction supervisor|underwater construction project supervisor|canal lock construction supervisor|sub-sea construction supervisor
vessel engine tester,marine engine tester|marine engine test engineer|outboard motor tester|electric motor tester|gas turbine engine tester|lng engine tester|two-stroke diesel engineer tester|four-stroke diesel engine tester|marine steam engine tester|dual fuel engine tester|boat engine test technician|liquid natural gas engine tester|boat engine tester|marine engine test technician|boat engine test engineer|nuclear reactor tester
product and services manager,graduate e-catalogue manager|marketing e-catalogue manager|assistant product and services manager manager|trainee e-catalogue manager|senior e-catalogue manager|online e-catalogue manager|sales e-catalogue manager|graduate product and services manager|customer e-catalogue manager|customer product and services manager manager|marketing catalogue manager|e-catalogue manager|trainee product and services manager|product catalogue manager|senior product and services manager|online catalogue manager|assistant e-catalogue manager|sales catalogue manager|catalogue manager
vineyard worker,grape picker|grape harvester|worker in a vineyard|winery worker|vineyard labourer
animal assisted therapist,animal assisted intervention professional
footwear maintenance technician,footwear maintenance mechanic|footwear machinery repairer|footwear machinery installer
hotel butler,house steward|household manager|butler administrator
leather goods hand stitcher,leather goods hand sewer
instrumentation engineer,instrumentation engineering specialist|supervisory control and data acquisition engineer|autonomy engineer|c&i engineer|mine instrumentation engineer|instrument engineer|instrumentation engineering adviser|instrumentation engineering expert|instrumentation engineer technology engineering specialist|instrumentation engineer technology engineering consultant|instrumentation engineer technology engineer|instrumentation engineering consultant|instrumentation engineer technology engineering expert|control and instrumentation engineer|instrumentation engineer technology engineering adviser|measurement engineer
mine electrical engineer,electrical engineering expert|electrical engineer|electrical technologist|mines electrical engineer|mining electrical engineer|mining electrical equipment officer|energy specialist for refinement of fossil fuels|energy specialist for mining|mine electrical technician|mine electrical engineers
metrology technician,metrology technologist|metrologist|senior metrology technician|composite technician|instrument specialist|metrology engineering technician|meter technician|instrument technician|meter service technician|junior metrology technician|dimensional engineer|metrology calibration technician
technical sales representative in office machinery and equipment,assistant technical sales representative in office machinery and equipment|graduate technical sales engineer in office machinery and equipment|graduate technical sales representative in office machinery and equipment|senior technical sales representative in office machinery and equipment|office machinery and equipment inside technical sales representative|office machinery and equipment outside technical sales representative|senior technical sales engineer in office machinery and equipment|assistant technical sales engineer in office machinery and equipment|trainee technical sales representative in office machinery and equipment|office machinery and equipment field salesman|office machinery and equipment technical field sales representative|trainee technical sales engineer in office machinery and equipment|office machinery and equipment field saleswoman|office machinery and equipment field salesperson
microelectronics materials engineer,microelectronics materials technology engineering specialist|engineer in microelectronics materials|microelectronics materials engineering adviser|microelectronics materials engineering specialist|specialist microelectronics materials engineer|microelectronics materials engineering expert|engineer specialised in microelectronics materials|microelectronics materials technology engineering consultant|microelectronics materials development engineer|microelectronics materials design engineer|engineer of microelectronics materials|microelectronics materials engineering consultant|microelectronics materials technology engineering expert|microelectronics materials designer|microelectronics materials technology engineer|microelectronics materials developer
leather sorter,grader|leather grader|leather seconds inspector-grader|leather sorting supervisor|leather inspector|leather parts matcher|leather sorters
import export specialist in metals and metal ores,assistant export specialist in metals and metal ores|senior import specialist in metals and metal ores|graduate import export specialist in metals and metal ores|international trade compliance specialist in metals and metal ores|assistant import export specialist in metals and metal ores|customs compliance specialist in metals and metal ores|trainee export specialist in metals and metal ores|senior import export specialist in metals and metal ores|graduate import specialist in metals and metal ores|trainee import export specialist in metals and metal ores|graduate export specialist in metals and metal ores|trainee import specialist in metals and metal ores|senior export specialist in metals and metal ores|assistant import specialist in metals and metal ores
zoo registrar,aquarium record keeper|collections registrar|zoo registrar and records coordinator|animals registrar|aquarium registrar|records coordinator|zoo animal registrar|records keeper|animal records coordinator|animal records keeper|animal record keeper
chemistry lecturer,chemistry docent|chemistry professor|lecturer in chemistry|chemical science docent|specialist lecturer in chemistry|higher education chemistry teacher|university lecturer in chemistry|chemistry lector|university chemistry lecturer|chemical science instructor|professor of chemistry|university chemistry teacher|chemical science teacher|instructor in chemistry|chemistry instructor|senior lecturer in chemistry|chemical sciences lecturer|chemical science professor|chemical science lecturer|chemical science lector|chemical sciences lector
private chauffeur,personal valet|personal chauffeur|private driver|private valet|personal driver
import export specialist in electrical household appliances,graduate export specialist in electrical household appliances|senior import specialist in electrical household appliances|graduate import specialist in electrical household appliances|assistant export specialist in electrical household appliances|customs compliance specialist in electrical household appliances|trainee import specialist in electrical household appliances|trainee export specialist in electrical household appliances|senior export specialist in electrical household appliances|trainee import export specialist in electrical household appliances|international trade compliance specialist in electrical household appliances|graduate import export specialist in electrical household appliances|senior import export specialist in electrical household appliances|assistant import export specialist in electrical household appliances|assistant import specialist in electrical household appliances
physical education vocational teacher,vocational pe teacher|vocational teacher of pe|instructor in physical education|vocational instructor in physical education|vocational teacher of physical education|vocational pe instructor|teacher of vocational physical education|vocational teacher in physical education
landscape gardener,landscaper|landscaping gardener|landscape gardeners
foam rubber mixer,foam rubber mixing machine setter|cushion molder|foam rubber molding machine operator|foam mattress molder|foam rubber moulding machine worker|foam rubber maker|foam cushion molder|foam rubber mixing machine worker|foam rubber machine operator|foam rubber molding machine tender|mattress molder|foam rubber machine worker|foam rubber mixing machine operator|foam rubber molder|foam rubber molding machine operative|cushion moulder|foam rubber and liquid latex mixer|foam rubber mixing machine tender|foam rubber mixing machine operative|mixer of foam rubber|foam rubber machine setter|foam cushion maker|foam rubber moulding machine operator|foam mattress moulder|mattress moulder|foam mattress maker|foam rubber moulding machine operative|foam rubber molding machine worker|foam rubber machine tender|foam cushion moulder|foam rubber machine operative|cushion maker|foam rubber moulder|foam rubber moulding machine setter|foam rubber molding machine setter|foam rubber moulding machine tender|rubber mixer
flower and garden shop manager,garden supplies store manager|lawn and garden shop manager|floristry shop manager|floristry store manager|plant centre manager|flower store manager|garden supplies shop manager|plant shop manager|nursery shop manager|lawn and garden store manager|garden store manager|flower shop manager|plant and garden shop manager|garden superstore manager|garden centre manager|plant nursery manager
v-belt coverer,v-belt covering machine operative|v-belt covering machine minder|rubber v-belt coverer|v-belt covering machine worker|rubber belt coverer|v-belt covering machine operator
animal osteopath,animal osteopaths|veterinary osteopathic therapist|veterinary osteopath|animal ostepathic therapist
"sugar, chocolate and sugar confectionery distribution manager","sugar, chocolate and sugar confectionery supply chain planner|trainee sugar, chocolate and sugar confectionery distribution manager|assistant sugar, chocolate and sugar confectionery distribution manager|sugar, chocolate and sugar confectionery distribution planner|sugar, chocolate and sugar confectionery supply chain manager|senior sugar, chocolate and sugar confectionery distribution manager|sugar, chocolate and sugar confectionery logistics planner|graduate sugar, chocolate and sugar confectionery distribution manager|sugar, chocolate and sugar confectionery logistics manager"
environmental technician,environmental protection technician|environmental conservation technician|pollution control technician|groundwater protection technician|pollution prevention technician
event electrician,event/generator electrician|mobile power team member|generator technician and event electrician|mobile power crew member|live event electrician|mobile power expert|event and generator electrician|generator technician
voice-over artist,voice-over actor|voice over actress|voice artist|female voice-over artist|voice actress|voice over actor|storyteller|voice over artist|male voice-over artist|voice actor|narrator|voice-over actress
philosophy teacher secondary school,philosophy teacher|high school philosophy teacher|secondary school teacher of philosophy|secondary school philosophy tutor|teacher of philosophy in secondary schools|philosophy teacher high school|philosophy tutor secondary school|philosophical studies teacher in secondary school|philosophical studies high school teacher
ict vendor relationship manager,ict vendor relations manager|it vendor relations manager|ict vendor relationships manager|it vendor relationship manager|ict vendor relationship managers
autonomous driving specialist,highly automated drive engineer|connected car specialist|self-driving car engineer|av engineer|c-v2x specialist|autonomous driving engineer|connected vehicle specialist|adf testing and validation engineer|autonomous vehicle engineer|adas testing and validation engineer|autonomous vehicle specialist|autonomous car specialist
loss adjuster,field claims adjuster|insurance loss adjuster|civil claims adjuster|insurance claims adjudicator|damage appraiser|insurance appraiser|automobile claims technical adjuster|field appraiser|chartered loss adjuster|personal claims adjuster|claims adjuster|commercial adjuster|material damage appraiser|motor claims adjuster|vehicle damage appraiser|automobile appraiser|fire claims adjuster|claims adjusters supervisor|physical damage appraiser|domestic adjuster
insurance underwriter,commercial underwriter|group insurance underwriter|liability risk assessor|casualty insurance underwriter|commercial insurance underwriter|commercial property underwriter|life underwriter|automobile insurance underwriter|commercial lines underwriter|risk assessor|personal lines underwriter|public liability insurance underwriter|accident and sickness insurance underwriter|package insurance underwriter|fire insurance underwriter
personal property appraiser,personal items claims adjuster|personal property claims assessor|personal property valuer|personal items valuer|personal property assessor|professional valuer of personal items|personal items valuation professional|professional valuer of personal property|personal items assessor|personal property claims adjuster
aquaculture hatchery technician,technician in aquaculture hatchery|fish farm hatchery technician|fish hatchery technician
security manager,cybersecurity specialist|security operations manager|security systems manager|security management specialist|chief security guard|safety and security manager|security specialist|private security manager|security officer|surveillance manager|corporate security manager
import export specialist in chemical products,graduate export specialist in chemical products|graduate import export specialist in chemical products|international trade compliance specialist in chemical products|trainee export specialist in chemical products|assistant import specialist in chemical products|trainee import export specialist in chemical products|senior export specialist in chemical products|senior import export specialist in chemical products|senior import specialist in chemical products|graduate import specialist in chemical products|assistant export specialist in chemical products|assistant import export specialist in chemical products|trainee import specialist in chemical products|customs compliance specialist in chemical products
tram controller,tram system controller|tram supervisor|tram controller and supervisor|tram system supervisor|traffic supervisor|tram supervisor and controller|tram dispatcher
geotechnician,formation evaluation engineer|geologist|surface logging technician|surface logging specialist|logging geologist|surface logger|geo-technician|logging engineer|mine geotechnician|geological operator|mine geological technician|geological expert
race track operator,tote manager|advanced tote operator|tote board operator|tote technician
animal feed nutritionist,animal nutrition expert|feed nutritionist|animal feed expert
street food vendor,street food seller|purveyor of street food|street food trader|food stall holder|street food business operator|stall holder|street food supplier|street market food vendor|street food caterer
import export manager in electrical household appliances,customs compliance manager in electrical household appliances|assistant import manager in electrical household appliances|assistant import export manager in electrical household appliances|senior import manager in electrical household appliances|senior import export manager in electrical household appliances|graduate import export manager in electrical household appliances|graduate import manager in electrical household appliances|trainee import manager in electrical household appliances|international trade manager in electrical household appliances|trainee export manager in electrical household appliances|graduate export manager in electrical household appliances|senior export manager in electrical household appliances|trainee import export manager in electrical household appliances|assistant export manager in electrical household appliances|international trade compliance manager in electrical household appliances
electron beam welder,welder fabricator|arc welder|construction welder|combination welder|welder-fitter|electric arc welder|flash welder|fitter-welder|butt welder|welder-fabricator|sheet metal welder|sheet-metal welder|ultrasonic metal welder|robotic welder|weld technician|electric spot welder|electron beam welding machine operator|experimental welder|atomic welder|arc welder apprentice
special-interest groups' official,sports association official|special-interest group worker|special-interest groups' worker|special-interest group staff member|campaign group official|special-interest groups' staff member|professional body official|trade association official|trades union research officer|trades union official|lobbying body official|employers organisation official|special-interest group official|humanitarian organisation official|industry association official|sport governing body official
anodising machine operator,anode machine operator|anodise machine operator|anode treater|anode machine technician|anode machine operative|anodising machine operative|anodising line technician|anode treater operator|anodiser|anode line operator
engineering lecturer,engineering instructor|engineering sciences docent|lecturer in mechanical engineering|engineering sciences instructor|engineering sciences professor|engineering science teacher|professor of electrical engineering|engineering lector|engineering docent|engineering science instructor|professor of mechanical engineering|university engineering lecturer|higher education engineering teacher|engineering science docent|lecturer in engineering|engineering teacher|university engineering teacher|engineering sciences teacher|engineering professor|lecturer in electrical engineering|engineering science professor|professor of engineering|university lecturer in engineering
train conductor,train attendant|train guard|rail conductor|railway conductor|conductor on trains
pig breeder,pig specialist|pig rearer
offset printer,offset printer specialist|newspaper press operator|offset lithography printer|lithographic printing technician|pad printing machine operator|offset printer operator|offset press specialist|newspaper press technician|newspaper press specialist|offset press assistant|offset printer technician|offset press technician|offset pressman|lithographic printing specialist|newspaper printer|offset press operator|lithographic printing operator
emergency response worker,first responder|emergency response team worker|emergency response mission worker|clean up worker|aid worker|incident response worker|environmental emergency worker|first response worker|emergency worker|natural emergency response worker|disaster relief worker
dismantling worker,disassembly worker
aquaculture recirculation technician,technician in aquaculture recirculation|fishery recirculation technician|fish farm recirculation technician
material testing technician,material testing technology analyst|material testing technology studies scientist|material testing technology researcher|material testing technology science researcher|materials testing technician|material testing technology studies researcher|material testing technology research analyst|material testing technology research scientist|material testing technology studies analyst|material testing technology scientist|material testing technologist|material testing technology scholar|materials testing technologist|material testing technology studies research analyst|material testing technology studies research scientist|material tester|materials tester|material testing technology studies scholar
casino gaming manager,gaming service manager|head of electronic gaming|head of gaming|gaming operations manager|senior gaming manager|group gaming manager|electronic gaming manager|gaming team manager|group head of gaming|gaming manager
art therapist,dramatherapist
corrugator operator,corrugating machine technician|corrugated paper maker|carton machine technician|carton machine operator|corrugator specialist|corrugator operative|corrugator worker|cardboard machine operator|carton machine specialist|corrugated paperboard maker|corrugator technician|corrugating machine specialist
silversmith,silver ring maker|silver jewellery maker|trophy silversmith|silver earrings fabricator|trophy maker|silver jewel smith|boutique silversmith|silver jewellery fabricator|silver ring fabricator|silversmiths|silver earrings maker
wholesale merchant in agricultural machinery and equipment,assistant wholesale merchant in agricultural machinery and equipment|business to business sales consultant in agricultural machinery and equipment|wholesale trader in agricultural machinery and equipment|senior wholesale merchant in agricultural machinery and equipment|graduate wholesale merchant in agricultural machinery and equipment|wholesale merchandiser in agricultural machinery and equipment|trainee wholesale merchant in agricultural machinery and equipment|wholesale buyer in agricultural machinery and equipment|business to business seller in agricultural machinery and equipment|b2b sales consultant in agricultural machinery and equipment|wholesaler in agricultural machinery and equipment
general veterinarian,family vet|general veterinarians|companion animal veterinarian|comprehensive vet|food production animal veterinarian|veterinary surgeon|equine veterinarian|general vet|all-purpose veterinary
political journalist,political analyst|political reporter|journalist specialising in global politics|journalist specialising in international politics|journalist specialising in us politics|politics reporter|political correspondent|political commentator|journalist specialising in eu politics
industrial production manager,production manufacturing supervisor|production control supervisor|production line manager|industrial production supervisor|production manufacturing manager|industrial production and manufacturing manager|production control manager|area production manager
hospitality establishment security officer,hotel security manager|hotel security officer|hospitality establishment security guard|hospitality security officer|hospitality security manager|hospitality establishment security manager
drilling machine operator,cnc drilling machine operator|drill punch operative|gang drill operator|drilling machine inspector|drilling mill operator|multiple-spindle vertical drilling mill set-up operator|drilling and broaching technician|drilling machine worker|computer numerical controlled drilling machine operator|drill set-up operative|foot drill operative|horizontal drilling milling machine set-up operator|drill set-up operator|drill setup operator|drill setup operative|driller and broacher|adzing and drilling machine operator|vertical drilling mill operator|gang drill operative|foot drill operator|drilling machine tender|drill and reamer technician|drilling machine operative|driller and reamer|drill punch operator|computer controlled drilling machine operator
script writer,movie script writer|movie author|tv series script writer|television writer|screen writer|tv script writer|television script writer|screenplay writer|film author
fishing net maker,drift net maker|maker of fishing nets|fisheries net maker
ceramicist,artistic ceramicist|ceramics artist|ceramics designer & maker|ceramics designer and maker|ceramist|ceramics maker and designer|ceramics maker & designer
chemical engineer,chemical technology engineering consultant|chemical technology engineer|pyrotechnics chemical engineer|chemical technology engineering adviser|chemical engineering expert|chemical technology engineering specialist|chemical engineering specialist|chemical technology engineering expert|chemicals engineer|chemical engineering consultant|chemical engineering adviser|glass chemical engineer|water purification chemical engineer|refinery process engineer|ceramics chemical engineer
compression moulding machine operator,compression moulding machine operative|molding machine setter|production operator (plastic moulding)|moulding machine operative|moulding machine setter|compression moulding machine setter|compression molding machine setter|molding machine operative|compression molding machine operative|production operative (plastic moulding)
subtitler,subtitler/adaptor|subtitles adaptor|video subtitler|live subtitler|caption writer|film subtitler|subtitler/adapter|subtitlers|subtitles adapter|caption editor|captioner|closed caption editor|subtitler and surtitler|cart provider
homologation engineer,automotive homologation engineer|vehicle homologation engineer|automotive homologation manager|automotive homologation specialist|homologation manager
e-learning developer,e-learning producer|elearning producer|elearning developers
tool and die maker,tool machine set up operative|jig maker|die dresser|tool dresser|tool setting technician|tool setting operator|tool machine operative|tool setting operative|tool-setting operative|tool setter|die maker|tool machine set up operator|tool maker|tool machine operator|die setter
cartoonist,satirical cartoonist|caricaturist|strip cartoonist|political cartoonist|comic artist|topical cartoonist|pocket cartoonist
vehicle electronics installer,"auto technician|vehicle electronics technician|vehicle electronics repairer|motor vehicle technician (auto electronics)|motor vehicle technician, auto electronics|motor vehicle electronics technician|autoelectronic technician|auto electronic technician|electronic installation technician|vehicle electronic installation technician"
cigarette making machine operator,cigarette maker|cigarette manufacturing attendant|cigarette machine tender|cigarette manufacturing worker|cigarette production operative|cigarette maker operator|cigarette manufacturing operative|cigarette manufacturing machinist|cigarette making machine assistant|filter cigarette-making machine operator|filter cigarette making machine operator|cigarette production worker|cigarette- making machine operator|cigarette rolling machine operator|manufacture of cigarette operative|cigarette machine operator|machine operative (tobacco processing)|tobacco processing machine operators|cigarette machine driver|cigarette machine operative|tobacco processing machine minder|high-speed machine operator (tobacco products)|cigarette machine maker attendant|cigarette machine minder|attendant in cigarette manufacturing|tobacco processing machine tender|machine operator tobacco processing|cigarette making machine operative
embroidery machine operator,computerized machine operator|monogram machine operator|embroidery machinist|computerised embroidery machine operator
minister of religion,monk|nun|minister of the church|pastor|priest|deacon|religious minister|church minister|ordained clergyman|member of the clergy|spiritual leader|bishop
plumber,domestic plumber|pipe worker|pipeworker|gasfitter|plummer|gas fitter|plumbber|plumbeer|commercial plumber
refining machine operator,refining operator|refining machine operative|refining worker|refining machine worker
footwear quality control laboratory technician,footwear quality laboratory technician|footwear quality control laboratory analyst|footwear quality control engineer|footwear quality control laboratory technologist
accountant,accounting technician|bookkeeper|accounting supervisor|accounting officer|certified public accountant|financial accountant|cost accountant|auditor|account auditor|register accountant|head financial accountant|financial reporting accountant|production accountant
bicycle shop manager,cycling store manager|bike store manager|bike shop manager|bike superstore manager|cycles and cycle accessories store manager|cycles and cycle accessories shop manager|cycles and cycle accessories superstore manager|cycle shop manager|bicycle and bicycle accessories shop manager|cycling superstore manager|cycle superstore manager|bicycle and bicycle accessories store manager|cycling shop manager|bicycle and bicycle accessories superstore manager|cycle store manager
mechatronics engineering technician,mechatronic device technologist|mechatronic device technician|technician in mechatronics|mechatronics technician|technologist in mechatronics|technologist in mechatronic devices|mechatronics technologist|technician in mechatronic devices
tracer powder blender,tracer powder maker|flammable chemical blender|flammable chemical mixer|igniter powder mixer|igniter powder blender|tracer-powder blender|tracer powder mixer
meat and meat products distribution manager,senior meat and meat products distribution manager|meat and meat products supply chain manager|graduate meat and meat products distribution manager|assistant meat and meat products distribution manager|trainee meat and meat products distribution manager|meat and meat products distribution planner|meat and meat products logistics planner|meat and meat products logistics manager|meat and meat products supply chain planner
skipper,boatmaster|shipmaster|commander|ship captain|boat captain
elderly home manager,elderly care home supervisor|home for the elderly manager|elderly home supervisor|nursing home general manager|elderly care home manager|general manager for nursing home|nursing home manager|eldery home administrator|care home for the elderly supervisor|care home for the eldery manager
forklift operator,warehouse forklift operator|order picker driver|warehouse forklift driver|operator of forklift trucks|forklift truck operator|forklift driver|warehouse material handler
excavator operator,tracked excavator operator|excavation worker|excavator|360 degree excavator operator|backhoe excavator operator
biologist,ornithologist|herpetologist|mycologist|zoologist|entomologist|natural science taxonomist|plant pathologist|biology research scientist|wildlife biologist|mammalogist|biology science researcher|biology biotechnologist|lepidopterist|ichthyologist
podcast producer,podcaster|producer of podcasts
irrigation system installer,irrigation specialist|irrigation sprinkler system installer|irrigation project worker|irrigator|agricultural irrigation system installer|irrigation installer
document management officer,archive manager|documentation manager|document management specialist|document controller|document control manager|document manager|lead document controller|records manager
footwear product development manager,pre-production manager|product development team leader|footwear production & development manager|senior product developer|footwear product manager|footwear development team leader|footwear production and development manager
clinical informatics manager,health informatics manager|supervisor of clinical informatics|clinical information systems supervisor|clinical information systems manager|clinical informatics director|manager of clinical informatics|clinical informatics supervisor|pathology ict systems manager|health informatics director|director of clinical informatics
import export specialist in machine tools,assistant import export specialist in machine tools|trainee import specialist in machine tools|senior import export specialist in machine tools|trainee import export specialist in machine tools|graduate import export specialist in machine tools|customs compliance specialist in machine tools|graduate import specialist in machine tools|international trade compliance specialist in machine tools|senior export specialist in machine tools|assistant export specialist in machine tools|trainee export specialist in machine tools|senior import specialist in machine tools|graduate export specialist in machine tools|assistant import specialist in machine tools
aircraft engine inspector,aeroplane engine inspection engineer|engine inspection technician|aeroplane engine inspection technician|engine inspection engineer|rotary aircraft engine inspector|jet aircraft engine inspector|helicopter engine inspector|military aircraft engine inspector|piston aircraft engine inspector|civilian aircraft engine inspector|light aircraft engine inspector|aeroplane engine inspector|engine inspector|plane engine inspector|airplane engine inspector
interior architect,building designer|architect|design architect|construction manager|junior interior designer|interior designer|project architect|interior design project manager|senior interior designer|space planning interior designer|interior remodeler
mining geotechnical engineer,mine hydrologist|mining hydrologist
mining assistant,mining laborer|mining labourer|quarry labourer|mine worker assistant|mine support worker
veterinary receptionist,vet secretary|veterinary receptionists|veterinary practice administration officer|veterinary practice secretary|animal care receptionist|animal practice secretary
marine biologist,marine ecologist|marine biology researcher|marine botanist|sea biologist|researcher in marine biology|marine zoologist
forester,woodland manager|forest manager|forestry manager
marine painter,ship painter|boat painter|marine blaster|naval painter|maritime painter
fuel station manager,retail fuel manager|fuel retail manager|petrol station manager|retail forecourt manager|fuel site manager|petrol site manager|retail fuel forecourt manager|gas station manager|filling station manager|supermarket filling station manager
construction quality inspector,construction quality control and safety supervisor|construction quality control and safety inspector|construction qa qs inspector|construction qa qs supervisor
theatre technician,lighting technician|audio technician|theatrical technician|stage technician|performance technician|theater technician|theatre tech|stagehand
ict operations manager,it process manager|ict operations managers|it operations manager|data processing manager|ict data processing manager|systems and networks manager|it data processing manager|ict acquisitions manager
mathematics teacher at secondary school,maths teacher|mathematics teacher|teacher of mathematics in high school|teacher of maths in high school|high school maths teacher|secondary school maths teacher|teacher of mathematics in secondary schools|high school mathematics teacher|teacher of maths in secondary school|mathematics teacher high school|secondary school mathematics teacher
building inspector,asbestos inspector|construction services inspector|construction control surveyor|buildings inspector|building control officer|building services inspector|construction standards inspector|building standards inspector|building control surveyor|construction control officer|construction inspector
mobile phone repair technician,cellullar phone technician|hand held phone technician|cell phone repair technician|lcd technician|mobile phone repairman|mobile phone repairer|cell phone technician|communication equipment repair technician
nuclear engineer,nuclear engineering expert|nuclear engineering specialist|nuclear engineers|atomic decommissioning engineer|nuclear technology engineering expert|nuclear technology engineering specialist|atomic facility engineer|nuclear engineering adviser|nuclear technology engineer|nuclear technology engineering consultant|nuclear technology engineering adviser|nuclear engineering consultant|nuclear decommissioning engineer|atomic safety engineer|nuclear safety engineer|atomic power engineer|nuclear facility engineer|nuclear power engineer
halal slaughterer,halal slaughterman|halal slaughterwoman|slaughterer following halal method|halal slaughterperson|halal method slaughterer
substation engineer,substation technology engineering consultant|substation engineering specialist|substation technology engineering expert|substation engineering consultant|sub stations engineer|substation engineering adviser|sub station engineer|substation technology engineering adviser|substation technology engineer|sub-stations engineer|substations engineer|substation engineering expert|substation technology engineering specialist|sub-station engineer
gas station operator,ethylene compressor operator|gas pumping station operative|butadiene compressor operator|gas-compressor operative|gas pumping station operator|gas compressor and gas pumping station operative|gas-compressor operator|butane compressor operator|gas compressor station operator|gas compressor and gas pumping station operator
auctioneer,trainee auctioneer|auctioneer for real estate|senior auctioneer|auctioneer for personal goods|merchant|market auctioneer|factor|agent|sale auctioneer|auctioneer for personal property
merchandiser,retail merchandising associate|merchandising controller|merchandising associate|merchandise planner|retail merchandising controller|assistant retail merchandiser|retail merchandising manager|senior retail merchandiser|assistant merchandiser|graduate retail merchandiser|merchandising manager|graduate merchandiser|merchandising supervisor|senior merchandiser|retail merchandising supervisor
flight attendant,air crew member|steward|cabin attendant|inflight service attendant|stewardess|cabin crew member|flight crew member|aircraft attendant
au pair,childminder|baby sitter|child caretaker
music teacher,private music instructor|instructor of music|instrument teacher|individual music teacher|peripatetic music teacher|rythmics teacher|private music teacher|singing teacher|private teacher of music|eurythmist|peripatetic music instructor|teacher of music
fire commissioner,area manager|fire brigade commissioner|fire service commissioner|brigade manager|chief fire officer
road maintenance worker,highways operative|highway maintenance worker|road maintenance operative|road maintenance team member
ship captain,shipmaster|captain of a ship|sea captain|maritime master|ship's captain
software developer,application developer|solutions developer|electric vehicle software development engineer|programmer|application programmer|software specialist|application software developer|software engineer|applications engineer|soft developer|battery software developer|software developers|developer of software
air force officer,command and control officer|military group captain|pilot officer|flight officer|flight lieutenant|royal airforce officer|air commodore|squadron leader
street lighting electrician,street lighting operative|street light repair electrician|street light electrician|highway lighting operative|street lighting repair electrician|highway lights operative|street light operative|highway lighting installation electrician|highway lighting repair electrician|street lighting installation electrician
beverages shop manager,off-licence store manager|off-sales shop manager|off-licence shop manager|beverages and alcoholic drinks store manager|alcoholic drinks shop manager|soft and alcoholic beverages shop manager|alcoholic beverages store manager|soft and alcoholic beverages store manager|alcoholic drinks store manager|beverages store manager|alcoholic beverages shop manager|soft and alcoholic drinks shop manager|off-sales store manager|off-licence manager
leather goods maintenance technician,leather goods manufacturing equipment operator|leather goods maintenance worker
software manager,software managers|software applications manager|applications manager|ict applications manager|soft manager
power plant control room operator,power station operator|electricity generating plant operative|electricity generation plant operator|electricity generating plant worker|electric power station operator|electricity generation operator|electric power station worker|electric power station operative|electricity generation plant worker|electricity generation operative|power station operative worker|power station control room worker
import export specialist in textile industry machinery,graduate import export specialist in textile industry machinery|trainee export specialist in textile industry machinery|senior import export specialist in textile industry machinery|trainee import specialist in textile industry machinery|customs compliance specialist in textile industry machinery|assistant import export specialist in textile industry machinery|graduate import specialist in textile industry machinery|assistant export specialist in textile industry machinery|graduate export specialist in textile industry machinery|senior export specialist in textile industry machinery|international trade compliance specialist in textile industry machinery|assistant import specialist in textile industry machinery|senior import specialist in textile industry machinery|trainee import export specialist in textile industry machinery
bacteriology technician,biochemistry lab technician|biology technician|biochemistry laboratory technician|biology technologist|chemist|chemistry technologist|biochemistry technologist|chemistry technician|biologist|medical laboratory technician|bacteriology technologist|bacteriology culture technician|bacteriology lab technician|lab technician|laboratory technician|medical lab technician
"import export specialist in coffee, tea, cocoa and spices","assistant import export specialist in coffee, tea, cocoa and spices|graduate import specialist in coffee, tea, cocoa and spices|graduate export specialist in coffee, tea, cocoa and spices|graduate import export specialist in coffee, tea, cocoa and spices|senior import specialist in coffee, tea, cocoa and spices|assistant import specialist in coffee, tea, cocoa and spices|senior export specialist in coffee, tea, cocoa and spices|trainee import specialist in coffee, tea, cocoa and spices|trainee import export specialist in coffee, tea, cocoa and spices|assistant export specialist in coffee, tea, cocoa and spices|senior import export specialist in coffee, tea, cocoa and spices|trainee export specialist in coffee, tea, cocoa and spices"
literary scholar,literary science researcher|literary researcher|literature scholar|literary studies researcher|literary studies scholar|literary studies scientist|literary studies research scientist|literary research scientist|literary analyst|literary scientist|literary research analyst
wholesale merchant in flowers and plants,trainee wholesale merchant in flowers and plants|assistant wholesale merchant in flowers and plants|business to business sales consultant in flowers and plants|wholesale trader in flowers and plants|wholesale merchandiser in flowers and plants|senior wholesale merchant in flowers and plants|wholesaler in flowers and plants|b2b sales consultant in flowers and plants|wholesale buyer in flowers and plants|graduate wholesale merchant in flowers and plants|business to business seller in flowers and plants
biochemical engineer,enzyme engineer|biochemical engineering adviser|biochemical research engineer|biochemical process engineer|biochemical engineering specialist|tissue engineer|biochemical technology engineer|biochemical technology engineering adviser|bio-fuel engineer|biochemical technology engineering consultant|bio-chemical engineer|biochemical researcher|biochemical engineering researcher|biochemical engineering consultant|biochemical engineering expert|biochemical technology engineering expert|metabolic engineer|process development engineer|biochemical technology engineering specialist
aircraft cargo operations coordinator,air freight coordinator|co-ordinator of aircraft cargo operations|aircraft cargo operations and ramp services coordinator|air cargo traffic officer|aircraft cargo operations and ramp services co-ordinator|supervisor of aircraft cargo operations|coordinator of aircraft cargo operations|air cargo operations supervisor|air freight operations officer
stonemason,mason|structural stoneworker|stone mason|heritage stone mason|stone cutter|fixer mason|artisanal stonemason|stone finisher|architectural stonemason|stone carver|banker mason|heritage stonemason|tombstone carver|artisanal stone mason|memorial stonemason|craft mason|craft stonemason|memorial mason|stone setter|architectural stone mason|building mason|stoneworker
clothing process control technician,sample room supervisor|garment manufacturing technician|clothing manufacturing technician|sample room line supervisor
care home worker,residential care home worker|care home manager|care support worker|care home supervisor|care home assistant|care at home worker|homecare assistant|community home care worker|home care assistant|domiciliary care worker|care worker (homecare)|domiciliary homecare worker|home care worker|domiciliary home care worker|living at home support worker|independent living support worker
aeronautical information specialist,aeronautical information manager|aeronautical data specialist|specialist in aeronautical information
forest ranger,woodland officer|woodland ranger|forestry officer
forestry machinery technician,forest machine mechanic|forestry machinery repairman|forest machinery operative|transportation equipment operator|forest machine transporter operator|forestry equipment machinist|forest machine transporter operative|forestry machine mechanic|forestry machine repairer|forestry machine operator|forestry machinery operator|forestry machinery operative|woodland machinery technician|forest machine repairer
plasterer,heritage plasterer|plaster worker|solid plasterer|plaster labourer|fibrous plasterer|wall finisher|wall plasterer|stucco mason
handyperson,handywoman|building handyperson|building handyman|building maintainer|building supervisor|building maintenance technician|building superintendent|building handywoman|handyman
telecommunications equipment specialised seller,mobile phone specialised seller|mobile phone and devices specialised seller|mobile phone and accessories salesperson|mobile phone and accessories specialised seller|mobile phone and devices salesperson|mobile devices and accessories specialised seller|phone specialised seller|mobile phone salesperson|telecommunications equipment specialized seller|mobile devices and accessories salesperson|phone salesperson
nonwoven textile technician,non woven technician|non woven textile worker|nonwoven machine operator|nonwoven textile operator|non-woven textile worker|nonwoven department manager|nonwoven textile worker|non-woven technician|nonwoven technician
medical laboratory manager,clinical laboratory supervisor|medical laboratory supervisor|medical laboratory administrator|clinical laboratory director of operations|clinical laboratory administrator|medical laboratory director of operations
liquor blender,spirits blender
tourist information centre manager,tourist information centre (tic) manager|tourist information supervisor|tourist information center manager|tourist information centre supervisor|tourist information point manager
household appliances repair technician,ac repairer|washing machine servicer|refrigerator repairer|window air conditioner repairer|dishwasher repairer|home appliance repairman|dryer repairer|appliance service technician
animal hydrotherapist,veterinary hydrotherapist|animal hydrotherapists
contact centre manager,customer service manager|contact center manager
advertising sales agent,ad sales representative|media salesman|media salesperson|ad sales agent|advertising sales rep|media saleswoman
flour purifier operator,flour purification operative|flour purification operator|grain purifier|flour purifier
youth centre manager,youth community centre manager|youth recreation centre manager|youth club manager|community centre youth worker|youth & community worker|youth program manager|youth center manager|youth and community centre manager|youth centre coordinator
screen making technician,textile screen maker|textile engravers|etcher and engraver|silk screen etcher|textile engraver|rotary engraver|silk screen engraver
idiophone musical instruments maker,plucked idiophone maker|bell maker|scraper idiophone maker|bow rehairer|friction idiophone maker|rattle idiophone maker|idiophone maker|bow maker|idiophone musical instrument maker|concussion idiophone maker|idiophone musical instrument builder|idiophone musical instruments builder|bell neck hammerer|percussion idiophone maker
road transport division manager,head of road transport|road operations director|motor transport manager|road transport operations manager|manager of road transport division|road transportation operations manager|road transport operations director|road fleet manager|director of road transport|fleet director|road transportation division manager|road transportation operations director
move coordinator,international and domestic moving coordinator|relocation coordinator|removal planner|corporate move planner|industrial move coordinator|company move coordinator|moving coordinator|company move planner|corporate move coordinator|relocation planner|industrial move planner|moving planner|domestic moving coordinator
chemical processing supervisor,chemical processing quality supervisor|chemical plant production supervisor|chemical production quality tester|chemical plant process supervisor|chemical production process supervisor|chemical production supervisor|chemical plant quality supervisor|chemical production quality assurance supervisor|chemical processing quality assurance supervisor
electrical cable assembler,cable and wire assembler|assembler of electrical cables|wire assembler|electrical cable fabricator|wire and cable assembler|cable wiring operative|assembler of electrical cable|cabling technician|cable assembler
hand packer,order filler and packer|night packer|e-commerce picker and packer|manual packaging operative|e-commerce order filler and packer|e-commerce packer and shipper|picker and packer|packer and warehouse operative|e-commerce packer
agronomic crop production team leader,production team leader|crops production team leader|crop team leader|crop growing team leader|crop team manager
human resources manager,human resources director|personnel manager|personnel director|relocation manager|human resources specialist|hrm manager|staffing manager|employee benefits manager|benefits manager|career advice office manager|recruitment manager|industrial relations manager|outplacement office manager|hr manager
performance hairdresser,hair & wig stylist|hair and wig stylist|hair & wig artist|hair and wig artist|hair artist|event hair stylist
justice of the peace,justice|advocate|peace justice|magistrate|court judge|peace commissioner
rail traffic controller,rail traffic signaller|signal box operator|signal box controller|controller of rail traffic|railway signal operator|train controller
musician,concert master|charango player|organist|violinist|french hornist|up-right bass player|drummer|violist|french horn player|vibraphonist|flutist|washboard player|guitarist|saxophonist|clarinet player|orchestra musician|cembalist|bass player|pianist|theremin player|trumpet player|classical musician|oboe player|horn player|banjo player|first violinist|orchestra player|oboist|flute player|harmonica player|didgeridoo player|big band musician|orchestra section leader|jazz musician|orchestra solo player|harpist|percussionist|piccolo player|cellist|trombonist|marimba player|saxophone player|clarinetist|hammond player|concert soloist|mandolin player|music player
political party agent,party agent|whip|chief whip|political party whip|political organisation manager|political organization manager|public relations agent
drama teacher secondary school,drama teacher|dramatic arts teacher secondary school|teacher of drama in secondary schools|high school dramatic arts teacher|drama tutor secondary school|drama teacher high school|high school performing and dramatic arts teacher|high school drama teacher|secondary school drama tutor|secondary school drama teacher|high school performing arts teacher
bulk filler,bulk filling worker|bulk operator|bulk worker|bulk filling operative
zookeeper,animal care worker|zoo animal caretaker|zoo presenter and animal keeper|zoo keeper|zookeeper & tour guide|zoo animal care professional|zoo caretaker|zoo attendant|zoo presenter & animal keeper|zoo animal keeper|zookeeper and tour guide|aquarist
second-hand shop manager,second-hand store manager|army surplus shop manager|vintage clothes store manager|charity store manager|thrift shop manager|junk store manager|army surplus store manager|bric a brac store manager|charity shop manager|vintage clothes shop manager|thrift store manager
agricultural machinery technician,agricultural technician|agricultural conservation technician|agricultural production technician|agricultural research technician|agricultural equipment test technician|agricultural machinery mechanic|agricultural systems technician|farm equipment technician|agricultural automation technician|agricultural landscape technician
personal trainer,personal trainer and sport therapist|personal progress manager|personal trainer and nutritionist|personal trainer & nutritionist|personal fitness trainer|well-being personal trainer|personal coach|personal trainer & sport therapist
import export specialist in dairy products and edible oils,assistant export specialist in dairy products and edible oils|senior export specialist in dairy products and edible oils|trainee import export specialist in dairy products and edible oils|graduate import export specialist in dairy products and edible oils|customs compliance specialist in dairy products and edible oils|senior import export specialist in dairy products and edible oils|trainee import specialist in dairy products and edible oils|senior import specialist in dairy products and edible oils|assistant import specialist in dairy products and edible oils|graduate export specialist in dairy products and edible oils|graduate import specialist in dairy products and edible oils|assistant import export specialist in dairy products and edible oils|international trade compliance specialist in dairy products and edible oils|trainee export specialist in dairy products and edible oils
textile finishing machine operator,drying machine operator|textile dyeing and finishing machine operator|textile finishing range operator|laminating and coating machine operator|textile machine settler and operator|textile machine operator for segment|cleaning machine operator|textile finishing machinist|textile finishing supervisor
foreign affairs officer,international affairs analyst|foreign affairs manager|foreign affairs analyst|international relations manager|foreign affairs specialist|foreign affairs advisor|consulate officer|international relations analyst
kitchen porter,dish washer|kitchen hand|kp|pot and pan washer|kitchen steward
receptionist,front desk receptionist|medical receptionist|corporate receptionist|office receptionist|receiving clerk|company secretary|receiving secretary|head receptionist|secretary|front desk agent
welding inspector,welding supervisor|welding checker|welding assessor|electric spot welding engineer|engineering welding fabricator inspector|welding engineer inspector|welding assurance inspector|engineering welding inspector|butt welding engineer|electric arc welding engineer|robotic welding engineer|production line welding inspector|stitch welding engineer|resistance welding inspector|welding control inspector|welding examiner|sheet-metal welding engineer|welding inspectors|tack welding inspector|flash welding engineer|sheet metal welding inspector|construction welder inspector|welding overseer|ultrasonic metal welder engineer|welder-fabricator inspector
bereavement counsellor,bereavement social counsellor|family bereavement counsellor|bereavement advice counsellor|family and bereavement support officer|bereavement support worker|adult bereavement counsellor|bereavement service coordinator|bereavement support counsellor|bereavement counselor|bereavement officer|community bereavement support officer
education policy officer,policy officer|education policy specialist|education policy analyst|policy officer for education|education policy advisor|education policy development officer|education policy researcher
specialised antique dealer,antiques dealer|specialised seller of antiques|antiques and collectibles shop salesperson|antiques specialised dealer|antiques specialised merchant|antique furniture shop specialised seller|antique shop specialised seller|antiques and collectibles shop specialised seller|antique retail store|specialised merchant of antiques|antique dealer|antiques and collectibles store salesperson|specialised antique seller|antiquities shop specialised seller|antiques and collectibles specialised seller|specialised antique merchant|antiques gallery specialised seller|antiques showroom specialised seller|antique shop salesperson|antiques store salesperson|antiques shop specialised seller|antique furniture specialised seller|antiquities store salesperson|antiques showroom salesperson|antique furniture store salesperson|collectables shop salesperson|specialised dealer|specialised dealer in antiques|antiques gallery salesperson|collectables specialised seller|antiques specialised seller|antiquities shop salesperson|antiquities specialised seller|antique furniture shop salesperson
mine safety officer,mine safety inspector|health and safety manager|mining inspector|safety officer|mine safety manager|mine inspector|mines inspector|mine safety expert|health and safety officer|safety manager
drapery and carpet cleaner,carpet cleaning technician|rug cleaner|carpet cleaner|carpet and drapery cleaner|drapery cleaner
dating service consultant,marriage broker|dating agency manager|dating agency consultant|matchmaker|matchmaking consultant
raw material reception operator,raw material processing operator|raw materials reception worker|raw materials reception operative|raw materials worker
rental service representative in cars and light motor vehicles,rental sales manager in cars and light motor vehicles|rental service desk agent in cars and light motor vehicles|rental sales worker in cars and light motor vehicles|rental service desk clerk in cars and light motor vehicles|rental sales supervisor in cars and light motor vehicles|rental service desk supervisor in cars and light motor vehicles|rental service worker in cars and light motor vehicles|rental sales team leader in cars and light motor vehicles|rental sales assistant in cars and light motor vehicles|rental service manager in cars and light motor vehicles|rental service supervisor in cars and light motor vehicles|rental sales desk supervisor in cars and light motor vehicles|rental sales desk agent in cars and light motor vehicles|rental sales desk clerk in cars and light motor vehicles|rental advisor in cars and light motor vehicles|rental specialist in cars and light motor vehicles|rental service assistant in cars and light motor vehicles|rental service team leader in cars and light motor vehicles
gemmologist,jewellery gemologist|gemmology researcher|consultant gemologist|consultant gemmologist|gem stone appraiser|gem stone valuer|jewellery gemmologist|mining gemologist|gemmology scientist|gemstone appraiser|mineral gemmologist|stone buyer|gemmology research analyst|gemologist|gemstone buyer|mining gemmologist|gemmology science researcher|mineral gemologist|gemmology scholar|gemstone assessor|gemmology research scientist|gem stone assessor|gem stone buyer|gemstone valuer|gemmology analyst
physiotherapy assistant,cardiovascular physiotherapy assistant|neuromusculoskeletal physiotherapy assistant|physiotherapy rehabilitation assistant|neurological physiotherapy assistant|neuromuscular physiotherapy assistant|occupational physiotherapy assistant|geriatric therapy assistant|remedial physiotherapy assistant|therapy assistant|physiotherapist assistant|manipulative physiotherapy assistant|respiratory physiotherapy assistant|assistant physiotherapist|physiotherapy care assistant
electronic musical instrument maker,electronic musical instrument builder|electronic musical instrument craftsman|electric guitar builder|electric guitar maker|electric keyboard builder|electric keyboard maker|electronic musical instrument craftsperson|electronic musical instrument craftswoman
eyewear and optical equipment shop manager,optometrists shop manager|opticians store manager|optometrists store manager|spectacle store manager|optical equipment store manager|optical equipment shop manager|eyewear store manager|opticians shop manager|eyewear shop manager|contacts and glasses store manager|spectacle shop manager
special educational needs teacher primary school,sen teacher primary school|primary school special needs educator|primary school special education teacher|special educational needs teacher elementary school|primary school sen teacher|special educational needs teacher in primary school|primary school special educational needs teacher|primary school special needs teacher|inclusive education teacher primary school|teacher in special educational needs in primary school
consumer electronics repair technician,consumer electronics technician|trouble-shooter|consumer electronics repairman|repairer|repairman|electronics repairer|technician|consumer
magazine editor,magazine supplements editor|magazine features editor|features editor
lift technician,lift maintenance engineer|elevator erecting mechanic|lift maintenance technician|lift construction worker|lift erector|lift installer|elevator service inspector|lift service engineer|escalator installer|lift maintenance mechanic|lift builder|elevator constructor|elevator maintenance mechanic|lift service technician|lift inspector|lift installation worker|elevator service mechanic|lift callout engineer|lift repair engineer|lift installation team worker|lift service mechanic|elevator service technican|lift engineer|elevator engineer|lift erecting mechanic|elevator builder|elevator service engineer|lift constructor|lift installation team member|lift repair technician|elevator erector|elevator installer|elevator installation team member
"coffee, tea, cocoa and spices distribution manager","graduate coffee, tea, cocoa and spices distribution manager|assistant coffee, tea, cocoa and spices distribution manager|senior coffee, tea, cocoa and spices distribution manager|coffee, tea, cocoa and spices supply chain planner|coffee, tea, cocoa and spices distribution planner|trainee coffee, tea, cocoa and spices distribution manager|coffee, tea, cocoa and spices supply chain manager|coffee, tea, cocoa and spices logistics manager|coffee, tea, cocoa and spices logistics planner"
personal shopper,international personal shopper|global personal shopper|online personal shopper
bodyguard,personal safety specialist|close protection officer|personal security worker|protection officer|personal protection officer|personal safety worker
shoemaker,custom shoemaker|cobbler|hand craft shoe maker|shoe repairer|traditional shoe manufacturer
proofreader,proof reader|proof reading clerk
pre-lasting operator,toe puf moulder|arch cushion press operator|stiffener moulder|insole and heel stiffener|bevel cutting machine tender|bevel cutting machine operator|insole beveler|arch-cushion-press operator
recreational therapist,recreational activity provider|psychomotor therapist|recreation therapist|milieu therapist|social therapist
bioengineer,bioengineering consultant|bioengineering technology adviser|bioengineering adviser|bio-engineer|bioengineering technology expert|bioengineering expert|biological engineer|bioengineering specialist|bioengineering biotechnologist|bioengineering technology specialist|bioengineering technology consultant
wind musical instrument maker,brass instrument builder|woodwind instrument builder|brass instrument craftswoman|brass instrument assembler|brass instrument craftsman|woodwind instrument craftsman|woodwind instrument craftswoman|brass instrument maker|wind instrument maker|woodwind instrument maker|woodwind instrument assembler|wind musical instrument builder
"import export specialist in hides, skins and leather products","senior import specialist in hides, skins and leather products|assistant import export specialist in hides, skins and leather products|assistant export specialist in hides, skins and leather products|trainee import specialist in hides, skins and leather products|graduate export specialist in hides, skins and leather products|senior export specialist in hides, skins and leather products|graduate import export specialist in hides, skins and leather products|international trade compliance specialist in hides, skins and leather products|customs compliance specialist in hides, skins and leather products|trainee import export specialist in hides, skins and leather products|senior import export specialist in hides, skins and leather products|trainee export specialist in hides, skins and leather products|graduate import specialist in hides, skins and leather products|assistant import specialist in hides, skins and leather products"
aquaculture quality supervisor,supervisor of aquaculture quality|fish farming supervisor|aquaculture quality manager
train attendant,train on-board staff member|train steward|train on-board stewardess|train on-board steward|train on-board customer service representative|train stewardess|train customer service representative
tree surgeon,arboriculturist|arborist|tree surgeon and climber|tree surgeon & climber|tree surgeon/climber|pruner|tree pruner
forestry adviser,woodland manager|forestry advisers|forestry consultant|silviculturist|woodland consultant|forestry advisor
motor vehicle body assembler,bus body assembler|lorry body assembler|car body assembler|coach body assembler|vehicle production body assembler|motorcycle body assembler|truck body assembler
port coordinator,port terminal manager|port operations manager|coordinator of port operations|port operations coordinator|port terminal supervisor|port operations supervisor|terminal supervisor
social pedagogue,social outreach worker|practitioner in social pedagogy|community social pedagogue|community education practitioner|qualified social pedagogue|social pedagogy practitioner|social pedagogy project worker|cultural animator|social educator|community educator|social pedagogue cultural animation|social pedagogy team worker|social work pedagogue|socio-cultural animator
metrologist,metrology technician|machine assembly calibration technician|laboratory calibration technician|calibration technician|electronics calibration technician|lab calibration technician|metrology research engineer|optical 3d metrology engineer|metrology technologist
child day care centre manager,child daycare centre manager|child daycare centre coordinator|after school day care coordinator|childcare centre manager|child day care centre administrator|before school daycare coordinator|child day care center manager
natural resources consultant,natural resource consultant|natural resources adviser|natural resources specialist|natural resources expert|resources consultant
desalination technician,desalination plant technician|desalination equipment operator|water treatment plant technician|water treatment plants technician|operator of desalination plant|desalination technicians
foreign exchange broker,forex trader|broker in foreign exchange|forex broker|fx broker
housekeeping supervisor,head housekeeping manager|head housekeeper|deputy head housekeeper|head of housekeeping|deputy head housekeeping manager|housekeeping coordinator|housekeeping manager|executive housekeeper
construction manager,development project cost manager|construction project manager|development project cost consultant|construction project cost consultant|construction cost consultant
user experience analyst,user experience officer|usability analyst|user experience analysts
cultural archive manager,archive manager|cultural archive and records manager|archivist|cultural records manager|cultural archive services manager|archivist and records manager|cultural archive administrator
modern languages teacher secondary school,modern languages teacher|teacher of modern languages in high school|modern languages high school teacher|modern languages teacher high school|modern languages teacher in secondary school|secondary school teacher of modern languages|secondary school modern languages tutor|modern languages tutor secondary school|high school modern languages teacher|teacher of modern languages in secondary schools
drainage worker,drainage groundworker|drainage pipe layer|deep drainage operative|pipelayer|drainage installer|drainage operative|drainage system installer|deep drainage worker|groundwater drainage worker|groundwater drainage operative
gaming dealer,gaming operations dealer|table gaming dealer|casinio gaming dealer|casino dealer|croupier|game dealer|game operator|dealer|gaming operator
geology technician,geological and petroleum technician|mining technician|mineral technician|mine production techician|geo-technician|geoscience technician|geological engineering technician|geophysical data technician|geological technician|material sampler|geophysical technician|geo-mechanics technician|mineral industry sampler|minerals survey technician|mine surveying technician|geological survey technician|mineralogy technician
surface treatment operator,surface treatment worker|surface coatings technician|anti- corrosion surface treatment operative|vessel painter|marine vessel painter|anti- corrosion surface treatment operator|anti- corrosion surface treatment worker|ship painter|surface treatment technician|surface treatment operative|anti-corrosion paint technician
furniture finisher,furniture polisher|wooden furniture sander|wooden furniture stainer|wooden furniture varnisher|furniture machine finisher|wood furniture sprayer|furniture finishing operative|furniture finishing technician|furniture sprayer|wooden furniture painter|furniture stainer|furniture painter|wooden furniture production worker|wooden furniture production operative|furniture varnisher|wooden furniture finisher|furniture sander|french polisher|furniture hand finisher|wood furniture varnisher|furniture finishing worker|wood furniture painter|wooden furniture polisher|wood furniture stainer|wood furniture finisher
building construction worker,construction worker|construction site labourer|construction site worker|mechanical construction worker|building site labourer|construction labourer|building site worker|electrical construction worker|building construction labourer|installation and commissioning construction worker|civil construction worker
classical languages lecturer,lecturer in classical languages|lecturer of classical languages|classical languages lector|lecturer in greek and latin language|classical studies lecturer|greek and latin professor|classics lecturer|classical languages docent|instructor in classical languages|university classical languages teacher|classical languages instructor|classical studies lector|lecturer in greek language|university classical languages lecturer|lecturer in latin language|classics lector|greek and latin docent|greek and latin lecturer|professor of classical languages|higher education classical languages teacher|greek and latin instructor|university lecturer in classical languages|greek and latin teacher|classical languages professor
calculation engineer,process engineer|structural engineer|simulation calculation engineer|computational engineer|piping calculation engineer|process modelling engineer|stress calculation engineer|supports and structural calculation engineer|technical engineer|pipe stress calculation engineer|structural calculation engineer
aquaculture harvesting worker,harvesting worker|aquatic animals harvesting worker|fish farming harvesting worker
forestry technician,foresty supervisor|forestry operations technician|forestry technologist|forestry operations technologist|forestry technician for digitalisation and bioeconomy|forestry foreman|forestry operations foreman|forestry operations forewoman|forestry forewoman|forestry operations supervisor
animal trainer,cat behaviourist|dog training specialist|animal behaviour trainer|canine training specialist|pet trainer|animal behaviour training specialist|animal trainers|canine trainer|zoo animal trainer
airport director,finance director|airside and expansions operations director|terminal operations manager|airport security compliance manager|airport manager|aerodrome section director|airport section director|airport security manager|customer relations and service director|station manager|aerodrome section manager|airport environmental operations manager|airport duty manager|baggage programme director|director of tax
futures trader,spreader|futures contracts manager|arbitrageur
life coach,life mentor|personal development counsellor|life coaches
paperboard products assembler,cardboard products assembly operator|paper plate maker|cardboard box constructor|corrugated box assembler|corrugated box maker|craft board maker|cardboard products assembly operative|corrugated box cutter|cardboard box maker|corrugated box constructor|paperboard products constructor|paperboard products maker|paperboard products assembly worker|cardboard products assembly worker|cardboard box assembler|paperboard products assembly operator|paperboard products assembly operative
international student exchange coordinator,student exchange officer|coordinator of international student exchange|student exchange director|international exchange officer|international exchange director|international exchange coordinator|student exchange coordinator
coagulation operator,coagulation worker|latex coagulation operator|rubber production process operator|rubber production process machine operator|rubber coagulation operative|rubber production process machine operative|rubber coagulation operator|coagulation operative|rubber production process machine worker|latex coagulation worker|rubber coagulation worker|latex coagulation operative
mine mechanical engineer,mine operations manager|mechanical engineer (mining)
blacksmith,foundry patternmaker technician|patternmaking operator|sheet metal technician|artisan blacksmith|forgeworker|sheet metal apprentice|forge worker|heritage blacksmith|foundry moulding operator|patternmaking technician|craft blacksmith|horseshoe maker|sheet metal operative|smith|ornamental blacksmith
water engineer,water resource engineer|hydraulic engineer|water systems engineer|water management specialist
import export manager in chemical products,senior export manager in chemical products|assistant import manager in chemical products|assistant import export manager in chemical products|international trade compliance manager in chemical products|trainee import manager in chemical products|assistant export manager in chemical products|senior import manager in chemical products|graduate import manager in chemical products|international trade manager in chemical products|graduate import export manager in chemical products|trainee export manager in chemical products|graduate export manager in chemical products|customs compliance manager in chemical products|trainee import export manager in chemical products|senior import export manager in chemical products
investment clerk,investment administrator|investment secretary|investment assistant
milliner,custom headwear manufacturer|hatter|headwear manufacturer|headgear manufacturer|hat maker
textile sourcing merchandiser,textile merchandiser|textile sourcing specialist|textile merchandise manager|fabric purchasing manager|textile purchasing manager|textile sourcer merchandiser
integrated circuit design engineer,integrated circuit engineer|mixed signal ic design engineer|analog design engineer|engineer of integrated circuits|integrated circuit designer|analog and mixed signal design engineer|ic designer|analog ic design engineer|designer of integrated circuits
punch press operator,punch machine operator|cnc punch operator|press brake operator|press punch inspector|plastic punch press operator|punch press brake operator|punchpress operator|press punch setter|press operative|punch press operative|punchpress worker|turret punch press operative|punchpress operative|punch press worker|press setter|press brake operative|press brake setter/operator|cnc turret machine operator|injection moulding machine operative|cnc laser punchpress operative|cnc punch press brake operator|press brake setter|cnc laser punch press operator|centre punch operator|cnc press brake operator|cnc punchpress operative|press punch operative|plastic press operator|press inspector|cnc punch press operator|turret punch press operator|punch machine setter|brake press setter
solar energy sales consultant,industrial solar energy sales consultant|solar power sales representative|solar energy sales advisor|solar power sales advisor|domestic solar energy sales consultant|solar sales advisor|solar energy sales representative|solar sales consultant|domestic solar power sales consultant|solar power sales assistant|solar energy sales assistant|industrial solar power sales consultant|solar sales assistant|solar sales representative
solid waste operator,solid waste collection technician|waste treatment equipment worker|landfill site operative|solid waste disposal technician|waste disposal compliance technician|solid waste processing technician|waste disposal site compliance technician|waste sorter|waste treatment equipment operative|landfill technician|waste treatment equipment operator|solid waste remediation technician|solid waste treatment technician|landfill site worker
rolling stock electrician,rolling stock builder|rail workshop engineering technician|wagon electrician|locomotive builder|railway workshop engineering technician|electrical train electrician|rail electrician|depot electrician|railway depot electrician|locomotive electrician|carriage builder|wagon builder|railway vehicle builder|multiple unit electrician|railway electrician|carriage electrician|railway vehicle electrician|rail vehicle builder|railcar builder|rail depot electrician|rail vehicle electrician|multiple unit builder|workshop engineering technician|railcar electrician
wholesale merchant in fruit and vegetables,b2b sales consultant in fruit and vegetables|wholesale trader in fruit and vegetables|wholesale buyer in fruit and vegetables|business to business sales consultant in fruit and vegetables|business to business seller in fruit and vegetables|assistant wholesale merchant in fruit and vegetables|trainee wholesale merchant in fruit and vegetables|senior wholesale merchant in fruit and vegetables|wholesale merchandiser in fruit and vegetables|wholesaler in fruit and vegetables|graduate wholesale merchant in fruit and vegetables
psychic,channeller|sensitive|psychic reader|palm-reader|clairvoyant|mental telepathist|telepath|mind-reader|palmist
industrial quality manager,industrial quality supervisor|quality control industrial engineer|industrial quality control technologist|industrial quality assessment manager|industrial quality control manager|industrial quality control testing supervisor|engineering and quality control manager
bomb disposal technician,minesweeper|bomb disposal expert|armed forces soldier|bomb disposal officer|ordnance technician|sapper|mine disposal technician
critic,blogger|reviewer|theater critic|film critic|tv critic|art critic|architecture critic|cinema critic|television critic|literary critic|food critic|music critic|game critic|architecture & design critic|theatre critic
electric meter technician,electricity meter test technician|electric meter installer|electricity meter installation technician|electricity meter maintenance operative|smart meter installer|electricity meter installer|electric meter maintenance worker|electricity meter maintenance worker|smart meter technician|electric meter test technician|electricity meter technician|electric meter maintenance operative|electric meter installation technician
application engineer,application technology engineering specialist|application engineering consultant|application technology engineer|electric vehicles application engineer|applied research engineer|application engineering specialist|application technology engineering adviser|bess application engineer|application engineering adviser|application technology engineering expert|applied engineer|application technology engineering consultant|application engineering expert
live chat operator,virtual chat operator|virtual chat agent|online chat agent|live chat agent|real time chat operator|online chat operator
recreation policy officer,recreation policy advisor|sports policy advisor|sports and recreation policy officer|sports and recreation policy specialist|sports and recreation policy analyst|recreation policy specialist|sports and recreation policy advisor|sports and recreation policy researcher|sports policy officer|sport and recreation policy officer
corporate lawyer,intellectual property lawyer|business lawyer|patent lawyer|business solicitor|corporate counsel|corporate advocate|trademark lawyer|corporation lawyer|corporate attorney|company solicitor|corporate solicitor
ict business analyst,requirement engineer|business process specialist|it business analyst|ict business analysts
broadcast technician,radio and tv technician|broadcast technicians|broadcast engineering technician|broadcasting engineer|broadcasting technician|broadcast transmitting technician|broadcast transmitting equipment operator|broadcasting equipment operator|broadcast transmitter operator
air pollution analyst,environmental analyst|air quality consultant|air environment technician|air quality monitoring technician|air quality technician|air quality field technican|air quality technologist
chemistry teacher secondary school,secondary school teacher of chemistry|high school chemistry teacher|chemistry studies high school teacher|chemistry studies teacher in secondary school|teacher of chemistry in secondary schools|chemistry teacher high school|secondary school chemistry tutor|chemistry tutor secondary school
community development social worker,social development worker|community advocate|social worker-community development|community animateur|community development team leader|community development support worker
renewable energy sales representative,renewable energy sales rep|alternative energy seller|alternative energy sales rep|renewable energy sales promoter|renewable energy salesperson|alternative energy sales promoter|alternative energy saleswoman|alternative energy salesperson|renewable energy sales negotiator|renewable energy seller|residential renewable energy sales representative|renewable energy salesman|renewable energy saleswoman|alternative energy sales negotiator|residential alternative energy sales representative|alternative energy sales consultant|alternative energy salesman|renewable energy sales consultant
pastry maker,pastry production operator|pastry production worker|pastry cook
zoology technician,zookeeper|zoologist|wildlife biologist|wildlife manager|zoology lab technician|zoological technician|zoology field technician|zoology researcher|animal behaviorist|animal health technician|zoology laboratory technician|zoology research technician|wildlife health technician|animal researcher
cosmetics production machine operator,cosmetics production machine operative|cosmetics production worker|cosmetics production operator|cosmetics production machine worker|cosmetics production operative|cosmetics plant worker|cosmetics production machine tender|cosmetics factory worker
fisheries boatmaster,boatmaster|boat captain|fishery boatmaster|local fishery boatmaster|coastal skipper|coastal fisheries boatmaster|local boatmaster
demographer,demographers|demography studies scientist|demography scholar|demography scientist|demography studies research scientist|demography analyst|demography researcher|demography studies analyst|demography studies research analyst|demography science researcher|demography research scientist|demography studies researcher|demography research analyst|demography studies scholar|field demographer
sorter labourer,recycling site sorter labourer|grader|textile sorter|sort belt operative|recycler|recycling metal sorter|recycling site sorter|sorter laborer|yard operative|sort line operative|recycling site labourer|yard labourer|sorter
armoured car guard,car escort|armoured van guard|armoured car security guard|armored car guard|armoured truck escort|truck escort|armoured truck guard|armoured car escort|armoured van escort|van escort
civil service administrative officer,government administrative officer|local authority administrator|public administrative officer
motor vehicle assembler,motor vehicle assemblies tester|car factory worker|motor vehicle assembly inspector|car builder|truck builder|car assembler|truck production line worker|lorry assembler|lorry builder|car production line worker|motor vehicle body builder|lorry production line worker|motor vehicle builder|automobile assembler|auto assembler|motor vehicle assemblies inspector|car factory operative|motor vehicle assembly tester
